"Customer.ID","Age","Gender","Item.Purchased","Category","Purchase.Amount..USD.","Location","Size","Color","Season","Review.Rating","Subscription.Status","Shipping.Type","Discount.Applied","Promo.Code.Used","Previous.Purchases","Payment.Method","Frequency.of.Purchases","Age.Group","CategoryAccessories","CategoryClothing","CategoryFootwear","CategoryOuterwear","SeasonFall","SeasonSpring","SeasonSummer","SeasonWinter","Shipping.Type2-Day Shipping","Shipping.TypeExpress","Shipping.TypeFree Shipping","Shipping.TypeNext Day Air","Shipping.TypeStandard","Shipping.TypeStore Pickup","Payment.MethodBank Transfer","Payment.MethodCash","Payment.MethodCredit Card","Payment.MethodDebit Card","Payment.MethodPayPal","Payment.MethodVenmo","Frequency.of.PurchasesAnnually","Frequency.of.PurchasesBi-Weekly","Frequency.of.PurchasesEvery 3 Months","Frequency.of.PurchasesFortnightly","Frequency.of.PurchasesMonthly","Frequency.of.PurchasesQuarterly","Frequency.of.PurchasesWeekly"
1,0.711538461538462,1,"Blouse","Clothing",0.4125,"Kentucky",3,"Gray","Winter",0.24,1,"Express",1,1,0.26530612244898,"Venmo","Fortnightly","Senior",0,1,0,0,0,0,0,1,0,1,0,0,0,0,0,0,0,0,0,1,0,0,0,1,0,0,0
2,0.0192307692307692,1,"Sweater","Clothing",0.55,"Maine",3,"Maroon","Winter",0.24,1,"Express",1,1,0.0204081632653061,"Cash","Fortnightly","Young Adult",0,1,0,0,0,0,0,1,0,1,0,0,0,0,0,1,0,0,0,0,0,0,0,1,0,0,0
3,0.615384615384615,1,"Jeans","Clothing",0.6625,"Massachusetts",1,"Maroon","Spring",0.24,1,"Free Shipping",1,1,0.448979591836735,"Credit Card","Weekly","Middle Age",0,1,0,0,0,1,0,0,0,0,1,0,0,0,0,0,1,0,0,0,0,0,0,0,0,0,1
4,0.0576923076923077,1,"Sandals","Footwear",0.875,"Rhode Island",2,"Maroon","Spring",0.4,1,"Next Day Air",1,1,0.979591836734694,"PayPal","Weekly","Young Adult",0,0,1,0,0,1,0,0,0,0,0,1,0,0,0,0,0,0,1,0,0,0,0,0,0,0,1
5,0.519230769230769,1,"Blouse","Clothing",0.3625,"Oregon",2,"Turquoise","Spring",0.0800000000000001,1,"Free Shipping",1,1,0.612244897959184,"PayPal","Annually","Middle Age",0,1,0,0,0,1,0,0,0,0,1,0,0,0,0,0,0,0,1,0,1,0,0,0,0,0,0
6,0.538461538461538,1,"Sneakers","Footwear",0,"Wyoming",2,"White","Summer",0.16,1,"Standard",1,1,0.26530612244898,"Venmo","Weekly","Middle Age",0,0,1,0,0,0,1,0,0,0,0,0,1,0,0,0,0,0,0,1,0,0,0,0,0,0,1
7,0.865384615384615,1,"Shirt","Clothing",0.8125,"Montana",2,"Gray","Fall",0.28,1,"Free Shipping",1,1,0.979591836734694,"Cash","Quarterly","Senior",0,1,0,0,1,0,0,0,0,0,1,0,0,0,0,1,0,0,0,0,0,0,0,0,0,1,0
8,0.173076923076923,1,"Shorts","Clothing",0.175,"Louisiana",3,"Charcoal","Winter",0.28,1,"Free Shipping",1,1,0.36734693877551,"Credit Card","Weekly","Adult",0,1,0,0,0,0,0,1,0,0,1,0,0,0,0,0,1,0,0,0,0,0,0,0,0,0,1
9,0.153846153846154,1,"Coat","Outerwear",0.9625,"West Virginia",3,"Silver","Summer",0.04,1,"Express",1,1,0.142857142857143,"Venmo","Annually","Adult",0,0,0,1,0,0,1,0,0,1,0,0,0,0,0,0,0,0,0,1,1,0,0,0,0,0,0
10,0.75,1,"Handbag","Accessories",0.1375,"Missouri",2,"Pink","Spring",0.92,1,"2-Day Shipping",1,1,0.0612244897959184,"Cash","Quarterly","Senior",1,0,0,0,0,1,0,0,1,0,0,0,0,0,0,1,0,0,0,0,0,0,0,0,0,1,0
11,0.673076923076923,1,"Shoes","Footwear",0.175,"Arkansas",3,"Purple","Fall",0.64,1,"Store Pickup",1,1,0.510204081632653,"Bank Transfer","Bi-Weekly","Senior",0,0,1,0,1,0,0,0,0,0,0,0,0,1,1,0,0,0,0,0,0,1,0,0,0,0,0
12,0.230769230769231,1,"Shorts","Clothing",0.6,"Hawaii",1,"Olive","Winter",0.96,1,"Store Pickup",1,1,0.183673469387755,"Bank Transfer","Fortnightly","Adult",0,1,0,0,0,0,0,1,0,0,0,0,0,1,1,0,0,0,0,0,0,0,0,1,0,0,0
13,0.826923076923077,1,"Coat","Outerwear",0.65,"Delaware",2,"Gold","Winter",0.8,1,"Express",1,1,0.73469387755102,"Venmo","Fortnightly","Senior",0,0,0,1,0,0,0,1,0,1,0,0,0,0,0,0,0,0,0,1,0,0,0,1,0,0,0
14,0.903846153846154,1,"Dress","Clothing",0.3875,"New Hampshire",2,"Violet","Spring",0.88,1,"Express",1,1,0.612244897959184,"PayPal","Weekly","Senior",0,1,0,0,0,1,0,0,0,1,0,0,0,0,0,0,0,0,1,0,0,0,0,0,0,0,1
15,0.884615384615385,1,"Coat","Outerwear",0.4125,"New York",3,"Teal","Winter",0.88,1,"Free Shipping",1,1,0.673469387755102,"Debit Card","Weekly","Senior",0,0,0,1,0,0,0,1,0,0,1,0,0,0,0,0,0,1,0,0,0,0,0,0,0,0,1
16,0.884615384615385,1,"Skirt","Clothing",0.7625,"Rhode Island",2,"Teal","Winter",0.12,1,"Store Pickup",1,1,0.142857142857143,"PayPal","Monthly","Senior",0,1,0,0,0,0,0,1,0,0,0,0,0,1,0,0,0,0,1,0,0,0,0,0,1,0,0
17,0.134615384615385,1,"Sunglasses","Accessories",0.2,"Alabama",1,"Gray","Spring",0.64,1,"Next Day Air",1,1,0.877551020408163,"Debit Card","Bi-Weekly","Young Adult",1,0,0,0,0,1,0,0,0,0,0,1,0,0,0,0,0,1,0,0,0,1,0,0,0,0,0
18,0.673076923076923,1,"Dress","Clothing",0.225,"Mississippi",4,"Lavender","Winter",0.88,1,"2-Day Shipping",1,1,0.714285714285714,"Venmo","Quarterly","Senior",0,1,0,0,0,0,0,1,1,0,0,0,0,0,0,0,0,0,0,1,0,0,0,0,0,1,0
19,0.653846153846154,1,"Sweater","Clothing",0.35,"Montana",1,"Black","Summer",0.84,1,"Free Shipping",1,1,0.326530612244898,"Cash","Weekly","Senior",0,1,0,0,0,0,1,0,0,0,1,0,0,0,0,1,0,0,0,0,0,0,0,0,0,0,1
20,0.923076923076923,1,"Pants","Clothing",0.875,"Rhode Island",2,"Green","Summer",0.32,1,"Standard",1,1,0.918367346938776,"Debit Card","Bi-Weekly","Senior",0,1,0,0,0,0,1,0,0,0,0,0,1,0,0,0,0,1,0,0,0,1,0,0,0,0,0
21,0.0576923076923077,1,"Pants","Clothing",0.3875,"Louisiana",2,"Black","Winter",0.12,1,"Express",1,1,1,"Cash","Every 3 Months","Young Adult",0,1,0,0,0,0,0,1,0,1,0,0,0,0,0,1,0,0,0,0,0,0,1,0,0,0,0
22,0.25,1,"Pants","Clothing",0.525,"North Carolina",2,"Charcoal","Winter",0.64,1,"Store Pickup",1,1,0.428571428571429,"Debit Card","Quarterly","Adult",0,1,0,0,0,0,0,1,0,0,0,0,0,1,0,0,0,1,0,0,0,0,0,0,0,1,0
23,0.730769230769231,1,"Pants","Clothing",0.2125,"California",2,"Peach","Summer",0.28,1,"Store Pickup",1,1,0.63265306122449,"Debit Card","Annually","Senior",0,1,0,0,0,0,1,0,0,0,0,0,0,1,0,0,0,1,0,0,1,0,0,0,0,0,0
24,0.25,1,"Pants","Clothing",0.85,"Oklahoma",4,"White","Winter",0.76,1,"Express",1,1,0.795918367346939,"Credit Card","Weekly","Adult",0,1,0,0,0,0,0,1,0,1,0,0,0,0,0,0,1,0,0,0,0,0,0,0,0,0,1
25,0,1,"Jacket","Outerwear",0.025,"Florida",2,"Green","Fall",0.16,1,"Store Pickup",1,1,0.306122448979592,"Debit Card","Weekly","Young Adult",0,0,0,1,1,0,0,0,0,0,0,0,0,1,0,0,0,1,0,0,0,0,0,0,0,0,1
26,0,1,"Hoodie","Clothing",0.0625,"Texas",2,"Silver","Summer",0.44,1,"Express",1,1,0.26530612244898,"PayPal","Annually","Young Adult",0,1,0,0,0,0,1,0,0,1,0,0,0,0,0,0,0,0,1,0,1,0,0,0,0,0,0
27,0.384615384615385,1,"Jewelry","Accessories",0,"Nevada",2,"Red","Spring",0.44,1,"Next Day Air",1,1,0.244897959183673,"Credit Card","Annually","Middle Age",1,0,0,0,0,1,0,0,0,0,0,1,0,0,0,0,1,0,0,0,1,0,0,0,0,0,0
28,0.730769230769231,1,"Shorts","Clothing",0.45,"Kentucky",3,"Cyan","Summer",1,1,"Next Day Air",1,1,0.122448979591837,"Bank Transfer","Every 3 Months","Senior",0,1,0,0,0,0,1,0,0,0,0,1,0,0,1,0,0,0,0,0,0,0,1,0,0,0,0
29,0.692307692307692,1,"Handbag","Accessories",0.925,"North Carolina",2,"Gray","Fall",0.76,1,"Free Shipping",1,1,0.816326530612245,"PayPal","Every 3 Months","Senior",1,0,0,0,1,0,0,0,0,0,1,0,0,0,0,0,0,0,1,0,0,0,1,0,0,0,0
30,0.25,1,"Dress","Clothing",0.35,"Wyoming",1,"Black","Fall",0.64,1,"Store Pickup",1,1,0.26530612244898,"Credit Card","Weekly","Adult",0,1,0,0,1,0,0,0,0,0,0,0,0,1,0,0,1,0,0,0,0,0,0,0,0,0,1
31,0.75,1,"Jewelry","Accessories",0.1375,"North Carolina",3,"Black","Winter",0.88,1,"Standard",1,1,0.306122448979592,"Credit Card","Monthly","Senior",1,0,0,0,0,0,0,1,0,0,0,0,1,0,0,0,1,0,0,0,0,0,0,0,1,0,0
32,0.288461538461538,1,"Dress","Clothing",0.7375,"West Virginia",3,"Brown","Winter",0.88,1,"Store Pickup",1,1,0.897959183673469,"Venmo","Monthly","Adult",0,1,0,0,0,0,0,1,0,0,0,0,0,1,0,0,0,0,0,1,0,0,0,0,1,0,0
33,0.346153846153846,1,"Jacket","Outerwear",0.5875,"Kansas",2,"Silver","Summer",0.96,1,"Free Shipping",1,1,0.73469387755102,"Venmo","Annually","Middle Age",0,0,0,1,0,0,1,0,0,0,1,0,0,0,0,0,0,0,0,1,1,0,0,0,0,0,0
34,0.692307692307692,1,"Pants","Clothing",0.225,"Colorado",3,"Green","Summer",0.32,1,"Store Pickup",1,1,0.897959183673469,"Cash","Quarterly","Senior",0,1,0,0,0,0,1,0,0,0,0,0,0,1,0,1,0,0,0,0,0,0,0,0,0,1,0
35,0.346153846153846,1,"T-shirt","Clothing",0.8875,"North Dakota",3,"Violet","Spring",0.84,1,"2-Day Shipping",1,1,0.755102040816326,"PayPal","Quarterly","Middle Age",0,1,0,0,0,1,0,0,1,0,0,0,0,0,0,0,0,0,1,0,0,0,0,0,0,1,0
36,0.692307692307692,1,"Blouse","Clothing",0.1625,"Massachusetts",2,"Cyan","Summer",0.6,1,"2-Day Shipping",1,1,0.959183673469388,"Credit Card","Bi-Weekly","Senior",0,1,0,0,0,0,1,0,1,0,0,0,0,0,0,0,1,0,0,0,0,1,0,0,0,0,0
37,0.326923076923077,1,"T-shirt","Clothing",0.6125,"Illinois",2,"Maroon","Winter",0.84,1,"Free Shipping",1,1,0.877551020408163,"PayPal","Fortnightly","Adult",0,1,0,0,0,0,0,1,0,0,1,0,0,0,0,0,0,0,1,0,0,0,0,1,0,0,0
38,0.326923076923077,1,"Jeans","Clothing",0.3125,"Indiana",1,"Cyan","Summer",0.12,1,"Store Pickup",1,1,0.183673469387755,"PayPal","Weekly","Adult",0,1,0,0,0,0,1,0,0,0,0,0,0,1,0,0,0,0,1,0,0,0,0,0,0,0,1
39,0.211538461538462,1,"Dress","Clothing",0.2125,"Florida",2,"Red","Winter",0.52,1,"2-Day Shipping",1,1,0.877551020408163,"Venmo","Every 3 Months","Adult",0,1,0,0,0,0,0,1,1,0,0,0,0,0,0,0,0,0,0,1,0,0,1,0,0,0,0
40,1,1,"Pants","Clothing",0.5,"Arizona",1,"Turquoise","Summer",0.68,1,"Express",1,1,0.346938775510204,"Credit Card","Monthly","Senior",0,1,0,0,0,0,1,0,0,1,0,0,0,0,0,0,1,0,0,0,0,0,0,0,1,0,0
41,0.980769230769231,1,"Handbag","Accessories",0.7,"Louisiana",3,"Beige","Winter",0.84,1,"Next Day Air",1,1,0.612244897959184,"Debit Card","Quarterly","Senior",1,0,0,0,0,0,0,1,0,0,0,1,0,0,0,0,0,1,0,0,0,0,0,0,0,1,0
42,0.942307692307692,1,"Scarf","Accessories",0.2375,"Alaska",2,"Orange","Spring",0.8,1,"Standard",1,1,0.795918367346939,"Venmo","Annually","Senior",1,0,0,0,0,1,0,0,0,0,0,0,1,0,0,0,0,0,0,1,1,0,0,0,0,0,0
43,0.0384615384615385,1,"Coat","Outerwear",1,"Tennessee",2,"Beige","Spring",0.64,1,"Free Shipping",1,1,0.285714285714286,"PayPal","Annually","Young Adult",0,0,0,1,0,1,0,0,0,0,1,0,0,0,0,0,0,0,1,0,1,0,0,0,0,0,0
44,0.134615384615385,1,"Scarf","Accessories",0.6125,"Ohio",3,"Lavender","Fall",0.48,1,"Store Pickup",1,1,0.36734693877551,"PayPal","Fortnightly","Young Adult",1,0,0,0,1,0,0,0,0,0,0,0,0,1,0,0,0,0,1,0,0,0,0,1,0,0,0
45,0.403846153846154,1,"Hat","Accessories",0.4125,"Kentucky",1,"Silver","Summer",0.84,1,"Free Shipping",1,1,0.897959183673469,"PayPal","Weekly","Middle Age",1,0,0,0,0,0,1,0,0,0,1,0,0,0,0,0,0,0,1,0,0,0,0,0,0,0,1
46,0.615384615384615,1,"Socks","Clothing",0.0125,"Tennessee",4,"Indigo","Fall",0.16,1,"2-Day Shipping",1,1,0.489795918367347,"PayPal","Annually","Middle Age",0,1,0,0,1,0,0,0,1,0,0,0,0,0,0,0,0,0,1,0,1,0,0,0,0,0,0
47,0.75,1,"Shirt","Clothing",0.2875,"California",3,"White","Summer",0.16,1,"Store Pickup",1,1,0.897959183673469,"Cash","Quarterly","Senior",0,1,0,0,0,0,1,0,0,0,0,0,0,1,0,1,0,0,0,0,0,0,0,0,0,1,0
48,0.711538461538462,1,"Jewelry","Accessories",0.425,"Montana",2,"Charcoal","Winter",0.8,1,"Free Shipping",1,1,0.714285714285714,"Cash","Weekly","Senior",1,0,0,0,0,0,0,1,0,0,1,0,0,0,0,1,0,0,0,0,0,0,0,0,0,0,1
49,0.461538461538462,1,"Shirt","Clothing",0.4375,"Nevada",2,"Orange","Summer",0.0800000000000001,1,"Store Pickup",1,1,0.755102040816326,"Cash","Monthly","Middle Age",0,1,0,0,0,0,1,0,0,0,0,0,0,1,0,1,0,0,0,0,0,0,0,0,1,0,0
50,0.961538461538462,1,"Hoodie","Clothing",0.125,"New Jersey",1,"Indigo","Spring",0.84,1,"Next Day Air",1,1,0.673469387755102,"Debit Card","Bi-Weekly","Senior",0,1,0,0,0,1,0,0,0,0,0,1,0,0,0,0,0,1,0,0,0,1,0,0,0,0,0
51,0.596153846153846,1,"Blouse","Clothing",0.1,"Maryland",2,"Red","Spring",0.52,1,"Store Pickup",1,1,0.775510204081633,"Debit Card","Bi-Weekly","Middle Age",0,1,0,0,0,1,0,0,0,0,0,0,0,1,0,0,0,1,0,0,0,1,0,0,0,0,0
52,0.788461538461538,1,"Skirt","Clothing",0.4875,"Vermont",4,"Gray","Winter",0.88,1,"2-Day Shipping",1,1,0.122448979591837,"Credit Card","Quarterly","Senior",0,1,0,0,0,0,0,1,1,0,0,0,0,0,0,0,1,0,0,0,0,0,0,0,0,1,0
53,0.461538461538462,1,"T-shirt","Clothing",0,"Alaska",2,"Green","Summer",0.04,1,"Free Shipping",1,1,0.510204081632653,"Credit Card","Weekly","Middle Age",0,1,0,0,0,0,1,0,0,0,1,0,0,0,0,0,1,0,0,0,0,0,0,0,0,0,1
54,0.211538461538462,1,"Skirt","Clothing",0.05,"Mississippi",1,"Peach","Winter",0.56,1,"Next Day Air",1,1,0.693877551020408,"Credit Card","Weekly","Adult",0,1,0,0,0,0,0,1,0,0,0,1,0,0,0,0,1,0,0,0,0,0,0,0,0,0,1
55,0.557692307692308,1,"Coat","Outerwear",0.925,"New Mexico",2,"Brown","Summer",0.68,1,"Next Day Air",1,1,0.693877551020408,"Debit Card","Bi-Weekly","Middle Age",0,0,0,1,0,0,1,0,0,0,0,1,0,0,0,0,0,1,0,0,0,1,0,0,0,0,0
56,0.423076923076923,1,"Jacket","Outerwear",0.1,"South Carolina",2,"Lavender","Winter",0.2,1,"2-Day Shipping",1,1,0.979591836734694,"Credit Card","Annually","Middle Age",0,0,0,1,0,0,0,1,1,0,0,0,0,0,0,0,1,0,0,0,1,0,0,0,0,0,0
57,0.442307692307692,1,"Backpack","Accessories",0.6625,"Mississippi",4,"Brown","Summer",0.88,1,"Store Pickup",1,1,0.918367346938776,"Credit Card","Weekly","Middle Age",1,0,0,0,0,0,1,0,0,0,0,0,0,1,0,0,1,0,0,0,0,0,0,0,0,0,1
58,0.0576923076923077,1,"Coat","Outerwear",0.55,"West Virginia",2,"White","Summer",0.76,1,"Store Pickup",1,1,0.326530612244898,"Debit Card","Fortnightly","Young Adult",0,0,0,1,0,0,1,0,0,0,0,0,0,1,0,0,0,1,0,0,0,0,0,1,0,0,0
59,0.980769230769231,1,"Hoodie","Clothing",0.425,"Missouri",2,"Charcoal","Summer",0.68,1,"Free Shipping",1,1,0.571428571428571,"Venmo","Monthly","Senior",0,1,0,0,0,0,1,0,0,0,1,0,0,0,0,0,0,0,0,1,0,0,0,0,1,0,0
60,0.865384615384615,1,"Belt","Accessories",0.7375,"Louisiana",3,"Yellow","Spring",0.84,1,"Standard",1,1,0.0612244897959184,"Debit Card","Weekly","Senior",1,0,0,0,0,1,0,0,0,0,0,0,1,0,0,0,0,1,0,0,0,0,0,0,0,0,1
61,0.615384615384615,1,"Sweater","Clothing",0.2125,"Idaho",3,"Brown","Summer",0.6,1,"Express",1,1,0.326530612244898,"Cash","Weekly","Middle Age",0,1,0,0,0,0,1,0,0,1,0,0,0,0,0,1,0,0,0,0,0,0,0,0,0,0,1
62,0.711538461538462,1,"Scarf","Accessories",0.6,"Texas",2,"Orange","Winter",0.88,1,"Store Pickup",1,1,0.408163265306122,"Credit Card","Every 3 Months","Senior",1,0,0,0,0,0,0,1,0,0,0,0,0,1,0,0,1,0,0,0,0,0,1,0,0,0,0
63,0.230769230769231,1,"Sneakers","Footwear",0.0125,"Mississippi",1,"Magenta","Spring",0.52,1,"Free Shipping",1,1,0.612244897959184,"Credit Card","Fortnightly","Adult",0,0,1,0,0,1,0,0,0,0,1,0,0,0,0,0,1,0,0,0,0,0,0,1,0,0,0
64,0.288461538461538,1,"Sunglasses","Accessories",0.7375,"Arizona",3,"Lavender","Winter",0.0800000000000001,1,"2-Day Shipping",1,1,0.857142857142857,"Credit Card","Weekly","Adult",1,0,0,0,0,0,0,1,1,0,0,0,0,0,0,0,1,0,0,0,0,0,0,0,0,0,1
65,0.903846153846154,1,"Boots","Footwear",0.7875,"Alabama",1,"Green","Fall",0.92,1,"Standard",1,1,0.346938775510204,"Debit Card","Fortnightly","Senior",0,0,1,0,1,0,0,0,0,0,0,0,1,0,0,0,0,1,0,0,0,0,0,1,0,0,0
66,0.903846153846154,1,"Backpack","Accessories",0.2,"New Jersey",2,"Purple","Spring",0.92,1,"2-Day Shipping",1,1,0.877551020408163,"Venmo","Every 3 Months","Senior",1,0,0,0,0,1,0,0,1,0,0,0,0,0,0,0,0,0,0,1,0,0,1,0,0,0,0
67,0.25,1,"Blouse","Clothing",0.925,"Pennsylvania",1,"Magenta","Winter",0.88,1,"2-Day Shipping",1,1,0.0408163265306122,"Venmo","Every 3 Months","Adult",0,1,0,0,0,0,0,1,1,0,0,0,0,0,0,0,0,0,0,1,0,0,1,0,0,0,0
68,0.519230769230769,1,"Coat","Outerwear",0.1625,"Connecticut",3,"Gray","Winter",0.76,1,"Store Pickup",1,1,0.979591836734694,"Debit Card","Monthly","Middle Age",0,0,0,1,0,0,0,1,0,0,0,0,0,1,0,0,0,1,0,0,0,0,0,0,1,0,0
69,0.75,1,"Handbag","Accessories",0.325,"Utah",3,"Silver","Summer",0.56,1,"Next Day Air",1,1,0.408163265306122,"Cash","Every 3 Months","Senior",1,0,0,0,0,0,1,0,0,0,0,1,0,0,0,1,0,0,0,0,0,0,1,0,0,0,0
70,0.576923076923077,1,"Belt","Accessories",0.625,"Tennessee",1,"Cyan","Summer",0.76,1,"Express",1,1,0.0816326530612245,"Cash","Weekly","Middle Age",1,0,0,0,0,0,1,0,0,1,0,0,0,0,0,1,0,0,0,0,0,0,0,0,0,0,1
71,0.0769230769230769,1,"Belt","Accessories",0.1125,"Alabama",2,"Magenta","Fall",0.68,1,"Express",1,1,0.63265306122449,"Debit Card","Every 3 Months","Young Adult",1,0,0,0,1,0,0,0,0,1,0,0,0,0,0,0,0,1,0,0,0,0,1,0,0,0,0
72,0.346153846153846,1,"Dress","Clothing",0.35,"Virginia",3,"Gold","Summer",0.16,1,"Express",1,1,0.673469387755102,"Bank Transfer","Annually","Middle Age",0,1,0,0,0,0,1,0,0,1,0,0,0,0,1,0,0,0,0,0,1,0,0,0,0,0,0
73,0,1,"Dress","Clothing",0.075,"Georgia",2,"Olive","Winter",0.16,1,"Store Pickup",1,1,0.408163265306122,"Bank Transfer","Every 3 Months","Young Adult",0,1,0,0,0,0,0,1,0,0,0,0,0,1,1,0,0,0,0,0,0,0,1,0,0,0,0
74,0.576923076923077,1,"Pants","Clothing",0.8125,"Hawaii",2,"Teal","Spring",0.0800000000000001,1,"Free Shipping",1,1,0.857142857142857,"Bank Transfer","Bi-Weekly","Middle Age",0,1,0,0,0,1,0,0,0,0,1,0,0,0,1,0,0,0,0,0,0,1,0,0,0,0,0
75,0.596153846153846,1,"Gloves","Accessories",0.475,"Indiana",3,"Violet","Spring",0.8,1,"Express",1,1,0.0408163265306122,"Cash","Monthly","Middle Age",1,0,0,0,0,1,0,0,0,1,0,0,0,0,0,1,0,0,0,0,0,0,0,0,1,0,0
76,0.884615384615385,1,"Scarf","Accessories",0.8125,"Utah",2,"Blue","Summer",0.0800000000000001,1,"Free Shipping",1,1,0.408163265306122,"Credit Card","Annually","Senior",1,0,0,0,0,0,1,0,0,0,1,0,0,0,0,0,1,0,0,0,1,0,0,0,0,0,0
77,0.615384615384615,1,"Hat","Accessories",0.2875,"Delaware",1,"Teal","Summer",0.68,1,"Free Shipping",1,1,0.63265306122449,"Venmo","Monthly","Middle Age",1,0,0,0,0,0,1,0,0,0,1,0,0,0,0,0,0,0,0,1,0,0,0,0,1,0,0
78,0.0769230769230769,1,"Dress","Clothing",0.4125,"Delaware",3,"Gold","Summer",0.32,1,"Next Day Air",1,1,0.714285714285714,"Debit Card","Fortnightly","Young Adult",0,1,0,0,0,0,1,0,0,0,0,1,0,0,0,0,0,1,0,0,0,0,0,1,0,0,0
79,0.615384615384615,1,"Skirt","Clothing",0.8875,"Nebraska",2,"Maroon","Spring",0.88,1,"Free Shipping",1,1,1,"Venmo","Fortnightly","Middle Age",0,1,0,0,0,1,0,0,0,0,1,0,0,0,0,0,0,0,0,1,0,0,0,1,0,0,0
80,0.384615384615385,1,"Jacket","Outerwear",0.95,"Iowa",2,"Olive","Winter",0.04,1,"2-Day Shipping",1,1,0.857142857142857,"Bank Transfer","Every 3 Months","Middle Age",0,0,0,1,0,0,0,1,1,0,0,0,0,0,1,0,0,0,0,0,0,0,1,0,0,0,0
81,0.0192307692307692,1,"Sandals","Footwear",0.65,"New York",4,"Blue","Summer",0.52,1,"Store Pickup",1,1,0.469387755102041,"Credit Card","Every 3 Months","Young Adult",0,0,1,0,0,0,1,0,0,0,0,0,0,1,0,0,1,0,0,0,0,0,1,0,0,0,0
82,0.942307692307692,1,"Shoes","Footwear",0.95,"Virginia",3,"Maroon","Summer",0.04,1,"Express",1,1,0.714285714285714,"Credit Card","Every 3 Months","Senior",0,0,1,0,0,0,1,0,0,1,0,0,0,0,0,0,1,0,0,0,0,0,1,0,0,0,0
83,0.0192307692307692,1,"Pants","Clothing",0.1,"Georgia",1,"Olive","Spring",0.6,1,"2-Day Shipping",1,1,0.408163265306122,"Credit Card","Every 3 Months","Young Adult",0,1,0,0,0,1,0,0,1,0,0,0,0,0,0,0,1,0,0,0,0,0,1,0,0,0,0
84,0.346153846153846,1,"Dress","Clothing",0.25,"Texas",2,"Turquoise","Summer",0.64,1,"Standard",1,1,0.673469387755102,"Bank Transfer","Weekly","Middle Age",0,1,0,0,0,0,1,0,0,0,0,0,1,0,1,0,0,0,0,0,0,0,0,0,0,0,1
85,0.653846153846154,1,"Coat","Outerwear",0.15,"Arizona",1,"Peach","Spring",0.76,1,"Standard",1,1,0.836734693877551,"Bank Transfer","Every 3 Months","Senior",0,0,0,1,0,1,0,0,0,0,0,0,1,0,1,0,0,0,0,0,0,0,1,0,0,0,0
86,0.673076923076923,1,"Sunglasses","Accessories",0.9375,"New Mexico",2,"Charcoal","Winter",0.8,1,"Next Day Air",1,1,0.0204081632653061,"Debit Card","Bi-Weekly","Senior",1,0,0,0,0,0,0,1,0,0,0,1,0,0,0,0,0,1,0,0,0,1,0,0,0,0,0
87,0.115384615384615,1,"Hoodie","Clothing",0.2625,"Nevada",3,"Pink","Spring",0.48,1,"2-Day Shipping",1,1,0.938775510204082,"Cash","Bi-Weekly","Young Adult",0,1,0,0,0,1,0,0,1,0,0,0,0,0,0,1,0,0,0,0,0,1,0,0,0,0,0
88,0.653846153846154,1,"Shoes","Footwear",0.4125,"Ohio",2,"Green","Fall",0.48,1,"2-Day Shipping",1,1,0.877551020408163,"Debit Card","Fortnightly","Senior",0,0,1,0,1,0,0,0,1,0,0,0,0,0,0,0,0,1,0,0,0,0,0,1,0,0,0
89,0.288461538461538,1,"T-shirt","Clothing",0.3375,"Wyoming",2,"Orange","Fall",0.4,1,"Free Shipping",1,1,0.693877551020408,"Credit Card","Monthly","Adult",0,1,0,0,1,0,0,0,0,0,1,0,0,0,0,0,1,0,0,0,0,0,0,0,1,0,0
90,0.557692307692308,1,"Jacket","Outerwear",0.7875,"California",4,"Pink","Fall",0.44,1,"Next Day Air",1,1,0.285714285714286,"Cash","Quarterly","Middle Age",0,0,0,1,1,0,0,0,0,0,0,1,0,0,0,1,0,0,0,0,0,0,0,0,0,1,0
91,0.134615384615385,1,"Hat","Accessories",0.35,"South Carolina",3,"Violet","Summer",0.16,1,"Express",1,1,0.571428571428571,"Credit Card","Monthly","Young Adult",1,0,0,0,0,0,1,0,0,1,0,0,0,0,0,0,1,0,0,0,0,0,0,0,1,0,0
92,0.5,1,"Scarf","Accessories",0.9875,"South Carolina",1,"Green","Winter",0.84,1,"Standard",1,1,0.346938775510204,"Credit Card","Every 3 Months","Middle Age",1,0,0,0,0,0,0,1,0,0,0,0,1,0,0,0,1,0,0,0,0,0,1,0,0,0,0
93,0.826923076923077,1,"Jacket","Outerwear",0.8375,"Texas",2,"Olive","Winter",0.76,1,"2-Day Shipping",1,1,0.244897959183673,"Venmo","Every 3 Months","Senior",0,0,0,1,0,0,0,1,1,0,0,0,0,0,0,0,0,0,0,1,0,0,1,0,0,0,0
94,0.365384615384615,1,"Sweater","Clothing",0.525,"Florida",2,"Purple","Fall",0.8,1,"Standard",1,1,0.918367346938776,"Credit Card","Weekly","Middle Age",0,1,0,0,1,0,0,0,0,0,0,0,1,0,0,0,1,0,0,0,0,0,0,0,0,0,1
95,0.769230769230769,1,"Skirt","Clothing",0.7,"Nevada",1,"Silver","Spring",0.84,1,"Free Shipping",1,1,0.551020408163265,"Credit Card","Weekly","Senior",0,1,0,0,0,1,0,0,0,0,1,0,0,0,0,0,1,0,0,0,0,0,0,0,0,0,1
96,0.365384615384615,1,"Sneakers","Footwear",1,"Missouri",3,"Pink","Fall",0.52,1,"Free Shipping",1,1,0.959183673469388,"PayPal","Monthly","Middle Age",0,0,1,0,1,0,0,0,0,0,1,0,0,0,0,0,0,0,1,0,0,0,0,0,1,0,0
97,0.269230769230769,1,"Gloves","Accessories",0.6625,"Delaware",1,"Gold","Spring",0.52,1,"Express",1,1,0.857142857142857,"Venmo","Every 3 Months","Adult",1,0,0,0,0,1,0,0,0,1,0,0,0,0,0,0,0,0,0,1,0,0,1,0,0,0,0
98,0.0576923076923077,1,"Shoes","Footwear",0.9,"Virginia",2,"Teal","Winter",0.92,1,"Store Pickup",1,1,0.73469387755102,"Cash","Annually","Young Adult",0,0,1,0,0,0,0,1,0,0,0,0,0,1,0,1,0,0,0,0,1,0,0,0,0,0,0
99,0.0384615384615385,1,"Jeans","Clothing",0.5875,"New York",4,"Teal","Spring",0.04,1,"Next Day Air",1,1,0.387755102040816,"Bank Transfer","Annually","Young Adult",0,1,0,0,0,1,0,0,0,0,0,1,0,0,1,0,0,0,0,0,1,0,0,0,0,0,0
100,0.153846153846154,1,"Hoodie","Clothing",0.25,"Missouri",4,"Indigo","Summer",0.48,1,"Express",1,1,0.653061224489796,"Debit Card","Quarterly","Adult",0,1,0,0,0,0,1,0,0,1,0,0,0,0,0,0,0,1,0,0,0,0,0,0,0,1,0
101,0.846153846153846,1,"Sunglasses","Accessories",0.975,"South Dakota",2,"Maroon","Fall",0.0800000000000001,1,"Express",1,1,0.612244897959184,"Cash","Fortnightly","Senior",1,0,0,0,1,0,0,0,0,1,0,0,0,0,0,1,0,0,0,0,0,0,0,1,0,0,0
102,0.173076923076923,1,"Coat","Outerwear",0.8125,"North Dakota",4,"White","Spring",0.84,1,"Express",1,1,1,"Credit Card","Bi-Weekly","Adult",0,0,0,1,0,1,0,0,0,1,0,0,0,0,0,0,1,0,0,0,0,1,0,0,0,0,0
103,0.634615384615385,1,"Socks","Clothing",0.5875,"Oklahoma",3,"Violet","Winter",0.92,1,"Next Day Air",1,1,0.693877551020408,"Credit Card","Quarterly","Senior",0,1,0,0,0,0,0,1,0,0,0,1,0,0,0,0,1,0,0,0,0,0,0,0,0,1,0
104,0.692307692307692,1,"Boots","Footwear",0.8625,"West Virginia",3,"Red","Winter",0.6,1,"Next Day Air",1,1,0.428571428571429,"Venmo","Bi-Weekly","Senior",0,0,1,0,0,0,0,1,0,0,0,1,0,0,0,0,0,0,0,1,0,1,0,0,0,0,0
105,0.711538461538462,1,"Sunglasses","Accessories",0.05,"New Hampshire",3,"Pink","Spring",0.76,1,"2-Day Shipping",1,1,0,"PayPal","Monthly","Senior",1,0,0,0,0,1,0,0,1,0,0,0,0,0,0,0,0,0,1,0,0,0,0,0,1,0,0
106,0.980769230769231,1,"Backpack","Accessories",0.95,"New York",2,"Charcoal","Fall",0.44,1,"Next Day Air",1,1,0.0612244897959184,"Bank Transfer","Annually","Senior",1,0,0,0,1,0,0,0,0,0,0,1,0,0,1,0,0,0,0,0,1,0,0,0,0,0,0
107,0.884615384615385,1,"Jacket","Outerwear",0.1875,"Minnesota",3,"White","Summer",0.48,1,"Standard",1,1,0.612244897959184,"Credit Card","Monthly","Senior",0,0,0,1,0,0,1,0,0,0,0,0,1,0,0,0,1,0,0,0,0,0,0,0,1,0,0
108,0.192307692307692,1,"Sneakers","Footwear",0.5875,"Maryland",3,"Olive","Winter",0.24,1,"Next Day Air",1,1,0.918367346938776,"PayPal","Fortnightly","Adult",0,0,1,0,0,0,0,1,0,0,0,1,0,0,0,0,0,0,1,0,0,0,0,1,0,0,0
109,1,1,"Socks","Clothing",0.7375,"Montana",3,"Purple","Spring",0.36,1,"Next Day Air",1,1,0.63265306122449,"Bank Transfer","Bi-Weekly","Senior",0,1,0,0,0,1,0,0,0,0,0,1,0,0,1,0,0,0,0,0,0,1,0,0,0,0,0
110,0.769230769230769,1,"T-shirt","Clothing",0.8125,"Alabama",2,"Violet","Spring",0.04,1,"Next Day Air",1,1,0.857142857142857,"Bank Transfer","Fortnightly","Senior",0,1,0,0,0,1,0,0,0,0,0,1,0,0,1,0,0,0,0,0,0,0,0,1,0,0,0
111,0.730769230769231,1,"Backpack","Accessories",0.075,"New York",2,"Black","Summer",0.6,1,"Standard",1,1,0.510204081632653,"Venmo","Fortnightly","Senior",1,0,0,0,0,0,1,0,0,0,0,0,1,0,0,0,0,0,0,1,0,0,0,1,0,0,0
112,0.153846153846154,1,"Belt","Accessories",0.6875,"Massachusetts",3,"Purple","Summer",1,1,"Free Shipping",1,1,0.163265306122449,"Credit Card","Annually","Adult",1,0,0,0,0,0,1,0,0,0,1,0,0,0,0,0,1,0,0,0,1,0,0,0,0,0,0
113,0.365384615384615,1,"Gloves","Accessories",0.5625,"Florida",2,"Red","Spring",0.72,1,"Free Shipping",1,1,0.551020408163265,"PayPal","Bi-Weekly","Middle Age",1,0,0,0,0,1,0,0,0,0,1,0,0,0,0,0,0,0,1,0,0,1,0,0,0,0,0
114,0.5,1,"Hat","Accessories",0.425,"New Jersey",3,"Maroon","Winter",0.24,1,"Next Day Air",1,1,0.387755102040816,"PayPal","Quarterly","Middle Age",1,0,0,0,0,0,0,1,0,0,0,1,0,0,0,0,0,0,1,0,0,0,0,0,0,1,0
115,1,1,"Coat","Outerwear",0.9375,"Massachusetts",1,"Blue","Summer",0.48,1,"Store Pickup",1,1,0.163265306122449,"Cash","Weekly","Senior",0,0,0,1,0,0,1,0,0,0,0,0,0,1,0,1,0,0,0,0,0,0,0,0,0,0,1
116,0.673076923076923,1,"Skirt","Clothing",0.925,"Wyoming",2,"Gray","Spring",0.52,1,"Standard",1,1,0.959183673469388,"Debit Card","Every 3 Months","Senior",0,1,0,0,0,1,0,0,0,0,0,0,1,0,0,0,0,1,0,0,0,0,1,0,0,0,0
117,0.711538461538462,1,"Shoes","Footwear",0.825,"Virginia",1,"Blue","Spring",0.36,1,"Free Shipping",1,1,0.224489795918367,"Venmo","Annually","Senior",0,0,1,0,0,1,0,0,0,0,1,0,0,0,0,0,0,0,0,1,1,0,0,0,0,0,0
118,0.615384615384615,1,"Sandals","Footwear",0.15,"South Dakota",3,"Yellow","Summer",0.84,1,"Express",1,1,0.571428571428571,"Cash","Fortnightly","Middle Age",0,0,1,0,0,0,1,0,0,1,0,0,0,0,0,1,0,0,0,0,0,0,0,1,0,0,0
119,0.615384615384615,1,"Sweater","Clothing",0.3125,"Kentucky",3,"Orange","Fall",0.92,1,"2-Day Shipping",1,1,0.530612244897959,"Cash","Bi-Weekly","Middle Age",0,1,0,0,1,0,0,0,1,0,0,0,0,0,0,1,0,0,0,0,0,1,0,0,0,0,0
120,0.384615384615385,1,"Coat","Outerwear",0.7,"Wyoming",2,"Orange","Fall",0.72,1,"Express",1,1,0.877551020408163,"Cash","Annually","Middle Age",0,0,0,1,1,0,0,0,0,1,0,0,0,0,0,1,0,0,0,0,1,0,0,0,0,0,0
121,0.884615384615385,1,"Hat","Accessories",0.8,"West Virginia",3,"Red","Summer",0.6,1,"Express",1,1,0.63265306122449,"Bank Transfer","Annually","Senior",1,0,0,0,0,0,1,0,0,1,0,0,0,0,1,0,0,0,0,0,1,0,0,0,0,0,0
122,0.0192307692307692,1,"Shorts","Clothing",0.65,"Virginia",2,"Olive","Winter",0.68,1,"Standard",1,1,0.204081632653061,"Cash","Fortnightly","Young Adult",0,1,0,0,0,0,0,1,0,0,0,0,1,0,0,1,0,0,0,0,0,0,0,1,0,0,0
123,0.423076923076923,1,"Backpack","Accessories",0.25,"Washington",3,"Brown","Spring",0.92,1,"2-Day Shipping",1,1,0.877551020408163,"Cash","Fortnightly","Middle Age",1,0,0,0,0,1,0,0,1,0,0,0,0,0,0,1,0,0,0,0,0,0,0,1,0,0,0
124,0.75,1,"Sweater","Clothing",0.8625,"Louisiana",3,"Brown","Fall",0.24,1,"Free Shipping",1,1,0.918367346938776,"Cash","Weekly","Senior",0,1,0,0,1,0,0,0,0,0,1,0,0,0,0,1,0,0,0,0,0,0,0,0,0,0,1
125,0.5,1,"Sweater","Clothing",0.825,"Nevada",2,"Gray","Spring",0.24,1,"Next Day Air",1,1,1,"PayPal","Annually","Middle Age",0,1,0,0,0,1,0,0,0,0,0,1,0,0,0,0,0,0,1,0,1,0,0,0,0,0,0
126,0.596153846153846,1,"Shorts","Clothing",0.425,"California",2,"Indigo","Winter",0.44,1,"Next Day Air",1,1,0.897959183673469,"Venmo","Every 3 Months","Middle Age",0,1,0,0,0,0,0,1,0,0,0,1,0,0,0,0,0,0,0,1,0,0,1,0,0,0,0
127,0.480769230769231,1,"Shorts","Clothing",0.2,"Mississippi",3,"Pink","Spring",0.56,1,"Store Pickup",1,1,0.959183673469388,"Cash","Every 3 Months","Middle Age",0,1,0,0,0,1,0,0,0,0,0,0,0,1,0,1,0,0,0,0,0,0,1,0,0,0,0
128,0.115384615384615,1,"Sweater","Clothing",0.8625,"Mississippi",2,"Gray","Winter",0.92,1,"Next Day Air",1,1,0.510204081632653,"Credit Card","Weekly","Young Adult",0,1,0,0,0,0,0,1,0,0,0,1,0,0,0,0,1,0,0,0,0,0,0,0,0,0,1
129,0.0384615384615385,1,"Scarf","Accessories",0.15,"California",2,"Gold","Spring",0.88,1,"Standard",1,1,0.408163265306122,"Credit Card","Fortnightly","Young Adult",1,0,0,0,0,1,0,0,0,0,0,0,1,0,0,0,1,0,0,0,0,0,0,1,0,0,0
130,0.115384615384615,1,"Dress","Clothing",0.5875,"Pennsylvania",4,"Olive","Summer",0.68,1,"2-Day Shipping",1,1,0.979591836734694,"PayPal","Bi-Weekly","Young Adult",0,1,0,0,0,0,1,0,1,0,0,0,0,0,0,0,0,0,1,0,0,1,0,0,0,0,0
131,0.5,1,"Scarf","Accessories",0.2375,"Kentucky",3,"Violet","Fall",0.48,1,"Next Day Air",1,1,0.244897959183673,"PayPal","Fortnightly","Middle Age",1,0,0,0,1,0,0,0,0,0,0,1,0,0,0,0,0,0,1,0,0,0,0,1,0,0,0
132,0.192307692307692,1,"Skirt","Clothing",0.1125,"Maine",3,"Indigo","Summer",0.56,1,"Standard",1,1,0.918367346938776,"Credit Card","Weekly","Adult",0,1,0,0,0,0,1,0,0,0,0,0,1,0,0,0,1,0,0,0,0,0,0,0,0,0,1
133,0.230769230769231,1,"Backpack","Accessories",0.475,"New Mexico",2,"Orange","Fall",0.88,1,"2-Day Shipping",1,1,0.836734693877551,"PayPal","Weekly","Adult",1,0,0,0,1,0,0,0,1,0,0,0,0,0,0,0,0,0,1,0,0,0,0,0,0,0,1
134,0.653846153846154,1,"Sweater","Clothing",0.5625,"Montana",2,"Violet","Winter",0,1,"Next Day Air",1,1,0.489795918367347,"Venmo","Annually","Senior",0,1,0,0,0,0,0,1,0,0,0,1,0,0,0,0,0,0,0,1,1,0,0,0,0,0,0
135,0.480769230769231,1,"Hat","Accessories",0.925,"Texas",3,"Gray","Fall",0.96,1,"Store Pickup",1,1,0.489795918367347,"Cash","Monthly","Middle Age",1,0,0,0,1,0,0,0,0,0,0,0,0,1,0,1,0,0,0,0,0,0,0,0,1,0,0
136,0.480769230769231,1,"Sandals","Footwear",0.7625,"Kansas",2,"Purple","Fall",0.64,1,"Express",1,1,0.224489795918367,"PayPal","Quarterly","Middle Age",0,0,1,0,1,0,0,0,0,1,0,0,0,0,0,0,0,0,1,0,0,0,0,0,0,1,0
137,0.403846153846154,1,"Blouse","Clothing",0.825,"South Carolina",2,"White","Winter",0.32,1,"Free Shipping",1,1,0.0612244897959184,"Debit Card","Quarterly","Middle Age",0,1,0,0,0,0,0,1,0,0,1,0,0,0,0,0,0,1,0,0,0,0,0,0,0,1,0
138,0.961538461538462,1,"Sneakers","Footwear",0.2875,"Colorado",2,"Turquoise","Spring",0.88,1,"Free Shipping",1,1,0.755102040816326,"PayPal","Weekly","Senior",0,0,1,0,0,1,0,0,0,0,1,0,0,0,0,0,0,0,1,0,0,0,0,0,0,0,1
139,0.961538461538462,1,"Skirt","Clothing",0.1125,"Georgia",2,"Maroon","Winter",0.76,1,"Store Pickup",1,1,0.836734693877551,"Bank Transfer","Weekly","Senior",0,1,0,0,0,0,0,1,0,0,0,0,0,1,1,0,0,0,0,0,0,0,0,0,0,0,1
140,0.596153846153846,1,"Coat","Outerwear",0.9375,"Florida",2,"White","Fall",0.52,1,"Store Pickup",1,1,0.591836734693878,"Venmo","Annually","Middle Age",0,0,0,1,1,0,0,0,0,0,0,0,0,1,0,0,0,0,0,1,1,0,0,0,0,0,0
141,0.865384615384615,1,"Shirt","Clothing",0.1,"North Carolina",3,"Yellow","Fall",0.56,1,"2-Day Shipping",1,1,1,"Credit Card","Weekly","Senior",0,1,0,0,1,0,0,0,1,0,0,0,0,0,0,0,1,0,0,0,0,0,0,0,0,0,1
142,0.730769230769231,1,"Gloves","Accessories",0.325,"Virginia",2,"Turquoise","Fall",0.96,1,"Free Shipping",1,1,0.897959183673469,"PayPal","Weekly","Senior",1,0,0,0,1,0,0,0,0,0,1,0,0,0,0,0,0,0,1,0,0,0,0,0,0,0,1
143,0.365384615384615,1,"Jacket","Outerwear",0.475,"Nebraska",3,"Violet","Fall",0.24,1,"Free Shipping",1,1,0.653061224489796,"Credit Card","Fortnightly","Middle Age",0,0,0,1,1,0,0,0,0,0,1,0,0,0,0,0,1,0,0,0,0,0,0,1,0,0,0
144,0.230769230769231,1,"Coat","Outerwear",0.35,"Missouri",2,"Beige","Fall",0.0800000000000001,1,"Store Pickup",1,1,0.489795918367347,"PayPal","Quarterly","Adult",0,0,0,1,1,0,0,0,0,0,0,0,0,1,0,0,0,0,1,0,0,0,0,0,0,1,0
145,0.0192307692307692,1,"Shoes","Footwear",0.2875,"New Jersey",2,"Silver","Fall",0.28,1,"Express",1,1,0.489795918367347,"Cash","Monthly","Young Adult",0,0,1,0,1,0,0,0,0,1,0,0,0,0,0,1,0,0,0,0,0,0,0,0,1,0,0
146,0.115384615384615,1,"Jewelry","Accessories",0.9375,"Missouri",2,"Teal","Fall",0.8,1,"Standard",1,1,0.877551020408163,"Debit Card","Quarterly","Young Adult",1,0,0,0,1,0,0,0,0,0,0,0,1,0,0,0,0,1,0,0,0,0,0,0,0,1,0
147,0.653846153846154,1,"Skirt","Clothing",0.125,"Colorado",1,"Black","Fall",0.6,1,"Standard",1,1,0.408163265306122,"Venmo","Fortnightly","Senior",0,1,0,0,1,0,0,0,0,0,0,0,1,0,0,0,0,0,0,1,0,0,0,1,0,0,0
148,0.865384615384615,1,"Shoes","Footwear",0.55,"Idaho",2,"Purple","Summer",0.4,1,"2-Day Shipping",1,1,0.612244897959184,"Bank Transfer","Fortnightly","Senior",0,0,1,0,0,0,1,0,1,0,0,0,0,0,1,0,0,0,0,0,0,0,0,1,0,0,0
149,0.365384615384615,1,"Gloves","Accessories",0.875,"Wyoming",2,"Gray","Fall",0.04,1,"Store Pickup",1,1,0.938775510204082,"Debit Card","Annually","Middle Age",1,0,0,0,1,0,0,0,0,0,0,0,0,1,0,0,0,1,0,0,1,0,0,0,0,0,0
150,0.384615384615385,1,"Pants","Clothing",0.7,"Delaware",2,"White","Summer",0.28,1,"Free Shipping",1,1,0.26530612244898,"PayPal","Monthly","Middle Age",0,1,0,0,0,0,1,0,0,0,1,0,0,0,0,0,0,0,1,0,0,0,0,0,1,0,0
151,0.326923076923077,1,"Boots","Footwear",0.95,"California",3,"Cyan","Fall",0.96,1,"Standard",1,1,0.326530612244898,"Debit Card","Every 3 Months","Adult",0,0,1,0,1,0,0,0,0,0,0,0,1,0,0,0,0,1,0,0,0,0,1,0,0,0,0
152,0.192307692307692,1,"Sunglasses","Accessories",0.3375,"North Dakota",3,"Turquoise","Fall",0.8,1,"Next Day Air",1,1,0.0408163265306122,"Venmo","Annually","Adult",1,0,0,0,1,0,0,0,0,0,0,1,0,0,0,0,0,0,0,1,1,0,0,0,0,0,0
153,0.230769230769231,1,"Shirt","Clothing",0.8125,"South Carolina",1,"Brown","Summer",0.72,1,"Express",1,1,0.836734693877551,"Venmo","Annually","Adult",0,1,0,0,0,0,1,0,0,1,0,0,0,0,0,0,0,0,0,1,1,0,0,0,0,0,0
154,0.980769230769231,1,"Hoodie","Clothing",0.4375,"North Carolina",2,"Maroon","Winter",0.28,1,"Standard",1,1,0.428571428571429,"Debit Card","Annually","Senior",0,1,0,0,0,0,0,1,0,0,0,0,1,0,0,0,0,1,0,0,1,0,0,0,0,0,0
155,0.442307692307692,1,"Dress","Clothing",0.975,"Oklahoma",2,"Charcoal","Fall",0.44,1,"Next Day Air",1,1,0.408163265306122,"Venmo","Quarterly","Middle Age",0,1,0,0,1,0,0,0,0,0,0,1,0,0,0,0,0,0,0,1,0,0,0,0,0,1,0
156,0.865384615384615,1,"Socks","Clothing",0.7125,"Maine",1,"Olive","Spring",0.72,1,"Free Shipping",1,1,0.408163265306122,"Bank Transfer","Quarterly","Senior",0,1,0,0,0,1,0,0,0,0,1,0,0,0,1,0,0,0,0,0,0,0,0,0,0,1,0
157,0.326923076923077,1,"Shorts","Clothing",0.075,"Missouri",2,"Lavender","Fall",0.6,1,"Standard",1,1,0.795918367346939,"Debit Card","Annually","Adult",0,1,0,0,1,0,0,0,0,0,0,0,1,0,0,0,0,1,0,0,1,0,0,0,0,0,0
158,0.346153846153846,1,"Hat","Accessories",0.6,"Vermont",1,"Yellow","Fall",0.2,1,"Next Day Air",1,1,0,"Bank Transfer","Fortnightly","Middle Age",1,0,0,0,1,0,0,0,0,0,0,1,0,0,1,0,0,0,0,0,0,0,0,1,0,0,0
159,0.134615384615385,1,"Shirt","Clothing",0.6625,"Connecticut",4,"Teal","Fall",0.64,1,"Standard",1,1,1,"Bank Transfer","Monthly","Young Adult",0,1,0,0,1,0,0,0,0,0,0,0,1,0,1,0,0,0,0,0,0,0,0,0,1,0,0
160,0.769230769230769,1,"Gloves","Accessories",0.0875,"New Hampshire",2,"Charcoal","Fall",0.52,1,"Store Pickup",1,1,0.775510204081633,"Bank Transfer","Every 3 Months","Senior",1,0,0,0,1,0,0,0,0,0,0,0,0,1,1,0,0,0,0,0,0,0,1,0,0,0,0
161,0.173076923076923,1,"Gloves","Accessories",0.0375,"Texas",2,"Orange","Summer",0.84,1,"Free Shipping",1,1,0.673469387755102,"Venmo","Monthly","Adult",1,0,0,0,0,0,1,0,0,0,1,0,0,0,0,0,0,0,0,1,0,0,0,0,1,0,0
162,0.903846153846154,1,"Backpack","Accessories",0.3625,"North Dakota",2,"Olive","Fall",0.2,1,"Express",1,1,0.571428571428571,"Venmo","Fortnightly","Senior",1,0,0,0,1,0,0,0,0,1,0,0,0,0,0,0,0,0,0,1,0,0,0,1,0,0,0
163,0.692307692307692,1,"Sunglasses","Accessories",0.675,"California",2,"Turquoise","Summer",0.2,1,"Store Pickup",1,1,0.612244897959184,"PayPal","Bi-Weekly","Senior",1,0,0,0,0,0,1,0,0,0,0,0,0,1,0,0,0,0,1,0,0,1,0,0,0,0,0
164,0.692307692307692,1,"Skirt","Clothing",0.5875,"Virginia",2,"Purple","Summer",0.36,1,"Standard",1,1,0.142857142857143,"Debit Card","Weekly","Senior",0,1,0,0,0,0,1,0,0,0,0,0,1,0,0,0,0,1,0,0,0,0,0,0,0,0,1
165,0.788461538461538,1,"Handbag","Accessories",0.5625,"Delaware",1,"Purple","Spring",0.04,1,"Free Shipping",1,1,0.0816326530612245,"Credit Card","Fortnightly","Senior",1,0,0,0,0,1,0,0,0,0,1,0,0,0,0,0,1,0,0,0,0,0,0,1,0,0,0
166,0.461538461538462,1,"Handbag","Accessories",0.5,"Kentucky",1,"Yellow","Winter",0.12,1,"Store Pickup",1,1,0.122448979591837,"Cash","Monthly","Middle Age",1,0,0,0,0,0,0,1,0,0,0,0,0,1,0,1,0,0,0,0,0,0,0,0,1,0,0
167,0.538461538461538,1,"Sneakers","Footwear",0.1375,"Delaware",4,"Indigo","Fall",0.6,1,"Store Pickup",1,1,0.591836734693878,"Cash","Monthly","Middle Age",0,0,1,0,1,0,0,0,0,0,0,0,0,1,0,1,0,0,0,0,0,0,0,0,1,0,0
168,0.288461538461538,1,"Gloves","Accessories",0.0875,"Arkansas",2,"Green","Fall",0.6,1,"Express",1,1,0.26530612244898,"Credit Card","Every 3 Months","Adult",1,0,0,0,1,0,0,0,0,1,0,0,0,0,0,0,1,0,0,0,0,0,1,0,0,0,0
169,0.307692307692308,1,"Shoes","Footwear",0.75,"Louisiana",2,"Magenta","Summer",0.2,1,"Express",1,1,0.0816326530612245,"Cash","Fortnightly","Adult",0,0,1,0,0,0,1,0,0,1,0,0,0,0,0,1,0,0,0,0,0,0,0,1,0,0,0
170,0.173076923076923,1,"Jacket","Outerwear",0.125,"Nevada",1,"Gold","Summer",0.32,1,"Standard",1,1,0.0408163265306122,"PayPal","Every 3 Months","Adult",0,0,0,1,0,0,1,0,0,0,0,0,1,0,0,0,0,0,1,0,0,0,1,0,0,0,0
171,0.653846153846154,1,"Shirt","Clothing",0.0625,"Wyoming",2,"Maroon","Fall",0.04,1,"Store Pickup",1,1,0.918367346938776,"Venmo","Bi-Weekly","Senior",0,1,0,0,1,0,0,0,0,0,0,0,0,1,0,0,0,0,0,1,0,1,0,0,0,0,0
172,0.211538461538462,1,"Shorts","Clothing",0.1875,"Virginia",2,"Blue","Summer",0.44,1,"Store Pickup",1,1,0.0612244897959184,"Credit Card","Weekly","Adult",0,1,0,0,0,0,1,0,0,0,0,0,0,1,0,0,1,0,0,0,0,0,0,0,0,0,1
173,0.692307692307692,1,"Jewelry","Accessories",0.5875,"Nebraska",2,"Violet","Summer",0.56,1,"Next Day Air",1,1,0.836734693877551,"Credit Card","Bi-Weekly","Senior",1,0,0,0,0,0,1,0,0,0,0,1,0,0,0,0,1,0,0,0,0,1,0,0,0,0,0
174,0.134615384615385,1,"Hat","Accessories",0.325,"Hawaii",2,"Turquoise","Fall",0.36,1,"Standard",1,1,0.591836734693878,"Cash","Annually","Young Adult",1,0,0,0,1,0,0,0,0,0,0,0,1,0,0,1,0,0,0,0,1,0,0,0,0,0,0
175,0.442307692307692,1,"Shoes","Footwear",0.1875,"Vermont",3,"Brown","Winter",0.4,1,"Express",1,1,0.73469387755102,"Venmo","Annually","Middle Age",0,0,1,0,0,0,0,1,0,1,0,0,0,0,0,0,0,0,0,1,1,0,0,0,0,0,0
176,0.673076923076923,1,"Coat","Outerwear",0.825,"Oklahoma",3,"Violet","Fall",0.12,1,"Next Day Air",1,1,0.0204081632653061,"Bank Transfer","Annually","Senior",0,0,0,1,1,0,0,0,0,0,0,1,0,0,1,0,0,0,0,0,1,0,0,0,0,0,0
177,0.673076923076923,1,"Backpack","Accessories",0.7625,"New Hampshire",3,"Black","Spring",0.0800000000000001,1,"Next Day Air",1,1,0.591836734693878,"Credit Card","Quarterly","Senior",1,0,0,0,0,1,0,0,0,0,0,1,0,0,0,0,1,0,0,0,0,0,0,0,0,1,0
178,0.0576923076923077,1,"Hoodie","Clothing",0.275,"Kansas",3,"Magenta","Fall",0.48,1,"Next Day Air",1,1,0.938775510204082,"Bank Transfer","Monthly","Young Adult",0,1,0,0,1,0,0,0,0,0,0,1,0,0,1,0,0,0,0,0,0,0,0,0,1,0,0
179,0.826923076923077,1,"Skirt","Clothing",0.2875,"Idaho",3,"Lavender","Fall",0.72,1,"2-Day Shipping",1,1,0.408163265306122,"PayPal","Quarterly","Senior",0,1,0,0,1,0,0,0,1,0,0,0,0,0,0,0,0,0,1,0,0,0,0,0,0,1,0
180,0.884615384615385,1,"Boots","Footwear",0.1375,"Illinois",2,"Violet","Fall",0.96,1,"Store Pickup",1,1,0.163265306122449,"Bank Transfer","Fortnightly","Senior",0,0,1,0,1,0,0,0,0,0,0,0,0,1,1,0,0,0,0,0,0,0,0,1,0,0,0
181,0.634615384615385,1,"Sandals","Footwear",0.7625,"South Dakota",3,"Green","Fall",0.32,1,"Store Pickup",1,1,0.224489795918367,"Debit Card","Fortnightly","Senior",0,0,1,0,1,0,0,0,0,0,0,0,0,1,0,0,0,1,0,0,0,0,0,1,0,0,0
182,0.269230769230769,1,"Pants","Clothing",0.5125,"Massachusetts",2,"Beige","Summer",0.88,1,"Next Day Air",1,1,0.0612244897959184,"Bank Transfer","Weekly","Adult",0,1,0,0,0,0,1,0,0,0,0,1,0,0,1,0,0,0,0,0,0,0,0,0,0,0,1
183,0.384615384615385,1,"Gloves","Accessories",0.95,"Alabama",4,"Purple","Summer",0.12,1,"Store Pickup",1,1,0.183673469387755,"Debit Card","Annually","Middle Age",1,0,0,0,0,0,1,0,0,0,0,0,0,1,0,0,0,1,0,0,1,0,0,0,0,0,0
184,0.769230769230769,1,"Skirt","Clothing",0.1125,"Ohio",4,"Beige","Spring",0.44,1,"2-Day Shipping",1,1,0.510204081632653,"Credit Card","Weekly","Senior",0,1,0,0,0,1,0,0,1,0,0,0,0,0,0,0,1,0,0,0,0,0,0,0,0,0,1
185,0.269230769230769,1,"Sneakers","Footwear",0.1625,"Hawaii",3,"Cyan","Spring",0.2,1,"Express",1,1,0.795918367346939,"Cash","Fortnightly","Adult",0,0,1,0,0,1,0,0,0,1,0,0,0,0,0,1,0,0,0,0,0,0,0,1,0,0,0
186,0.538461538461538,1,"T-shirt","Clothing",0.15,"Wisconsin",4,"Silver","Summer",0.8,1,"Store Pickup",1,1,0.673469387755102,"Bank Transfer","Fortnightly","Middle Age",0,1,0,0,0,0,1,0,0,0,0,0,0,1,1,0,0,0,0,0,0,0,0,1,0,0,0
187,0.403846153846154,1,"Backpack","Accessories",0.45,"Minnesota",1,"Lavender","Summer",0.16,1,"Standard",1,1,0.612244897959184,"Debit Card","Annually","Middle Age",1,0,0,0,0,0,1,0,0,0,0,0,1,0,0,0,0,1,0,0,1,0,0,0,0,0,0
188,0.0192307692307692,1,"Shoes","Footwear",0.925,"Georgia",1,"Purple","Spring",0.32,1,"Store Pickup",1,1,0,"Bank Transfer","Bi-Weekly","Young Adult",0,0,1,0,0,1,0,0,0,0,0,0,0,1,1,0,0,0,0,0,0,1,0,0,0,0,0
189,0.615384615384615,1,"Hoodie","Clothing",0.4125,"Arkansas",2,"Pink","Spring",0.24,1,"Express",1,1,0.0816326530612245,"Bank Transfer","Bi-Weekly","Middle Age",0,1,0,0,0,1,0,0,0,1,0,0,0,0,1,0,0,0,0,0,0,1,0,0,0,0,0
190,0.346153846153846,1,"Blouse","Clothing",0.775,"West Virginia",2,"Maroon","Fall",0.76,1,"Next Day Air",1,1,0.0612244897959184,"Credit Card","Weekly","Middle Age",0,1,0,0,1,0,0,0,0,0,0,1,0,0,0,0,1,0,0,0,0,0,0,0,0,0,1
191,0.903846153846154,1,"Coat","Outerwear",0.625,"Indiana",4,"Beige","Fall",0.2,1,"Free Shipping",1,1,0.959183673469388,"Venmo","Quarterly","Senior",0,0,0,1,1,0,0,0,0,0,1,0,0,0,0,0,0,0,0,1,0,0,0,0,0,1,0
192,0.884615384615385,1,"Hat","Accessories",0.7,"Utah",2,"Gray","Fall",0.56,1,"Free Shipping",1,1,0.571428571428571,"Cash","Every 3 Months","Senior",1,0,0,0,1,0,0,0,0,0,1,0,0,0,0,1,0,0,0,0,0,0,1,0,0,0,0
193,0.538461538461538,1,"Shoes","Footwear",0.1125,"Nebraska",3,"Turquoise","Summer",0.16,1,"Express",1,1,0.224489795918367,"PayPal","Bi-Weekly","Middle Age",0,0,1,0,0,0,1,0,0,1,0,0,0,0,0,0,0,0,1,0,0,1,0,0,0,0,0
194,0.346153846153846,1,"Belt","Accessories",1,"North Dakota",1,"Silver","Fall",0.2,1,"Standard",1,1,0.571428571428571,"Venmo","Annually","Middle Age",1,0,0,0,1,0,0,0,0,0,0,0,1,0,0,0,0,0,0,1,1,0,0,0,0,0,0
195,0.634615384615385,1,"Backpack","Accessories",0.925,"Missouri",2,"Olive","Spring",0.24,1,"Express",1,1,0.285714285714286,"Debit Card","Quarterly","Senior",1,0,0,0,0,1,0,0,0,1,0,0,0,0,0,0,0,1,0,0,0,0,0,0,0,1,0
196,0.634615384615385,1,"Jacket","Outerwear",0.0625,"New York",2,"Magenta","Fall",0.72,1,"Free Shipping",1,1,0.673469387755102,"Credit Card","Monthly","Senior",0,0,0,1,1,0,0,0,0,0,1,0,0,0,0,0,1,0,0,0,0,0,0,0,1,0,0
197,0.384615384615385,1,"Boots","Footwear",0.85,"Washington",2,"Lavender","Summer",0.56,1,"Next Day Air",1,1,0.816326530612245,"Credit Card","Fortnightly","Middle Age",0,0,1,0,0,0,1,0,0,0,0,1,0,0,0,0,1,0,0,0,0,0,0,1,0,0,0
198,0.788461538461538,1,"Scarf","Accessories",0.725,"South Carolina",2,"Black","Fall",0.28,1,"2-Day Shipping",1,1,0.816326530612245,"Credit Card","Monthly","Senior",1,0,0,0,1,0,0,0,1,0,0,0,0,0,0,0,1,0,0,0,0,0,0,0,1,0,0
199,0.75,1,"Jewelry","Accessories",0.3125,"Utah",2,"Turquoise","Winter",0.92,1,"Standard",1,1,0.775510204081633,"Credit Card","Fortnightly","Senior",1,0,0,0,0,0,0,1,0,0,0,0,1,0,0,0,1,0,0,0,0,0,0,1,0,0,0
200,0.692307692307692,1,"Hat","Accessories",0.6625,"Idaho",4,"Green","Summer",0.52,1,"Express",1,1,0.63265306122449,"Cash","Weekly","Senior",1,0,0,0,0,0,1,0,0,1,0,0,0,0,0,1,0,0,0,0,0,0,0,0,0,0,1
201,0.134615384615385,1,"Dress","Clothing",0.5125,"Pennsylvania",1,"Teal","Summer",0.32,1,"Next Day Air",1,1,0.571428571428571,"Venmo","Monthly","Young Adult",0,1,0,0,0,0,1,0,0,0,0,1,0,0,0,0,0,0,0,1,0,0,0,0,1,0,0
202,0.980769230769231,1,"Blouse","Clothing",0.025,"Missouri",1,"Beige","Fall",0.72,1,"Free Shipping",1,1,0.285714285714286,"Bank Transfer","Annually","Senior",0,1,0,0,1,0,0,0,0,0,1,0,0,0,1,0,0,0,0,0,1,0,0,0,0,0,0
203,0.75,1,"Hat","Accessories",0.225,"Nebraska",3,"Magenta","Spring",0.0800000000000001,1,"Express",1,1,0.653061224489796,"Venmo","Annually","Senior",1,0,0,0,0,1,0,0,0,1,0,0,0,0,0,0,0,0,0,1,1,0,0,0,0,0,0
204,1,1,"Scarf","Accessories",0.225,"Indiana",1,"Yellow","Fall",0.28,1,"Next Day Air",1,1,0.346938775510204,"Bank Transfer","Weekly","Senior",1,0,0,0,1,0,0,0,0,0,0,1,0,0,1,0,0,0,0,0,0,0,0,0,0,0,1
205,0.115384615384615,1,"Sneakers","Footwear",1,"Arizona",2,"Yellow","Fall",0.6,1,"Store Pickup",1,1,0.693877551020408,"Cash","Bi-Weekly","Young Adult",0,0,1,0,1,0,0,0,0,0,0,0,0,1,0,1,0,0,0,0,0,1,0,0,0,0,0
206,0.942307692307692,1,"Shirt","Clothing",0.55,"Hawaii",2,"Silver","Winter",0.2,1,"Standard",1,1,0.489795918367347,"PayPal","Weekly","Senior",0,1,0,0,0,0,0,1,0,0,0,0,1,0,0,0,0,0,1,0,0,0,0,0,0,0,1
207,0.115384615384615,1,"T-shirt","Clothing",0.4375,"Wisconsin",3,"Silver","Summer",0.68,1,"Free Shipping",1,1,0.102040816326531,"Venmo","Fortnightly","Young Adult",0,1,0,0,0,0,1,0,0,0,1,0,0,0,0,0,0,0,0,1,0,0,0,1,0,0,0
208,0.846153846153846,1,"Gloves","Accessories",0.8875,"Rhode Island",2,"Silver","Summer",0.16,1,"Express",1,1,0.326530612244898,"Bank Transfer","Bi-Weekly","Senior",1,0,0,0,0,0,1,0,0,1,0,0,0,0,1,0,0,0,0,0,0,1,0,0,0,0,0
209,0.75,1,"Skirt","Clothing",0.225,"Wisconsin",2,"Gold","Spring",0.64,1,"Store Pickup",1,1,0.326530612244898,"Credit Card","Monthly","Senior",0,1,0,0,0,1,0,0,0,0,0,0,0,1,0,0,1,0,0,0,0,0,0,0,1,0,0
210,0.711538461538462,1,"Sandals","Footwear",0.9625,"Minnesota",1,"Olive","Winter",0.28,1,"Store Pickup",1,1,0.877551020408163,"Cash","Every 3 Months","Senior",0,0,1,0,0,0,0,1,0,0,0,0,0,1,0,1,0,0,0,0,0,0,1,0,0,0,0
211,0.519230769230769,1,"Jacket","Outerwear",0.025,"Vermont",3,"Teal","Fall",0.2,1,"2-Day Shipping",1,1,0.102040816326531,"PayPal","Fortnightly","Middle Age",0,0,0,1,1,0,0,0,1,0,0,0,0,0,0,0,0,0,1,0,0,0,0,1,0,0,0
212,0.980769230769231,1,"Skirt","Clothing",0.9,"South Dakota",3,"Maroon","Fall",0.68,1,"2-Day Shipping",1,1,0.897959183673469,"Debit Card","Fortnightly","Senior",0,1,0,0,1,0,0,0,1,0,0,0,0,0,0,0,0,1,0,0,0,0,0,1,0,0,0
213,0.942307692307692,1,"Handbag","Accessories",0.8,"Virginia",3,"Blue","Fall",0.68,1,"Express",1,1,0.122448979591837,"Debit Card","Annually","Senior",1,0,0,0,1,0,0,0,0,1,0,0,0,0,0,0,0,1,0,0,1,0,0,0,0,0,0
214,0.230769230769231,1,"Handbag","Accessories",0.9125,"Nevada",3,"Peach","Fall",0.76,1,"Store Pickup",1,1,0.204081632653061,"Debit Card","Every 3 Months","Adult",1,0,0,0,1,0,0,0,0,0,0,0,0,1,0,0,0,1,0,0,0,0,1,0,0,0,0
215,0.115384615384615,1,"Jacket","Outerwear",0.375,"Hawaii",3,"Blue","Summer",0.68,1,"Next Day Air",1,1,0.816326530612245,"Cash","Every 3 Months","Young Adult",0,0,0,1,0,0,1,0,0,0,0,1,0,0,0,1,0,0,0,0,0,0,1,0,0,0,0
216,0.846153846153846,1,"Scarf","Accessories",0.55,"New Jersey",1,"Orange","Spring",0.12,1,"2-Day Shipping",1,1,0.469387755102041,"PayPal","Bi-Weekly","Senior",1,0,0,0,0,1,0,0,1,0,0,0,0,0,0,0,0,0,1,0,0,1,0,0,0,0,0
217,0.480769230769231,1,"Shorts","Clothing",0.5125,"Massachusetts",3,"Yellow","Spring",0.48,1,"Free Shipping",1,1,0.408163265306122,"Venmo","Weekly","Middle Age",0,1,0,0,0,1,0,0,0,0,1,0,0,0,0,0,0,0,0,1,0,0,0,0,0,0,1
218,0.326923076923077,1,"Sunglasses","Accessories",0.35,"Oklahoma",2,"Purple","Winter",0.4,1,"Next Day Air",1,1,0.469387755102041,"Bank Transfer","Annually","Adult",1,0,0,0,0,0,0,1,0,0,0,1,0,0,1,0,0,0,0,0,1,0,0,0,0,0,0
219,0.192307692307692,1,"T-shirt","Clothing",0.3125,"California",1,"Magenta","Spring",0.16,1,"Store Pickup",1,1,0.142857142857143,"Credit Card","Quarterly","Adult",0,1,0,0,0,1,0,0,0,0,0,0,0,1,0,0,1,0,0,0,0,0,0,0,0,1,0
220,0.269230769230769,1,"Belt","Accessories",0.85,"Nevada",2,"Cyan","Spring",0.2,1,"Free Shipping",1,1,0.224489795918367,"Cash","Fortnightly","Adult",1,0,0,0,0,1,0,0,0,0,1,0,0,0,0,1,0,0,0,0,0,0,0,1,0,0,0
221,0.403846153846154,1,"Sneakers","Footwear",0.4625,"Arizona",1,"Indigo","Spring",0.48,1,"Express",1,1,0.959183673469388,"Debit Card","Fortnightly","Middle Age",0,0,1,0,0,1,0,0,0,1,0,0,0,0,0,0,0,1,0,0,0,0,0,1,0,0,0
222,0.192307692307692,1,"Hat","Accessories",0.6,"North Carolina",4,"Magenta","Summer",0.76,1,"Store Pickup",1,1,0.102040816326531,"Bank Transfer","Quarterly","Adult",1,0,0,0,0,0,1,0,0,0,0,0,0,1,1,0,0,0,0,0,0,0,0,0,0,1,0
223,0.557692307692308,1,"Gloves","Accessories",0.925,"New York",4,"Gray","Spring",0.8,1,"2-Day Shipping",1,1,0.26530612244898,"PayPal","Fortnightly","Middle Age",1,0,0,0,0,1,0,0,1,0,0,0,0,0,0,0,0,0,1,0,0,0,0,1,0,0,0
224,0.0384615384615385,1,"Pants","Clothing",0.2625,"Wyoming",2,"Turquoise","Spring",0.92,1,"Free Shipping",1,1,0.673469387755102,"PayPal","Annually","Young Adult",0,1,0,0,0,1,0,0,0,0,1,0,0,0,0,0,0,0,1,0,1,0,0,0,0,0,0
225,0.865384615384615,1,"Socks","Clothing",0.7875,"South Dakota",1,"Beige","Summer",0.16,1,"Free Shipping",1,1,0.224489795918367,"Cash","Every 3 Months","Senior",0,1,0,0,0,0,1,0,0,0,1,0,0,0,0,1,0,0,0,0,0,0,1,0,0,0,0
226,0.134615384615385,1,"Jacket","Outerwear",0.025,"Arkansas",2,"Olive","Spring",0.28,1,"Next Day Air",1,1,0.204081632653061,"Bank Transfer","Annually","Young Adult",0,0,0,1,0,1,0,0,0,0,0,1,0,0,1,0,0,0,0,0,1,0,0,0,0,0,0
227,0.211538461538462,1,"Shoes","Footwear",0.675,"Texas",3,"Violet","Spring",0.32,1,"Free Shipping",1,1,0.0816326530612245,"PayPal","Monthly","Adult",0,0,1,0,0,1,0,0,0,0,1,0,0,0,0,0,0,0,1,0,0,0,0,0,1,0,0
228,0.615384615384615,1,"Jeans","Clothing",0.875,"Rhode Island",2,"Turquoise","Winter",0.68,1,"Standard",1,1,0.489795918367347,"Venmo","Fortnightly","Middle Age",0,1,0,0,0,0,0,1,0,0,0,0,1,0,0,0,0,0,0,1,0,0,0,1,0,0,0
229,0,1,"Socks","Clothing",0.7375,"New Hampshire",2,"White","Spring",0.16,1,"Store Pickup",1,1,0.204081632653061,"Credit Card","Annually","Young Adult",0,1,0,0,0,1,0,0,0,0,0,0,0,1,0,0,1,0,0,0,1,0,0,0,0,0,0
230,1,1,"Sandals","Footwear",0.1,"Ohio",1,"Silver","Spring",0.84,1,"Next Day Air",1,1,0.530612244897959,"PayPal","Every 3 Months","Senior",0,0,1,0,0,1,0,0,0,0,0,1,0,0,0,0,0,0,1,0,0,0,1,0,0,0,0
231,0.923076923076923,1,"Scarf","Accessories",0.85,"Utah",3,"Olive","Fall",0.64,1,"Standard",1,1,0.857142857142857,"Credit Card","Annually","Senior",1,0,0,0,1,0,0,0,0,0,0,0,1,0,0,0,1,0,0,0,1,0,0,0,0,0,0
232,0.192307692307692,1,"Blouse","Clothing",0.075,"Tennessee",2,"Blue","Spring",0.24,1,"2-Day Shipping",1,1,0.346938775510204,"Debit Card","Every 3 Months","Adult",0,1,0,0,0,1,0,0,1,0,0,0,0,0,0,0,0,1,0,0,0,0,1,0,0,0,0
233,0.692307692307692,1,"Jewelry","Accessories",0.0875,"Hawaii",3,"Purple","Winter",0.68,1,"Express",1,1,0.63265306122449,"Bank Transfer","Bi-Weekly","Senior",1,0,0,0,0,0,0,1,0,1,0,0,0,0,1,0,0,0,0,0,0,1,0,0,0,0,0
234,0.0192307692307692,1,"Sweater","Clothing",0.7875,"Arizona",4,"Yellow","Fall",0.8,1,"Next Day Air",1,1,0.530612244897959,"Bank Transfer","Every 3 Months","Young Adult",0,1,0,0,1,0,0,0,0,0,0,1,0,0,1,0,0,0,0,0,0,0,1,0,0,0,0
235,0.0384615384615385,1,"Gloves","Accessories",0.2375,"South Dakota",1,"Silver","Summer",0.48,1,"Next Day Air",1,1,0.469387755102041,"Credit Card","Weekly","Young Adult",1,0,0,0,0,0,1,0,0,0,0,1,0,0,0,0,1,0,0,0,0,0,0,0,0,0,1
236,0.480769230769231,1,"Sunglasses","Accessories",0.8625,"New Jersey",2,"Cyan","Winter",0.48,1,"Free Shipping",1,1,0.612244897959184,"Debit Card","Quarterly","Middle Age",1,0,0,0,0,0,0,1,0,0,1,0,0,0,0,0,0,1,0,0,0,0,0,0,0,1,0
237,0.384615384615385,1,"Coat","Outerwear",0.6,"North Dakota",3,"Green","Winter",0.36,1,"Next Day Air",1,1,0.775510204081633,"PayPal","Fortnightly","Middle Age",0,0,0,1,0,0,0,1,0,0,0,1,0,0,0,0,0,0,1,0,0,0,0,1,0,0,0
238,0.615384615384615,1,"Dress","Clothing",0.875,"Iowa",2,"Beige","Summer",0.2,1,"Store Pickup",1,1,0.714285714285714,"Debit Card","Fortnightly","Middle Age",0,1,0,0,0,0,1,0,0,0,0,0,0,1,0,0,0,1,0,0,0,0,0,1,0,0,0
239,0.884615384615385,1,"Skirt","Clothing",0.175,"Ohio",2,"Peach","Fall",0.68,1,"Free Shipping",1,1,0.0816326530612245,"Cash","Annually","Senior",0,1,0,0,1,0,0,0,0,0,1,0,0,0,0,1,0,0,0,0,1,0,0,0,0,0,0
240,0.596153846153846,1,"Pants","Clothing",0.3875,"Vermont",3,"Yellow","Summer",0.16,1,"Express",1,1,0.938775510204082,"Credit Card","Bi-Weekly","Middle Age",0,1,0,0,0,0,1,0,0,1,0,0,0,0,0,0,1,0,0,0,0,1,0,0,0,0,0
241,0.557692307692308,1,"Sweater","Clothing",0.3125,"Montana",4,"Turquoise","Winter",0.4,1,"Free Shipping",1,1,0.571428571428571,"Bank Transfer","Fortnightly","Middle Age",0,1,0,0,0,0,0,1,0,0,1,0,0,0,1,0,0,0,0,0,0,0,0,1,0,0,0
242,0.346153846153846,1,"Hoodie","Clothing",0.85,"Delaware",2,"Peach","Winter",0.64,1,"Free Shipping",1,1,0.857142857142857,"Venmo","Bi-Weekly","Middle Age",0,1,0,0,0,0,0,1,0,0,1,0,0,0,0,0,0,0,0,1,0,1,0,0,0,0,0
243,0.711538461538462,1,"Coat","Outerwear",0.8125,"New York",3,"Gray","Summer",0.72,1,"Store Pickup",1,1,0.795918367346939,"Debit Card","Every 3 Months","Senior",0,0,0,1,0,0,1,0,0,0,0,0,0,1,0,0,0,1,0,0,0,0,1,0,0,0,0
244,0.134615384615385,1,"Jewelry","Accessories",1,"Kentucky",2,"Olive","Winter",0.12,1,"2-Day Shipping",1,1,0.0612244897959184,"Debit Card","Monthly","Young Adult",1,0,0,0,0,0,0,1,1,0,0,0,0,0,0,0,0,1,0,0,0,0,0,0,1,0,0
245,0.673076923076923,1,"Belt","Accessories",0.275,"Oregon",1,"Indigo","Spring",0.96,1,"2-Day Shipping",1,1,0.775510204081633,"PayPal","Weekly","Senior",1,0,0,0,0,1,0,0,1,0,0,0,0,0,0,0,0,0,1,0,0,0,0,0,0,0,1
246,0.596153846153846,1,"Sandals","Footwear",0.4125,"Rhode Island",3,"Charcoal","Summer",0.32,1,"Next Day Air",1,1,0.897959183673469,"Venmo","Fortnightly","Middle Age",0,0,1,0,0,0,1,0,0,0,0,1,0,0,0,0,0,0,0,1,0,0,0,1,0,0,0
247,0.326923076923077,1,"Sunglasses","Accessories",0.825,"Nevada",4,"Beige","Spring",0.28,1,"Express",1,1,0.387755102040816,"Venmo","Bi-Weekly","Adult",1,0,0,0,0,1,0,0,0,1,0,0,0,0,0,0,0,0,0,1,0,1,0,0,0,0,0
248,0.211538461538462,1,"Sweater","Clothing",0.575,"Montana",4,"Brown","Spring",0.76,1,"Standard",1,1,0.26530612244898,"Debit Card","Weekly","Adult",0,1,0,0,0,1,0,0,0,0,0,0,1,0,0,0,0,1,0,0,0,0,0,0,0,0,1
249,0.557692307692308,1,"Belt","Accessories",1,"Pennsylvania",2,"Blue","Winter",0.92,1,"Express",1,1,0.653061224489796,"PayPal","Weekly","Middle Age",1,0,0,0,0,0,0,1,0,1,0,0,0,0,0,0,0,0,1,0,0,0,0,0,0,0,1
250,0.673076923076923,1,"Handbag","Accessories",0.3375,"Alaska",1,"Teal","Fall",0.68,1,"Standard",1,1,0.346938775510204,"Credit Card","Annually","Senior",1,0,0,0,1,0,0,0,0,0,0,0,1,0,0,0,1,0,0,0,1,0,0,0,0,0,0
251,0.288461538461538,1,"Skirt","Clothing",0.0625,"Mississippi",3,"Black","Fall",0.6,1,"Express",1,1,0.163265306122449,"Bank Transfer","Weekly","Adult",0,1,0,0,1,0,0,0,0,1,0,0,0,0,1,0,0,0,0,0,0,0,0,0,0,0,1
252,0.0576923076923077,1,"Handbag","Accessories",0.3875,"Wyoming",4,"Gold","Winter",0,1,"Standard",1,1,0.673469387755102,"PayPal","Annually","Young Adult",1,0,0,0,0,0,0,1,0,0,0,0,1,0,0,0,0,0,1,0,1,0,0,0,0,0,0
253,0.269230769230769,1,"Shorts","Clothing",0.2625,"Delaware",2,"Violet","Summer",0.56,1,"Free Shipping",1,1,0.653061224489796,"Venmo","Fortnightly","Adult",0,1,0,0,0,0,1,0,0,0,1,0,0,0,0,0,0,0,0,1,0,0,0,1,0,0,0
254,0.653846153846154,1,"Boots","Footwear",0.6625,"Oklahoma",3,"Cyan","Winter",0.96,1,"2-Day Shipping",1,1,0.285714285714286,"Bank Transfer","Bi-Weekly","Senior",0,0,1,0,0,0,0,1,1,0,0,0,0,0,1,0,0,0,0,0,0,1,0,0,0,0,0
255,0.942307692307692,1,"Sunglasses","Accessories",0.275,"Indiana",2,"White","Winter",0.4,1,"Store Pickup",1,1,0.0612244897959184,"PayPal","Bi-Weekly","Senior",1,0,0,0,0,0,0,1,0,0,0,0,0,1,0,0,0,0,1,0,0,1,0,0,0,0,0
256,0.480769230769231,1,"Scarf","Accessories",0,"Maryland",2,"Charcoal","Spring",0.68,1,"Free Shipping",1,1,0.489795918367347,"Debit Card","Annually","Middle Age",1,0,0,0,0,1,0,0,0,0,1,0,0,0,0,0,0,1,0,0,1,0,0,0,0,0,0
257,0.769230769230769,1,"Jewelry","Accessories",0.125,"South Dakota",4,"Violet","Spring",0.88,1,"Express",1,1,0.387755102040816,"Credit Card","Every 3 Months","Senior",1,0,0,0,0,1,0,0,0,1,0,0,0,0,0,0,1,0,0,0,0,0,1,0,0,0,0
258,0.0384615384615385,1,"Handbag","Accessories",0.4125,"West Virginia",2,"Red","Summer",0.8,1,"Express",1,1,0.0816326530612245,"Credit Card","Quarterly","Young Adult",1,0,0,0,0,0,1,0,0,1,0,0,0,0,0,0,1,0,0,0,0,0,0,0,0,1,0
259,0.826923076923077,1,"Gloves","Accessories",0.675,"Alabama",1,"Lavender","Spring",0.12,1,"Express",1,1,0.306122448979592,"Cash","Quarterly","Senior",1,0,0,0,0,1,0,0,0,1,0,0,0,0,0,1,0,0,0,0,0,0,0,0,0,1,0
260,0.269230769230769,1,"Jeans","Clothing",0.4625,"Louisiana",2,"Gold","Fall",0.16,1,"Standard",1,1,0.244897959183673,"Debit Card","Annually","Adult",0,1,0,0,1,0,0,0,0,0,0,0,1,0,0,0,0,1,0,0,1,0,0,0,0,0,0
261,0.384615384615385,1,"Hat","Accessories",0.4625,"Montana",1,"Red","Winter",0.28,1,"2-Day Shipping",1,1,0.204081632653061,"Credit Card","Every 3 Months","Middle Age",1,0,0,0,0,0,0,1,1,0,0,0,0,0,0,0,1,0,0,0,0,0,1,0,0,0,0
262,0.0576923076923077,1,"Jeans","Clothing",0.7125,"California",3,"Magenta","Winter",0.96,1,"Standard",1,1,0.408163265306122,"Credit Card","Annually","Young Adult",0,1,0,0,0,0,0,1,0,0,0,0,1,0,0,0,1,0,0,0,1,0,0,0,0,0,0
263,0.365384615384615,1,"Pants","Clothing",0.25,"Hawaii",2,"Teal","Summer",0.52,1,"Next Day Air",1,1,0.102040816326531,"Debit Card","Annually","Middle Age",0,1,0,0,0,0,1,0,0,0,0,1,0,0,0,0,0,1,0,0,1,0,0,0,0,0,0
264,0.173076923076923,1,"Shorts","Clothing",0.325,"Iowa",2,"Purple","Summer",0.72,1,"Store Pickup",1,1,0.571428571428571,"Venmo","Monthly","Adult",0,1,0,0,0,0,1,0,0,0,0,0,0,1,0,0,0,0,0,1,0,0,0,0,1,0,0
265,0.346153846153846,1,"Pants","Clothing",0.725,"Colorado",1,"Charcoal","Fall",0.56,1,"Store Pickup",1,1,0.285714285714286,"Cash","Annually","Middle Age",0,1,0,0,1,0,0,0,0,0,0,0,0,1,0,1,0,0,0,0,1,0,0,0,0,0,0
266,0.269230769230769,1,"Backpack","Accessories",0.4875,"Michigan",2,"Gray","Spring",0.28,1,"2-Day Shipping",1,1,0.326530612244898,"Bank Transfer","Bi-Weekly","Adult",1,0,0,0,0,1,0,0,1,0,0,0,0,0,1,0,0,0,0,0,0,1,0,0,0,0,0
267,0.634615384615385,1,"Jewelry","Accessories",0.6875,"Louisiana",3,"White","Summer",0.24,1,"Express",1,1,0.63265306122449,"Credit Card","Weekly","Senior",1,0,0,0,0,0,1,0,0,1,0,0,0,0,0,0,1,0,0,0,0,0,0,0,0,0,1
268,0.884615384615385,1,"Sweater","Clothing",0.425,"Maryland",2,"Olive","Spring",0.56,1,"2-Day Shipping",1,1,0.836734693877551,"Venmo","Annually","Senior",0,1,0,0,0,1,0,0,1,0,0,0,0,0,0,0,0,0,0,1,1,0,0,0,0,0,0
269,0.961538461538462,1,"Shoes","Footwear",0.275,"Georgia",2,"Charcoal","Spring",0.04,1,"Store Pickup",1,1,0.408163265306122,"Cash","Monthly","Senior",0,0,1,0,0,1,0,0,0,0,0,0,0,1,0,1,0,0,0,0,0,0,0,0,1,0,0
270,0.961538461538462,1,"Blouse","Clothing",0.3,"Georgia",2,"Charcoal","Winter",0.32,1,"Next Day Air",1,1,0.163265306122449,"Cash","Bi-Weekly","Senior",0,1,0,0,0,0,0,1,0,0,0,1,0,0,0,1,0,0,0,0,0,1,0,0,0,0,0
271,0.288461538461538,1,"Jeans","Clothing",0.4,"North Dakota",4,"Orange","Fall",0.84,1,"Free Shipping",1,1,0.306122448979592,"Bank Transfer","Annually","Adult",0,1,0,0,1,0,0,0,0,0,1,0,0,0,1,0,0,0,0,0,1,0,0,0,0,0,0
272,0.903846153846154,1,"Sunglasses","Accessories",0.6125,"Maryland",4,"Yellow","Summer",0.84,1,"Express",1,1,0.836734693877551,"Credit Card","Fortnightly","Senior",1,0,0,0,0,0,1,0,0,1,0,0,0,0,0,0,1,0,0,0,0,0,0,1,0,0,0
273,0.576923076923077,1,"Jewelry","Accessories",0.075,"Oregon",2,"Beige","Summer",0.76,1,"2-Day Shipping",1,1,0.73469387755102,"Debit Card","Bi-Weekly","Middle Age",1,0,0,0,0,0,1,0,1,0,0,0,0,0,0,0,0,1,0,0,0,1,0,0,0,0,0
274,0.980769230769231,1,"Coat","Outerwear",0.1625,"North Dakota",1,"Silver","Spring",0.68,1,"Express",1,1,0.63265306122449,"Debit Card","Quarterly","Senior",0,0,0,1,0,1,0,0,0,1,0,0,0,0,0,0,0,1,0,0,0,0,0,0,0,1,0
275,0.788461538461538,1,"Jewelry","Accessories",0.15,"Maryland",2,"Indigo","Spring",0.2,1,"Express",1,1,0.551020408163265,"Cash","Bi-Weekly","Senior",1,0,0,0,0,1,0,0,0,1,0,0,0,0,0,1,0,0,0,0,0,1,0,0,0,0,0
276,0.576923076923077,1,"Backpack","Accessories",0.8125,"Virginia",4,"Lavender","Winter",0.6,1,"Express",1,1,0.244897959183673,"Credit Card","Weekly","Middle Age",1,0,0,0,0,0,0,1,0,1,0,0,0,0,0,0,1,0,0,0,0,0,0,0,0,0,1
277,0.134615384615385,1,"Skirt","Clothing",0.125,"South Dakota",4,"Turquoise","Fall",0.4,1,"Express",1,1,0.204081632653061,"Bank Transfer","Fortnightly","Young Adult",0,1,0,0,1,0,0,0,0,1,0,0,0,0,1,0,0,0,0,0,0,0,0,1,0,0,0
278,0.211538461538462,1,"Shirt","Clothing",0.1125,"Georgia",2,"Green","Winter",0.2,1,"Store Pickup",1,1,0.714285714285714,"Bank Transfer","Bi-Weekly","Adult",0,1,0,0,0,0,0,1,0,0,0,0,0,1,1,0,0,0,0,0,0,1,0,0,0,0,0
279,0.75,1,"Sweater","Clothing",0.9375,"Hawaii",2,"Orange","Spring",0.48,1,"Express",1,1,0.448979591836735,"Debit Card","Annually","Senior",0,1,0,0,0,1,0,0,0,1,0,0,0,0,0,0,0,1,0,0,1,0,0,0,0,0,0
280,0.0961538461538462,1,"Sneakers","Footwear",0.6125,"Arkansas",3,"Turquoise","Summer",0.6,1,"Standard",1,1,0.73469387755102,"Bank Transfer","Monthly","Young Adult",0,0,1,0,0,0,1,0,0,0,0,0,1,0,1,0,0,0,0,0,0,0,0,0,1,0,0
281,0.519230769230769,1,"Sandals","Footwear",0.6125,"Montana",1,"Cyan","Fall",0.68,1,"2-Day Shipping",1,1,0.408163265306122,"Cash","Bi-Weekly","Middle Age",0,0,1,0,1,0,0,0,1,0,0,0,0,0,0,1,0,0,0,0,0,1,0,0,0,0,0
282,0.384615384615385,1,"Belt","Accessories",0.5125,"Oklahoma",4,"Charcoal","Spring",0,1,"Standard",1,1,0.428571428571429,"Debit Card","Bi-Weekly","Middle Age",1,0,0,0,0,1,0,0,0,0,0,0,1,0,0,0,0,1,0,0,0,1,0,0,0,0,0
283,0.0576923076923077,1,"Skirt","Clothing",0.925,"Minnesota",2,"Teal","Summer",0.2,1,"2-Day Shipping",1,1,0.163265306122449,"Cash","Monthly","Young Adult",0,1,0,0,0,0,1,0,1,0,0,0,0,0,0,1,0,0,0,0,0,0,0,0,1,0,0
284,0.269230769230769,1,"Sweater","Clothing",0.125,"Montana",1,"Maroon","Fall",0.28,1,"Next Day Air",1,1,0.306122448979592,"Venmo","Annually","Adult",0,1,0,0,1,0,0,0,0,0,0,1,0,0,0,0,0,0,0,1,1,0,0,0,0,0,0
285,0.865384615384615,1,"Skirt","Clothing",0.3125,"Ohio",2,"Red","Summer",0.4,1,"Standard",1,1,0.0612244897959184,"PayPal","Quarterly","Senior",0,1,0,0,0,0,1,0,0,0,0,0,1,0,0,0,0,0,1,0,0,0,0,0,0,1,0
286,0.211538461538462,1,"Handbag","Accessories",0.2375,"Kentucky",4,"Yellow","Summer",0.92,1,"Express",1,1,0.0408163265306122,"Debit Card","Bi-Weekly","Adult",1,0,0,0,0,0,1,0,0,1,0,0,0,0,0,0,0,1,0,0,0,1,0,0,0,0,0
287,0.173076923076923,1,"Jewelry","Accessories",0.3875,"Nebraska",3,"Gray","Summer",0.04,1,"Store Pickup",1,1,0.102040816326531,"Debit Card","Annually","Adult",1,0,0,0,0,0,1,0,0,0,0,0,0,1,0,0,0,1,0,0,1,0,0,0,0,0,0
288,0.730769230769231,1,"Scarf","Accessories",0.2125,"Delaware",3,"Blue","Spring",0.36,1,"2-Day Shipping",1,1,0.346938775510204,"Venmo","Fortnightly","Senior",1,0,0,0,0,1,0,0,1,0,0,0,0,0,0,0,0,0,0,1,0,0,0,1,0,0,0
289,0.230769230769231,1,"T-shirt","Clothing",0.525,"North Carolina",2,"Lavender","Winter",0.48,1,"2-Day Shipping",1,1,0.673469387755102,"Venmo","Bi-Weekly","Adult",0,1,0,0,0,0,0,1,1,0,0,0,0,0,0,0,0,0,0,1,0,1,0,0,0,0,0
290,0.596153846153846,1,"Coat","Outerwear",0.8125,"New York",2,"Yellow","Fall",0.8,1,"2-Day Shipping",1,1,0.510204081632653,"Credit Card","Monthly","Middle Age",0,0,0,1,1,0,0,0,1,0,0,0,0,0,0,0,1,0,0,0,0,0,0,0,1,0,0
291,0.769230769230769,1,"T-shirt","Clothing",0.1625,"Colorado",2,"Indigo","Winter",0.48,1,"Standard",1,1,1,"PayPal","Weekly","Senior",0,1,0,0,0,0,0,1,0,0,0,0,1,0,0,0,0,0,1,0,0,0,0,0,0,0,1
292,0.75,1,"Dress","Clothing",0.075,"Delaware",4,"Violet","Fall",0.32,1,"Next Day Air",1,1,0.795918367346939,"Bank Transfer","Monthly","Senior",0,1,0,0,1,0,0,0,0,0,0,1,0,0,1,0,0,0,0,0,0,0,0,0,1,0,0
293,0.807692307692308,1,"Shoes","Footwear",0.9875,"Utah",2,"Green","Spring",0.88,1,"Free Shipping",1,1,0.469387755102041,"Cash","Quarterly","Senior",0,0,1,0,0,1,0,0,0,0,1,0,0,0,0,1,0,0,0,0,0,0,0,0,0,1,0
294,0.980769230769231,1,"Handbag","Accessories",0.2375,"Connecticut",2,"White","Spring",0.0800000000000001,1,"Express",1,1,0.653061224489796,"PayPal","Annually","Senior",1,0,0,0,0,1,0,0,0,1,0,0,0,0,0,0,0,0,1,0,1,0,0,0,0,0,0
295,1,1,"Skirt","Clothing",0,"New Jersey",2,"Gold","Spring",0.84,1,"Store Pickup",1,1,0.36734693877551,"Credit Card","Every 3 Months","Senior",0,1,0,0,0,1,0,0,0,0,0,0,0,1,0,0,1,0,0,0,0,0,1,0,0,0,0
296,0.673076923076923,1,"Sunglasses","Accessories",0.275,"West Virginia",2,"Indigo","Winter",0.0800000000000001,1,"Store Pickup",1,1,0.469387755102041,"Credit Card","Quarterly","Senior",1,0,0,0,0,0,0,1,0,0,0,0,0,1,0,0,1,0,0,0,0,0,0,0,0,1,0
297,0.134615384615385,1,"Sandals","Footwear",0.675,"Indiana",1,"Lavender","Spring",0.92,1,"2-Day Shipping",1,1,0.36734693877551,"Credit Card","Weekly","Young Adult",0,0,1,0,0,1,0,0,1,0,0,0,0,0,0,0,1,0,0,0,0,0,0,0,0,0,1
298,0.576923076923077,1,"Shoes","Footwear",0.075,"Delaware",4,"Purple","Summer",0.76,1,"Standard",1,1,0.0612244897959184,"Credit Card","Bi-Weekly","Middle Age",0,0,1,0,0,0,1,0,0,0,0,0,1,0,0,0,1,0,0,0,0,1,0,0,0,0,0
299,0.980769230769231,1,"T-shirt","Clothing",0.4125,"Maryland",2,"Lavender","Winter",0.6,1,"Standard",1,1,0.204081632653061,"Venmo","Every 3 Months","Senior",0,1,0,0,0,0,0,1,0,0,0,0,1,0,0,0,0,0,0,1,0,0,1,0,0,0,0
300,0.134615384615385,1,"Sneakers","Footwear",0.75,"Pennsylvania",2,"Maroon","Summer",0.28,1,"Next Day Air",1,1,0.551020408163265,"PayPal","Fortnightly","Young Adult",0,0,1,0,0,0,1,0,0,0,0,1,0,0,0,0,0,0,1,0,0,0,0,1,0,0,0
301,0.211538461538462,1,"Hat","Accessories",0.975,"Iowa",2,"Teal","Spring",0.76,1,"Store Pickup",1,1,0.469387755102041,"PayPal","Weekly","Adult",1,0,0,0,0,1,0,0,0,0,0,0,0,1,0,0,0,0,1,0,0,0,0,0,0,0,1
302,0.538461538461538,1,"Skirt","Clothing",0.9375,"Pennsylvania",2,"Green","Spring",0.52,1,"Standard",1,1,0.489795918367347,"Credit Card","Every 3 Months","Middle Age",0,1,0,0,0,1,0,0,0,0,0,0,1,0,0,0,1,0,0,0,0,0,1,0,0,0,0
303,0.365384615384615,1,"Sweater","Clothing",0.3,"Delaware",3,"Olive","Summer",0.44,1,"Express",1,1,0.530612244897959,"Bank Transfer","Every 3 Months","Middle Age",0,1,0,0,0,0,1,0,0,1,0,0,0,0,1,0,0,0,0,0,0,0,1,0,0,0,0
304,0.0384615384615385,1,"Sandals","Footwear",0.5,"Oregon",2,"Turquoise","Summer",0.32,1,"Next Day Air",1,1,0.979591836734694,"Venmo","Weekly","Young Adult",0,0,1,0,0,0,1,0,0,0,0,1,0,0,0,0,0,0,0,1,0,0,0,0,0,0,1
305,0.423076923076923,1,"Dress","Clothing",0.8,"Oregon",2,"Green","Winter",0.36,1,"Next Day Air",1,1,0.897959183673469,"Credit Card","Bi-Weekly","Middle Age",0,1,0,0,0,0,0,1,0,0,0,1,0,0,0,0,1,0,0,0,0,1,0,0,0,0,0
306,0.807692307692308,1,"Sweater","Clothing",0.4875,"Utah",2,"Teal","Fall",0.4,1,"2-Day Shipping",1,1,0.510204081632653,"PayPal","Annually","Senior",0,1,0,0,1,0,0,0,1,0,0,0,0,0,0,0,0,0,1,0,1,0,0,0,0,0,0
307,0.153846153846154,1,"Jacket","Outerwear",0.3625,"North Dakota",1,"White","Summer",0.44,1,"Express",1,1,0.0612244897959184,"Cash","Annually","Adult",0,0,0,1,0,0,1,0,0,1,0,0,0,0,0,1,0,0,0,0,1,0,0,0,0,0,0
308,0.211538461538462,1,"Gloves","Accessories",0.15,"Florida",2,"Orange","Winter",0.28,1,"Free Shipping",1,1,0.0408163265306122,"Credit Card","Every 3 Months","Adult",1,0,0,0,0,0,0,1,0,0,1,0,0,0,0,0,1,0,0,0,0,0,1,0,0,0,0
309,0.923076923076923,1,"Handbag","Accessories",0.1125,"Maryland",2,"Beige","Fall",0.48,1,"Standard",1,1,0.897959183673469,"Venmo","Bi-Weekly","Senior",1,0,0,0,1,0,0,0,0,0,0,0,1,0,0,0,0,0,0,1,0,1,0,0,0,0,0
310,0.923076923076923,1,"Dress","Clothing",0.025,"Minnesota",2,"Yellow","Spring",0.8,1,"Standard",1,1,0.408163265306122,"Cash","Fortnightly","Senior",0,1,0,0,0,1,0,0,0,0,0,0,1,0,0,1,0,0,0,0,0,0,0,1,0,0,0
311,0.730769230769231,1,"Pants","Clothing",0.8125,"Montana",2,"Charcoal","Winter",0.84,1,"Standard",1,1,1,"Cash","Fortnightly","Senior",0,1,0,0,0,0,0,1,0,0,0,0,1,0,0,1,0,0,0,0,0,0,0,1,0,0,0
312,0.980769230769231,1,"Jeans","Clothing",0.4,"Rhode Island",3,"Silver","Winter",0.64,1,"Store Pickup",1,1,0.36734693877551,"Bank Transfer","Monthly","Senior",0,1,0,0,0,0,0,1,0,0,0,0,0,1,1,0,0,0,0,0,0,0,0,0,1,0,0
313,0.384615384615385,1,"Pants","Clothing",0.8625,"Massachusetts",3,"Green","Spring",0.36,1,"Next Day Air",1,1,0.102040816326531,"PayPal","Annually","Middle Age",0,1,0,0,0,1,0,0,0,0,0,1,0,0,0,0,0,0,1,0,1,0,0,0,0,0,0
314,0.461538461538462,1,"Dress","Clothing",0.7125,"Vermont",2,"Pink","Spring",0.48,1,"Express",1,1,1,"Credit Card","Every 3 Months","Middle Age",0,1,0,0,0,1,0,0,0,1,0,0,0,0,0,0,1,0,0,0,0,0,1,0,0,0,0
315,0.230769230769231,1,"Pants","Clothing",0.05,"New Jersey",2,"Purple","Summer",0.32,1,"Store Pickup",1,1,0.326530612244898,"Debit Card","Every 3 Months","Adult",0,1,0,0,0,0,1,0,0,0,0,0,0,1,0,0,0,1,0,0,0,0,1,0,0,0,0
316,0.923076923076923,1,"Jewelry","Accessories",0.05,"Wisconsin",4,"Orange","Spring",0.8,1,"Express",1,1,0.469387755102041,"Debit Card","Annually","Senior",1,0,0,0,0,1,0,0,0,1,0,0,0,0,0,0,0,1,0,0,1,0,0,0,0,0,0
317,0.346153846153846,1,"Handbag","Accessories",0.025,"California",2,"Charcoal","Fall",0.32,1,"Free Shipping",1,1,0.918367346938776,"Venmo","Monthly","Middle Age",1,0,0,0,1,0,0,0,0,0,1,0,0,0,0,0,0,0,0,1,0,0,0,0,1,0,0
318,0.769230769230769,1,"Sweater","Clothing",0.775,"West Virginia",3,"Teal","Fall",0.72,1,"Standard",1,1,0.836734693877551,"Cash","Every 3 Months","Senior",0,1,0,0,1,0,0,0,0,0,0,0,1,0,0,1,0,0,0,0,0,0,1,0,0,0,0
319,0.519230769230769,1,"Backpack","Accessories",0.5875,"South Dakota",2,"Beige","Winter",0,1,"Standard",1,1,0.183673469387755,"Cash","Annually","Middle Age",1,0,0,0,0,0,0,1,0,0,0,0,1,0,0,1,0,0,0,0,1,0,0,0,0,0,0
320,0.557692307692308,1,"Shorts","Clothing",0.675,"Maine",4,"White","Spring",0.04,1,"Standard",1,1,0,"Cash","Every 3 Months","Middle Age",0,1,0,0,0,1,0,0,0,0,0,0,1,0,0,1,0,0,0,0,0,0,1,0,0,0,0
321,0.923076923076923,1,"Jewelry","Accessories",0.65,"Kansas",3,"White","Summer",0.96,1,"Standard",1,1,0.551020408163265,"Debit Card","Quarterly","Senior",1,0,0,0,0,0,1,0,0,0,0,0,1,0,0,0,0,1,0,0,0,0,0,0,0,1,0
322,0.442307692307692,1,"Sneakers","Footwear",0.2,"Vermont",3,"Orange","Summer",0.88,1,"Free Shipping",1,1,0.959183673469388,"Debit Card","Quarterly","Middle Age",0,0,1,0,0,0,1,0,0,0,1,0,0,0,0,0,0,1,0,0,0,0,0,0,0,1,0
323,0.442307692307692,1,"Belt","Accessories",0.9375,"Tennessee",1,"Cyan","Winter",0.2,1,"Standard",1,1,0.938775510204082,"Credit Card","Monthly","Middle Age",1,0,0,0,0,0,0,1,0,0,0,0,1,0,0,0,1,0,0,0,0,0,0,0,1,0,0
324,0.923076923076923,1,"Hoodie","Clothing",0.725,"Tennessee",2,"Orange","Winter",0.4,1,"Next Day Air",1,1,0.571428571428571,"PayPal","Bi-Weekly","Senior",0,1,0,0,0,0,0,1,0,0,0,1,0,0,0,0,0,0,1,0,0,1,0,0,0,0,0
325,0.365384615384615,1,"Shirt","Clothing",0.775,"Wyoming",2,"Olive","Summer",0.92,1,"Standard",1,1,0.73469387755102,"Venmo","Quarterly","Middle Age",0,1,0,0,0,0,1,0,0,0,0,0,1,0,0,0,0,0,0,1,0,0,0,0,0,1,0
326,1,1,"Pants","Clothing",0.625,"Vermont",2,"Charcoal","Winter",0.72,1,"Free Shipping",1,1,0.755102040816326,"Debit Card","Annually","Senior",0,1,0,0,0,0,0,1,0,0,1,0,0,0,0,0,0,1,0,0,1,0,0,0,0,0,0
327,0.846153846153846,1,"Scarf","Accessories",0.2625,"New Jersey",2,"White","Fall",0.28,1,"Store Pickup",1,1,0.959183673469388,"Bank Transfer","Weekly","Senior",1,0,0,0,1,0,0,0,0,0,0,0,0,1,1,0,0,0,0,0,0,0,0,0,0,0,1
328,0.826923076923077,1,"Coat","Outerwear",0.275,"Iowa",2,"Teal","Summer",0.24,1,"Free Shipping",1,1,0.714285714285714,"PayPal","Weekly","Senior",0,0,0,1,0,0,1,0,0,0,1,0,0,0,0,0,0,0,1,0,0,0,0,0,0,0,1
329,0.576923076923077,1,"Coat","Outerwear",0.375,"Florida",2,"Yellow","Fall",0.12,1,"Free Shipping",1,1,0.163265306122449,"Credit Card","Weekly","Middle Age",0,0,0,1,1,0,0,0,0,0,1,0,0,0,0,0,1,0,0,0,0,0,0,0,0,0,1
330,1,1,"Socks","Clothing",0.1375,"Nevada",1,"White","Summer",0.16,1,"2-Day Shipping",1,1,0.673469387755102,"Bank Transfer","Monthly","Senior",0,1,0,0,0,0,1,0,1,0,0,0,0,0,1,0,0,0,0,0,0,0,0,0,1,0,0
331,0.538461538461538,1,"Sweater","Clothing",0.3875,"North Dakota",2,"Beige","Winter",0.52,1,"Express",1,1,0.857142857142857,"Venmo","Bi-Weekly","Middle Age",0,1,0,0,0,0,0,1,0,1,0,0,0,0,0,0,0,0,0,1,0,1,0,0,0,0,0
332,0.25,1,"Shirt","Clothing",0.975,"Florida",3,"Beige","Fall",0.32,1,"Store Pickup",1,1,0.918367346938776,"PayPal","Quarterly","Adult",0,1,0,0,1,0,0,0,0,0,0,0,0,1,0,0,0,0,1,0,0,0,0,0,0,1,0
333,0.0192307692307692,1,"Shirt","Clothing",0.825,"New York",2,"Maroon","Winter",0.12,1,"2-Day Shipping",1,1,0.0816326530612245,"Credit Card","Monthly","Young Adult",0,1,0,0,0,0,0,1,1,0,0,0,0,0,0,0,1,0,0,0,0,0,0,0,1,0,0
334,0.403846153846154,1,"Sweater","Clothing",0.55,"Alaska",2,"Teal","Winter",0.8,1,"Standard",1,1,0.285714285714286,"Bank Transfer","Bi-Weekly","Middle Age",0,1,0,0,0,0,0,1,0,0,0,0,1,0,1,0,0,0,0,0,0,1,0,0,0,0,0
335,0.442307692307692,1,"Blouse","Clothing",0.325,"Kansas",2,"Lavender","Fall",0.04,1,"Next Day Air",1,1,0.591836734693878,"Credit Card","Annually","Middle Age",0,1,0,0,1,0,0,0,0,0,0,1,0,0,0,0,1,0,0,0,1,0,0,0,0,0,0
336,0.0384615384615385,1,"Sweater","Clothing",0.8125,"Oregon",3,"Maroon","Spring",0.48,1,"Standard",1,1,0.877551020408163,"Venmo","Every 3 Months","Young Adult",0,1,0,0,0,1,0,0,0,0,0,0,1,0,0,0,0,0,0,1,0,0,1,0,0,0,0
337,0.346153846153846,1,"Hat","Accessories",0.7625,"Rhode Island",1,"Orange","Fall",0.76,1,"Express",1,1,0.306122448979592,"PayPal","Annually","Middle Age",1,0,0,0,1,0,0,0,0,1,0,0,0,0,0,0,0,0,1,0,1,0,0,0,0,0,0
338,0.269230769230769,1,"Sweater","Clothing",0.4875,"New Mexico",2,"Cyan","Winter",0.72,1,"2-Day Shipping",1,1,0.306122448979592,"Bank Transfer","Annually","Adult",0,1,0,0,0,0,0,1,1,0,0,0,0,0,1,0,0,0,0,0,1,0,0,0,0,0,0
339,0.980769230769231,1,"Hoodie","Clothing",0.7375,"Massachusetts",2,"Silver","Winter",0.4,1,"Express",1,1,0.306122448979592,"Cash","Weekly","Senior",0,1,0,0,0,0,0,1,0,1,0,0,0,0,0,1,0,0,0,0,0,0,0,0,0,0,1
340,0.423076923076923,1,"Shorts","Clothing",0.1625,"Pennsylvania",2,"Teal","Spring",0.52,1,"2-Day Shipping",1,1,0.408163265306122,"Credit Card","Every 3 Months","Middle Age",0,1,0,0,0,1,0,0,1,0,0,0,0,0,0,0,1,0,0,0,0,0,1,0,0,0,0
341,0.423076923076923,1,"Shorts","Clothing",0.3375,"New Jersey",3,"Blue","Summer",0.4,1,"Express",1,1,0.775510204081633,"Venmo","Every 3 Months","Middle Age",0,1,0,0,0,0,1,0,0,1,0,0,0,0,0,0,0,0,0,1,0,0,1,0,0,0,0
342,0.0384615384615385,1,"Hat","Accessories",0,"Utah",1,"Blue","Summer",0.84,1,"Store Pickup",1,1,0.795918367346939,"Debit Card","Bi-Weekly","Young Adult",1,0,0,0,0,0,1,0,0,0,0,0,0,1,0,0,0,1,0,0,0,1,0,0,0,0,0
343,0.884615384615385,1,"Coat","Outerwear",0.2,"Kentucky",2,"Olive","Spring",0.04,1,"Next Day Air",1,1,0.959183673469388,"Credit Card","Every 3 Months","Senior",0,0,0,1,0,1,0,0,0,0,0,1,0,0,0,0,1,0,0,0,0,0,1,0,0,0,0
344,0.173076923076923,1,"Sandals","Footwear",0.2375,"Nebraska",2,"Purple","Summer",0.76,1,"Next Day Air",1,1,0.510204081632653,"Venmo","Monthly","Adult",0,0,1,0,0,0,1,0,0,0,0,1,0,0,0,0,0,0,0,1,0,0,0,0,1,0,0
345,0.115384615384615,1,"Skirt","Clothing",0.6375,"Virginia",2,"Charcoal","Winter",0.6,1,"Standard",1,1,0.918367346938776,"Debit Card","Monthly","Young Adult",0,1,0,0,0,0,0,1,0,0,0,0,1,0,0,0,0,1,0,0,0,0,0,0,1,0,0
346,0.576923076923077,1,"Shoes","Footwear",0.4875,"Wyoming",1,"Olive","Winter",0.76,1,"Next Day Air",1,1,0.530612244897959,"Bank Transfer","Annually","Middle Age",0,0,1,0,0,0,0,1,0,0,0,1,0,0,1,0,0,0,0,0,1,0,0,0,0,0,0
347,0.596153846153846,1,"Jeans","Clothing",0.375,"New Mexico",3,"Violet","Spring",0.88,1,"Next Day Air",1,1,0.0816326530612245,"Cash","Weekly","Middle Age",0,1,0,0,0,1,0,0,0,0,0,1,0,0,0,1,0,0,0,0,0,0,0,0,0,0,1
348,0.346153846153846,1,"Sandals","Footwear",0.2625,"Oregon",3,"Red","Fall",0.56,1,"Store Pickup",1,1,0.857142857142857,"PayPal","Fortnightly","Middle Age",0,0,1,0,1,0,0,0,0,0,0,0,0,1,0,0,0,0,1,0,0,0,0,1,0,0,0
349,0.730769230769231,1,"Blouse","Clothing",0.4875,"South Carolina",2,"Beige","Fall",0.0800000000000001,1,"Free Shipping",1,1,0.326530612244898,"PayPal","Fortnightly","Senior",0,1,0,0,1,0,0,0,0,0,1,0,0,0,0,0,0,0,1,0,0,0,0,1,0,0,0
350,0.365384615384615,1,"Hat","Accessories",0.8375,"Arizona",2,"Green","Winter",0.48,1,"2-Day Shipping",1,1,0.0408163265306122,"Bank Transfer","Bi-Weekly","Middle Age",1,0,0,0,0,0,0,1,1,0,0,0,0,0,1,0,0,0,0,0,0,1,0,0,0,0,0
351,0.461538461538462,1,"Sweater","Clothing",0.6,"Kentucky",2,"Violet","Spring",0.04,1,"2-Day Shipping",1,1,0.938775510204082,"Bank Transfer","Fortnightly","Middle Age",0,1,0,0,0,1,0,0,1,0,0,0,0,0,1,0,0,0,0,0,0,0,0,1,0,0,0
352,0.192307692307692,1,"Skirt","Clothing",0.875,"New York",2,"Teal","Winter",0.56,1,"Standard",1,1,0.469387755102041,"Debit Card","Bi-Weekly","Adult",0,1,0,0,0,0,0,1,0,0,0,0,1,0,0,0,0,1,0,0,0,1,0,0,0,0,0
353,0.173076923076923,1,"Jeans","Clothing",0.6375,"Texas",4,"Yellow","Fall",0.96,1,"Next Day Air",1,1,0.224489795918367,"Cash","Every 3 Months","Adult",0,1,0,0,1,0,0,0,0,0,0,1,0,0,0,1,0,0,0,0,0,0,1,0,0,0,0
354,0.865384615384615,1,"Sneakers","Footwear",0.55,"Missouri",3,"Yellow","Fall",0.64,1,"Store Pickup",1,1,0.693877551020408,"Debit Card","Monthly","Senior",0,0,1,0,1,0,0,0,0,0,0,0,0,1,0,0,0,1,0,0,0,0,0,0,1,0,0
355,0.769230769230769,1,"Jewelry","Accessories",0.7,"Pennsylvania",1,"Olive","Fall",0.2,1,"Free Shipping",1,1,0.836734693877551,"Venmo","Weekly","Senior",1,0,0,0,1,0,0,0,0,0,1,0,0,0,0,0,0,0,0,1,0,0,0,0,0,0,1
356,0.365384615384615,1,"Jewelry","Accessories",0.275,"Oregon",4,"Magenta","Fall",0.64,1,"2-Day Shipping",1,1,0,"PayPal","Every 3 Months","Middle Age",1,0,0,0,1,0,0,0,1,0,0,0,0,0,0,0,0,0,1,0,0,0,1,0,0,0,0
357,0.730769230769231,1,"Pants","Clothing",0.75,"Nevada",3,"Black","Spring",0.52,1,"Standard",1,1,0.530612244897959,"Cash","Weekly","Senior",0,1,0,0,0,1,0,0,0,0,0,0,1,0,0,1,0,0,0,0,0,0,0,0,0,0,1
358,0,1,"Belt","Accessories",0.45,"Arkansas",2,"Olive","Spring",0.6,1,"Standard",1,1,0.306122448979592,"Credit Card","Bi-Weekly","Young Adult",1,0,0,0,0,1,0,0,0,0,0,0,1,0,0,0,1,0,0,0,0,1,0,0,0,0,0
359,0.576923076923077,1,"Hat","Accessories",0.0625,"Minnesota",4,"Magenta","Summer",0.44,1,"Express",1,1,0.714285714285714,"Credit Card","Every 3 Months","Middle Age",1,0,0,0,0,0,1,0,0,1,0,0,0,0,0,0,1,0,0,0,0,0,1,0,0,0,0
360,0.25,1,"Sneakers","Footwear",0.675,"Georgia",2,"Olive","Winter",0.2,1,"Store Pickup",1,1,0.591836734693878,"Credit Card","Every 3 Months","Adult",0,0,1,0,0,0,0,1,0,0,0,0,0,1,0,0,1,0,0,0,0,0,1,0,0,0,0
361,0.634615384615385,1,"Pants","Clothing",0.125,"Rhode Island",2,"Teal","Summer",0.2,1,"Standard",1,1,0.346938775510204,"Debit Card","Fortnightly","Senior",0,1,0,0,0,0,1,0,0,0,0,0,1,0,0,0,0,1,0,0,0,0,0,1,0,0,0
362,0.903846153846154,1,"T-shirt","Clothing",0.95,"Nevada",2,"White","Spring",0.04,1,"Free Shipping",1,1,0.897959183673469,"Cash","Annually","Senior",0,1,0,0,0,1,0,0,0,0,1,0,0,0,0,1,0,0,0,0,1,0,0,0,0,0,0
363,0.673076923076923,1,"Sneakers","Footwear",0.55,"Texas",2,"Charcoal","Fall",0.36,1,"Free Shipping",1,1,0,"Venmo","Fortnightly","Senior",0,0,1,0,1,0,0,0,0,0,1,0,0,0,0,0,0,0,0,1,0,0,0,1,0,0,0
364,0.711538461538462,1,"Shorts","Clothing",0.85,"Florida",3,"Yellow","Winter",0.24,1,"Free Shipping",1,1,0.836734693877551,"Bank Transfer","Fortnightly","Senior",0,1,0,0,0,0,0,1,0,0,1,0,0,0,1,0,0,0,0,0,0,0,0,1,0,0,0
365,0.846153846153846,1,"Shoes","Footwear",0.85,"North Dakota",3,"Charcoal","Summer",0.2,1,"Free Shipping",1,1,0.122448979591837,"Venmo","Every 3 Months","Senior",0,0,1,0,0,0,1,0,0,0,1,0,0,0,0,0,0,0,0,1,0,0,1,0,0,0,0
366,0.711538461538462,1,"Gloves","Accessories",0.85,"West Virginia",4,"Gray","Summer",0.48,1,"Standard",1,1,1,"PayPal","Quarterly","Senior",1,0,0,0,0,0,1,0,0,0,0,0,1,0,0,0,0,0,1,0,0,0,0,0,0,1,0
367,0.884615384615385,1,"Socks","Clothing",0.2,"Nebraska",2,"Turquoise","Spring",0.4,1,"Store Pickup",1,1,0.73469387755102,"Venmo","Fortnightly","Senior",0,1,0,0,0,1,0,0,0,0,0,0,0,1,0,0,0,0,0,1,0,0,0,1,0,0,0
368,0.653846153846154,1,"Dress","Clothing",0.25,"Tennessee",4,"Cyan","Spring",0.12,1,"Store Pickup",1,1,0.346938775510204,"Bank Transfer","Monthly","Senior",0,1,0,0,0,1,0,0,0,0,0,0,0,1,1,0,0,0,0,0,0,0,0,0,1,0,0
369,0.115384615384615,1,"Handbag","Accessories",0.2375,"Oklahoma",2,"Charcoal","Spring",0.8,1,"Standard",1,1,0.571428571428571,"Cash","Monthly","Young Adult",1,0,0,0,0,1,0,0,0,0,0,0,1,0,0,1,0,0,0,0,0,0,0,0,1,0,0
370,0.384615384615385,1,"Belt","Accessories",0.25,"Wisconsin",2,"Silver","Summer",0.32,1,"Store Pickup",1,1,0.897959183673469,"PayPal","Quarterly","Middle Age",1,0,0,0,0,0,1,0,0,0,0,0,0,1,0,0,0,0,1,0,0,0,0,0,0,1,0
371,0.788461538461538,1,"Scarf","Accessories",0.175,"Oregon",2,"Olive","Winter",0.36,1,"Express",1,1,0.244897959183673,"PayPal","Weekly","Senior",1,0,0,0,0,0,0,1,0,1,0,0,0,0,0,0,0,0,1,0,0,0,0,0,0,0,1
372,0.173076923076923,1,"Sneakers","Footwear",0.7875,"North Carolina",1,"Pink","Winter",0.28,1,"2-Day Shipping",1,1,0.938775510204082,"PayPal","Monthly","Adult",0,0,1,0,0,0,0,1,1,0,0,0,0,0,0,0,0,0,1,0,0,0,0,0,1,0,0
373,0.115384615384615,1,"Sweater","Clothing",0.8125,"Pennsylvania",3,"Orange","Summer",0.48,1,"Standard",1,1,0.122448979591837,"Debit Card","Weekly","Young Adult",0,1,0,0,0,0,1,0,0,0,0,0,1,0,0,0,0,1,0,0,0,0,0,0,0,0,1
374,0.0961538461538462,1,"Coat","Outerwear",0.0875,"North Dakota",3,"White","Summer",0.84,1,"Express",1,1,0.204081632653061,"Venmo","Bi-Weekly","Young Adult",0,0,0,1,0,0,1,0,0,1,0,0,0,0,0,0,0,0,0,1,0,1,0,0,0,0,0
375,0.980769230769231,1,"Jewelry","Accessories",0.725,"Ohio",1,"Purple","Spring",1,1,"Store Pickup",1,1,0.775510204081633,"Bank Transfer","Monthly","Senior",1,0,0,0,0,1,0,0,0,0,0,0,0,1,1,0,0,0,0,0,0,0,0,0,1,0,0
376,0.788461538461538,1,"Sunglasses","Accessories",0.15,"Oklahoma",2,"Olive","Summer",0.76,1,"Standard",1,1,0.102040816326531,"Debit Card","Quarterly","Senior",1,0,0,0,0,0,1,0,0,0,0,0,1,0,0,0,0,1,0,0,0,0,0,0,0,1,0
377,0.634615384615385,1,"Shoes","Footwear",0.3875,"South Carolina",1,"Gray","Fall",0.96,1,"Express",1,1,0.0204081632653061,"Venmo","Bi-Weekly","Senior",0,0,1,0,1,0,0,0,0,1,0,0,0,0,0,0,0,0,0,1,0,1,0,0,0,0,0
378,0.865384615384615,1,"Scarf","Accessories",0.15,"Maine",2,"Silver","Spring",0.64,1,"Standard",1,1,0.775510204081633,"Credit Card","Every 3 Months","Senior",1,0,0,0,0,1,0,0,0,0,0,0,1,0,0,0,1,0,0,0,0,0,1,0,0,0,0
379,0.692307692307692,1,"Dress","Clothing",0.525,"Nevada",3,"Orange","Winter",0.96,1,"Next Day Air",1,1,0.448979591836735,"Credit Card","Monthly","Senior",0,1,0,0,0,0,0,1,0,0,0,1,0,0,0,0,1,0,0,0,0,0,0,0,1,0,0
380,0.269230769230769,1,"T-shirt","Clothing",0.1125,"Montana",1,"Magenta","Fall",0.88,1,"2-Day Shipping",1,1,0.918367346938776,"Debit Card","Bi-Weekly","Adult",0,1,0,0,1,0,0,0,1,0,0,0,0,0,0,0,0,1,0,0,0,1,0,0,0,0,0
381,0.403846153846154,1,"Backpack","Accessories",0.6125,"New Hampshire",4,"Beige","Fall",0.2,1,"Store Pickup",1,1,0.36734693877551,"Bank Transfer","Weekly","Middle Age",1,0,0,0,1,0,0,0,0,0,0,0,0,1,1,0,0,0,0,0,0,0,0,0,0,0,1
382,0.923076923076923,1,"Jewelry","Accessories",0.0625,"Maine",3,"Lavender","Winter",0.36,1,"Store Pickup",1,1,0.0408163265306122,"Credit Card","Every 3 Months","Senior",1,0,0,0,0,0,0,1,0,0,0,0,0,1,0,0,1,0,0,0,0,0,1,0,0,0,0
383,0.192307692307692,1,"Jeans","Clothing",0.7,"California",2,"Peach","Winter",0.28,1,"Store Pickup",1,1,0.938775510204082,"PayPal","Quarterly","Adult",0,1,0,0,0,0,0,1,0,0,0,0,0,1,0,0,0,0,1,0,0,0,0,0,0,1,0
384,0.615384615384615,1,"Sunglasses","Accessories",0.7125,"West Virginia",1,"Magenta","Fall",0.52,1,"Standard",1,1,0.102040816326531,"PayPal","Quarterly","Middle Age",1,0,0,0,1,0,0,0,0,0,0,0,1,0,0,0,0,0,1,0,0,0,0,0,0,1,0
385,1,1,"Sweater","Clothing",0.1625,"California",2,"Beige","Fall",0.8,1,"2-Day Shipping",1,1,0.102040816326531,"Venmo","Annually","Senior",0,1,0,0,1,0,0,0,1,0,0,0,0,0,0,0,0,0,0,1,1,0,0,0,0,0,0
386,0.942307692307692,1,"Shorts","Clothing",0.9125,"West Virginia",1,"Yellow","Fall",0.0800000000000001,1,"Next Day Air",1,1,0.224489795918367,"Credit Card","Bi-Weekly","Senior",0,1,0,0,1,0,0,0,0,0,0,1,0,0,0,0,1,0,0,0,0,1,0,0,0,0,0
387,0.884615384615385,1,"Jewelry","Accessories",0.2375,"Louisiana",3,"Brown","Spring",0.36,1,"Express",1,1,0.795918367346939,"PayPal","Quarterly","Senior",1,0,0,0,0,1,0,0,0,1,0,0,0,0,0,0,0,0,1,0,0,0,0,0,0,1,0
388,0.519230769230769,1,"Coat","Outerwear",0.9125,"Georgia",3,"Silver","Summer",0.84,1,"Store Pickup",1,1,0.755102040816326,"PayPal","Fortnightly","Middle Age",0,0,0,1,0,0,1,0,0,0,0,0,0,1,0,0,0,0,1,0,0,0,0,1,0,0,0
389,0.0769230769230769,1,"Handbag","Accessories",0.775,"Washington",2,"Orange","Summer",0.0800000000000001,1,"Store Pickup",1,1,0.183673469387755,"PayPal","Quarterly","Young Adult",1,0,0,0,0,0,1,0,0,0,0,0,0,1,0,0,0,0,1,0,0,0,0,0,0,1,0
390,0.173076923076923,1,"Boots","Footwear",0.275,"Virginia",3,"Purple","Spring",0.68,1,"Standard",1,1,0.551020408163265,"Bank Transfer","Monthly","Adult",0,0,1,0,0,1,0,0,0,0,0,0,1,0,1,0,0,0,0,0,0,0,0,0,1,0,0
391,0.134615384615385,1,"Gloves","Accessories",0.6375,"Indiana",2,"Indigo","Winter",0.28,1,"2-Day Shipping",1,1,0.36734693877551,"PayPal","Annually","Young Adult",1,0,0,0,0,0,0,1,1,0,0,0,0,0,0,0,0,0,1,0,1,0,0,0,0,0,0
392,0.365384615384615,1,"Sweater","Clothing",0.825,"Minnesota",3,"Gray","Spring",0.92,1,"Standard",1,1,0.489795918367347,"Cash","Fortnightly","Middle Age",0,1,0,0,0,1,0,0,0,0,0,0,1,0,0,1,0,0,0,0,0,0,0,1,0,0,0
393,0.153846153846154,1,"T-shirt","Clothing",0.775,"Idaho",4,"Black","Spring",0.32,1,"Next Day Air",1,1,0.755102040816326,"Credit Card","Annually","Adult",0,1,0,0,0,1,0,0,0,0,0,1,0,0,0,0,1,0,0,0,1,0,0,0,0,0,0
394,0.288461538461538,1,"Shoes","Footwear",0.5625,"Vermont",3,"Maroon","Fall",0.68,1,"Standard",1,1,0.102040816326531,"PayPal","Fortnightly","Adult",0,0,1,0,1,0,0,0,0,0,0,0,1,0,0,0,0,0,1,0,0,0,0,1,0,0,0
395,0.480769230769231,1,"Scarf","Accessories",0.1125,"North Dakota",2,"Beige","Spring",0.92,1,"Store Pickup",1,1,0.122448979591837,"Debit Card","Bi-Weekly","Middle Age",1,0,0,0,0,1,0,0,0,0,0,0,0,1,0,0,0,1,0,0,0,1,0,0,0,0,0
396,0.365384615384615,1,"Sneakers","Footwear",0.5625,"Rhode Island",3,"Brown","Winter",0.96,1,"Store Pickup",1,1,0.0204081632653061,"PayPal","Annually","Middle Age",0,0,1,0,0,0,0,1,0,0,0,0,0,1,0,0,0,0,1,0,1,0,0,0,0,0,0
397,0.538461538461538,1,"Dress","Clothing",0.85,"South Carolina",1,"Black","Fall",0.56,1,"Standard",1,1,0.469387755102041,"Bank Transfer","Annually","Middle Age",0,1,0,0,1,0,0,0,0,0,0,0,1,0,1,0,0,0,0,0,1,0,0,0,0,0,0
398,0.0769230769230769,1,"Belt","Accessories",0.325,"Mississippi",2,"Indigo","Fall",0.2,1,"Free Shipping",1,1,0.510204081632653,"Cash","Annually","Young Adult",1,0,0,0,1,0,0,0,0,0,1,0,0,0,0,1,0,0,0,0,1,0,0,0,0,0,0
399,0.0384615384615385,1,"Boots","Footwear",0.5875,"Montana",1,"Silver","Winter",0.84,1,"Free Shipping",1,1,0.489795918367347,"Debit Card","Every 3 Months","Young Adult",0,0,1,0,0,0,0,1,0,0,1,0,0,0,0,0,0,1,0,0,0,0,1,0,0,0,0
400,0.807692307692308,1,"Scarf","Accessories",0.1875,"Idaho",3,"Blue","Fall",0.4,1,"2-Day Shipping",1,1,0.183673469387755,"Debit Card","Monthly","Senior",1,0,0,0,1,0,0,0,1,0,0,0,0,0,0,0,0,1,0,0,0,0,0,0,1,0,0
401,0.403846153846154,1,"Boots","Footwear",0.575,"Utah",2,"Green","Winter",0.92,1,"Free Shipping",1,1,0.26530612244898,"PayPal","Fortnightly","Middle Age",0,0,1,0,0,0,0,1,0,0,1,0,0,0,0,0,0,0,1,0,0,0,0,1,0,0,0
402,0.480769230769231,1,"T-shirt","Clothing",0.8875,"Oklahoma",3,"Orange","Fall",0.92,1,"Standard",1,1,0.408163265306122,"Cash","Quarterly","Middle Age",0,1,0,0,1,0,0,0,0,0,0,0,1,0,0,1,0,0,0,0,0,0,0,0,0,1,0
403,0.25,1,"Backpack","Accessories",0.725,"California",3,"Cyan","Fall",0.2,1,"Express",1,1,0.510204081632653,"PayPal","Monthly","Adult",1,0,0,0,1,0,0,0,0,1,0,0,0,0,0,0,0,0,1,0,0,0,0,0,1,0,0
404,0.0192307692307692,1,"Sneakers","Footwear",0.3125,"Nevada",2,"Orange","Winter",0.8,1,"Next Day Air",1,1,0.224489795918367,"Bank Transfer","Annually","Young Adult",0,0,1,0,0,0,0,1,0,0,0,1,0,0,1,0,0,0,0,0,1,0,0,0,0,0,0
405,0.326923076923077,1,"T-shirt","Clothing",0.9125,"Delaware",2,"Indigo","Spring",0.92,1,"Store Pickup",1,1,0.204081632653061,"Credit Card","Monthly","Adult",0,1,0,0,0,1,0,0,0,0,0,0,0,1,0,0,1,0,0,0,0,0,0,0,1,0,0
406,0.442307692307692,1,"Jeans","Clothing",0.675,"South Carolina",1,"Silver","Summer",0.52,1,"Standard",1,1,0.285714285714286,"Cash","Annually","Middle Age",0,1,0,0,0,0,1,0,0,0,0,0,1,0,0,1,0,0,0,0,1,0,0,0,0,0,0
407,0.653846153846154,1,"Gloves","Accessories",0.4375,"Maryland",2,"Peach","Spring",0.84,1,"Express",1,1,0.244897959183673,"Cash","Monthly","Senior",1,0,0,0,0,1,0,0,0,1,0,0,0,0,0,1,0,0,0,0,0,0,0,0,1,0,0
408,0.519230769230769,1,"Hoodie","Clothing",0.7,"North Carolina",4,"Teal","Spring",0.24,1,"Next Day Air",1,1,0.0816326530612245,"Credit Card","Bi-Weekly","Middle Age",0,1,0,0,0,1,0,0,0,0,0,1,0,0,0,0,1,0,0,0,0,1,0,0,0,0,0
409,0.307692307692308,1,"Sneakers","Footwear",0.575,"Alabama",3,"White","Spring",0.36,1,"Express",1,1,0.714285714285714,"Cash","Fortnightly","Adult",0,0,1,0,0,1,0,0,0,1,0,0,0,0,0,1,0,0,0,0,0,0,0,1,0,0,0
410,0.326923076923077,1,"Shorts","Clothing",0.3875,"Minnesota",2,"Brown","Winter",0.32,1,"2-Day Shipping",1,1,0.63265306122449,"Bank Transfer","Monthly","Adult",0,1,0,0,0,0,0,1,1,0,0,0,0,0,1,0,0,0,0,0,0,0,0,0,1,0,0
411,0.211538461538462,1,"Sweater","Clothing",0.075,"Virginia",3,"Lavender","Spring",0.92,1,"2-Day Shipping",1,1,0,"Credit Card","Quarterly","Adult",0,1,0,0,0,1,0,0,1,0,0,0,0,0,0,0,1,0,0,0,0,0,0,0,0,1,0
412,0.788461538461538,1,"Jeans","Clothing",0.1125,"Michigan",2,"Indigo","Summer",0.12,1,"Express",1,1,0.285714285714286,"PayPal","Annually","Senior",0,1,0,0,0,0,1,0,0,1,0,0,0,0,0,0,0,0,1,0,1,0,0,0,0,0,0
413,0.115384615384615,1,"Jacket","Outerwear",0.675,"Maine",2,"Yellow","Summer",0.24,1,"Store Pickup",1,1,0.0408163265306122,"Bank Transfer","Weekly","Young Adult",0,0,0,1,0,0,1,0,0,0,0,0,0,1,1,0,0,0,0,0,0,0,0,0,0,0,1
414,1,1,"Jewelry","Accessories",0.9875,"Nevada",1,"White","Summer",0.84,1,"Free Shipping",1,1,0.959183673469388,"Cash","Monthly","Senior",1,0,0,0,0,0,1,0,0,0,1,0,0,0,0,1,0,0,0,0,0,0,0,0,1,0,0
415,0.211538461538462,1,"Backpack","Accessories",0.85,"Wyoming",3,"Violet","Winter",0.04,1,"Store Pickup",1,1,0.591836734693878,"Debit Card","Weekly","Adult",1,0,0,0,0,0,0,1,0,0,0,0,0,1,0,0,0,1,0,0,0,0,0,0,0,0,1
416,0.942307692307692,1,"Coat","Outerwear",0.1375,"Connecticut",2,"Lavender","Winter",0.04,1,"Express",1,1,0.795918367346939,"Bank Transfer","Monthly","Senior",0,0,0,1,0,0,0,1,0,1,0,0,0,0,1,0,0,0,0,0,0,0,0,0,1,0,0
417,0.346153846153846,1,"Belt","Accessories",0.4375,"Oregon",3,"Olive","Spring",0.52,1,"Free Shipping",1,1,0.469387755102041,"Bank Transfer","Fortnightly","Middle Age",1,0,0,0,0,1,0,0,0,0,1,0,0,0,1,0,0,0,0,0,0,0,0,1,0,0,0
418,0.0961538461538462,1,"Sandals","Footwear",0.7625,"Mississippi",3,"Beige","Fall",0.8,1,"Free Shipping",1,1,0.959183673469388,"Debit Card","Quarterly","Young Adult",0,0,1,0,1,0,0,0,0,0,1,0,0,0,0,0,0,1,0,0,0,0,0,0,0,1,0
419,0,1,"Sweater","Clothing",0.6625,"Illinois",3,"Purple","Spring",0.2,1,"Standard",1,1,0.530612244897959,"Venmo","Bi-Weekly","Young Adult",0,1,0,0,0,1,0,0,0,0,0,0,1,0,0,0,0,0,0,1,0,1,0,0,0,0,0
420,0.673076923076923,1,"Shorts","Clothing",0.8875,"Utah",1,"Teal","Winter",0.52,1,"Free Shipping",1,1,0.26530612244898,"Credit Card","Every 3 Months","Senior",0,1,0,0,0,0,0,1,0,0,1,0,0,0,0,0,1,0,0,0,0,0,1,0,0,0,0
421,0.269230769230769,1,"Socks","Clothing",0.425,"North Carolina",1,"Peach","Spring",0.52,1,"Free Shipping",1,1,0.346938775510204,"Debit Card","Bi-Weekly","Adult",0,1,0,0,0,1,0,0,0,0,1,0,0,0,0,0,0,1,0,0,0,1,0,0,0,0,0
422,0.384615384615385,1,"Shirt","Clothing",0.25,"Kentucky",2,"Violet","Winter",0.4,1,"Standard",1,1,0.959183673469388,"Cash","Bi-Weekly","Middle Age",0,1,0,0,0,0,0,1,0,0,0,0,1,0,0,1,0,0,0,0,0,1,0,0,0,0,0
423,0.557692307692308,1,"Pants","Clothing",0.4875,"Minnesota",2,"Purple","Fall",0.24,1,"Store Pickup",1,1,0.63265306122449,"Debit Card","Annually","Middle Age",0,1,0,0,1,0,0,0,0,0,0,0,0,1,0,0,0,1,0,0,1,0,0,0,0,0,0
424,0.538461538461538,1,"Scarf","Accessories",0.075,"New York",3,"Teal","Spring",0.2,1,"Store Pickup",1,1,0.408163265306122,"Credit Card","Bi-Weekly","Middle Age",1,0,0,0,0,1,0,0,0,0,0,0,0,1,0,0,1,0,0,0,0,1,0,0,0,0,0
425,0.923076923076923,1,"Sweater","Clothing",0.0375,"Illinois",2,"Gold","Winter",0.72,1,"Standard",1,1,0.836734693877551,"PayPal","Fortnightly","Senior",0,1,0,0,0,0,0,1,0,0,0,0,1,0,0,0,0,0,1,0,0,0,0,1,0,0,0
426,0.423076923076923,1,"Jeans","Clothing",0.8375,"North Dakota",1,"Teal","Winter",0.32,1,"Store Pickup",1,1,0.0612244897959184,"Credit Card","Quarterly","Middle Age",0,1,0,0,0,0,0,1,0,0,0,0,0,1,0,0,1,0,0,0,0,0,0,0,0,1,0
427,0.480769230769231,1,"Pants","Clothing",0.6375,"Louisiana",2,"Violet","Winter",0.88,1,"Express",1,1,0.36734693877551,"Credit Card","Quarterly","Middle Age",0,1,0,0,0,0,0,1,0,1,0,0,0,0,0,0,1,0,0,0,0,0,0,0,0,1,0
428,0.769230769230769,1,"Backpack","Accessories",0.8875,"Illinois",3,"Black","Winter",0.8,1,"Store Pickup",1,1,0.102040816326531,"Credit Card","Quarterly","Senior",1,0,0,0,0,0,0,1,0,0,0,0,0,1,0,0,1,0,0,0,0,0,0,0,0,1,0
429,0.0576923076923077,1,"Coat","Outerwear",0.55,"Wyoming",4,"Gold","Winter",0.16,1,"Free Shipping",1,1,0.0204081632653061,"Debit Card","Fortnightly","Young Adult",0,0,0,1,0,0,0,1,0,0,1,0,0,0,0,0,0,1,0,0,0,0,0,1,0,0,0
430,0.461538461538462,1,"Sandals","Footwear",0.925,"Washington",2,"Gold","Winter",0.64,1,"2-Day Shipping",1,1,0.408163265306122,"Cash","Fortnightly","Middle Age",0,0,1,0,0,0,0,1,1,0,0,0,0,0,0,1,0,0,0,0,0,0,0,1,0,0,0
431,0.115384615384615,1,"Shirt","Clothing",0.25,"Texas",2,"Brown","Summer",0.4,1,"Store Pickup",1,1,0.795918367346939,"Debit Card","Annually","Young Adult",0,1,0,0,0,0,1,0,0,0,0,0,0,1,0,0,0,1,0,0,1,0,0,0,0,0,0
432,0.480769230769231,1,"Hat","Accessories",0.7,"New Hampshire",3,"Cyan","Winter",0.36,1,"Store Pickup",1,1,0.653061224489796,"Cash","Fortnightly","Middle Age",1,0,0,0,0,0,0,1,0,0,0,0,0,1,0,1,0,0,0,0,0,0,0,1,0,0,0
433,0.557692307692308,1,"Shirt","Clothing",0.825,"Indiana",1,"Indigo","Fall",0.32,1,"Free Shipping",1,1,0.510204081632653,"Venmo","Weekly","Middle Age",0,1,0,0,1,0,0,0,0,0,1,0,0,0,0,0,0,0,0,1,0,0,0,0,0,0,1
434,0.596153846153846,1,"Skirt","Clothing",0.9,"Alabama",2,"Orange","Fall",0.28,1,"Store Pickup",1,1,0.448979591836735,"Credit Card","Fortnightly","Middle Age",0,1,0,0,1,0,0,0,0,0,0,0,0,1,0,0,1,0,0,0,0,0,0,1,0,0,0
435,0.615384615384615,1,"Shoes","Footwear",0.4,"Oklahoma",3,"Pink","Spring",0.6,1,"Store Pickup",1,1,0.775510204081633,"PayPal","Every 3 Months","Middle Age",0,0,1,0,0,1,0,0,0,0,0,0,0,1,0,0,0,0,1,0,0,0,1,0,0,0,0
436,0.634615384615385,1,"Coat","Outerwear",0.1,"Montana",4,"Olive","Winter",0.44,1,"Next Day Air",1,1,0.836734693877551,"Bank Transfer","Monthly","Senior",0,0,0,1,0,0,0,1,0,0,0,1,0,0,1,0,0,0,0,0,0,0,0,0,1,0,0
437,0.423076923076923,1,"Pants","Clothing",0.325,"Tennessee",3,"Cyan","Summer",0.84,1,"Free Shipping",1,1,0.816326530612245,"Bank Transfer","Weekly","Middle Age",0,1,0,0,0,0,1,0,0,0,1,0,0,0,1,0,0,0,0,0,0,0,0,0,0,0,1
438,0.519230769230769,1,"Jewelry","Accessories",0.375,"New Mexico",2,"Peach","Summer",0.04,1,"Next Day Air",1,1,0.816326530612245,"PayPal","Annually","Middle Age",1,0,0,0,0,0,1,0,0,0,0,1,0,0,0,0,0,0,1,0,1,0,0,0,0,0,0
439,0.653846153846154,1,"Belt","Accessories",0.0375,"Iowa",2,"Turquoise","Winter",0.72,1,"Express",1,1,0.224489795918367,"Credit Card","Fortnightly","Senior",1,0,0,0,0,0,0,1,0,1,0,0,0,0,0,0,1,0,0,0,0,0,0,1,0,0,0
440,0.846153846153846,1,"Jacket","Outerwear",0.375,"Idaho",2,"Turquoise","Summer",0.36,1,"Free Shipping",1,1,0.612244897959184,"Cash","Monthly","Senior",0,0,0,1,0,0,1,0,0,0,1,0,0,0,0,1,0,0,0,0,0,0,0,0,1,0,0
441,0.0384615384615385,1,"Shirt","Clothing",0.8625,"Oklahoma",4,"Maroon","Winter",0.4,1,"Store Pickup",1,1,0.673469387755102,"Debit Card","Fortnightly","Young Adult",0,1,0,0,0,0,0,1,0,0,0,0,0,1,0,0,0,1,0,0,0,0,0,1,0,0,0
442,0.480769230769231,1,"Hoodie","Clothing",0.7625,"Florida",2,"Maroon","Winter",0.68,1,"Standard",1,1,0.63265306122449,"Credit Card","Annually","Middle Age",0,1,0,0,0,0,0,1,0,0,0,0,1,0,0,0,1,0,0,0,1,0,0,0,0,0,0
443,0.211538461538462,1,"Sunglasses","Accessories",0.6125,"Michigan",2,"Olive","Fall",0.52,1,"Store Pickup",1,1,0.612244897959184,"Credit Card","Quarterly","Adult",1,0,0,0,1,0,0,0,0,0,0,0,0,1,0,0,1,0,0,0,0,0,0,0,0,1,0
444,0.0769230769230769,1,"Sunglasses","Accessories",0.5875,"Hawaii",2,"Magenta","Summer",0.44,1,"Free Shipping",1,1,0.469387755102041,"PayPal","Annually","Young Adult",1,0,0,0,0,0,1,0,0,0,1,0,0,0,0,0,0,0,1,0,1,0,0,0,0,0,0
445,0.576923076923077,1,"Dress","Clothing",0,"California",2,"Red","Summer",0.72,1,"Store Pickup",1,1,0.612244897959184,"Debit Card","Annually","Middle Age",0,1,0,0,0,0,1,0,0,0,0,0,0,1,0,0,0,1,0,0,1,0,0,0,0,0,0
446,0.461538461538462,1,"Boots","Footwear",0.1125,"Iowa",2,"Olive","Fall",0.96,1,"Standard",1,1,0.346938775510204,"Venmo","Annually","Middle Age",0,0,1,0,1,0,0,0,0,0,0,0,1,0,0,0,0,0,0,1,1,0,0,0,0,0,0
447,0.0192307692307692,1,"Shirt","Clothing",0.675,"West Virginia",2,"Silver","Summer",0.64,1,"Store Pickup",1,1,0.285714285714286,"Venmo","Monthly","Young Adult",0,1,0,0,0,0,1,0,0,0,0,0,0,1,0,0,0,0,0,1,0,0,0,0,1,0,0
448,0.807692307692308,1,"Shorts","Clothing",0.775,"Washington",1,"Turquoise","Spring",0.44,1,"Standard",1,1,0.122448979591837,"Bank Transfer","Every 3 Months","Senior",0,1,0,0,0,1,0,0,0,0,0,0,1,0,1,0,0,0,0,0,0,0,1,0,0,0,0
449,0.269230769230769,1,"Gloves","Accessories",0.0375,"Missouri",2,"Yellow","Summer",0.36,1,"Next Day Air",1,1,0.693877551020408,"Bank Transfer","Fortnightly","Adult",1,0,0,0,0,0,1,0,0,0,0,1,0,0,1,0,0,0,0,0,0,0,0,1,0,0,0
450,0.153846153846154,1,"Jewelry","Accessories",0.3125,"New York",3,"Peach","Summer",0.16,1,"2-Day Shipping",1,1,0.693877551020408,"Bank Transfer","Monthly","Adult",1,0,0,0,0,0,1,0,1,0,0,0,0,0,1,0,0,0,0,0,0,0,0,0,1,0,0
451,0.134615384615385,1,"Boots","Footwear",0.0125,"Connecticut",3,"Beige","Summer",0.0800000000000001,1,"Store Pickup",1,1,0.36734693877551,"Credit Card","Monthly","Young Adult",0,0,1,0,0,0,1,0,0,0,0,0,0,1,0,0,1,0,0,0,0,0,0,0,1,0,0
452,0.923076923076923,1,"Jewelry","Accessories",0.1375,"Virginia",2,"Pink","Summer",0.72,1,"Express",1,1,0.510204081632653,"Credit Card","Fortnightly","Senior",1,0,0,0,0,0,1,0,0,1,0,0,0,0,0,0,1,0,0,0,0,0,0,1,0,0,0
453,0.519230769230769,1,"Pants","Clothing",0.3125,"Missouri",2,"Violet","Summer",0.52,1,"Express",1,1,0.775510204081633,"PayPal","Fortnightly","Middle Age",0,1,0,0,0,0,1,0,0,1,0,0,0,0,0,0,0,0,1,0,0,0,0,1,0,0,0
454,0.692307692307692,1,"Jewelry","Accessories",0.45,"Nebraska",4,"Peach","Winter",0.12,1,"Next Day Air",1,1,0.428571428571429,"Credit Card","Weekly","Senior",1,0,0,0,0,0,0,1,0,0,0,1,0,0,0,0,1,0,0,0,0,0,0,0,0,0,1
455,0.365384615384615,1,"Jacket","Outerwear",0.9625,"New Jersey",1,"Gold","Summer",0.28,1,"Next Day Air",1,1,0.26530612244898,"Cash","Bi-Weekly","Middle Age",0,0,0,1,0,0,1,0,0,0,0,1,0,0,0,1,0,0,0,0,0,1,0,0,0,0,0
456,0.692307692307692,1,"Blouse","Clothing",1,"Utah",4,"Gold","Fall",0.44,1,"Store Pickup",1,1,1,"Debit Card","Fortnightly","Senior",0,1,0,0,1,0,0,0,0,0,0,0,0,1,0,0,0,1,0,0,0,0,0,1,0,0,0
457,0.615384615384615,1,"Blouse","Clothing",0.95,"North Carolina",1,"Indigo","Fall",0.6,1,"2-Day Shipping",1,1,0.653061224489796,"Credit Card","Quarterly","Middle Age",0,1,0,0,1,0,0,0,1,0,0,0,0,0,0,0,1,0,0,0,0,0,0,0,0,1,0
458,0.134615384615385,1,"Gloves","Accessories",0.9875,"Rhode Island",2,"Blue","Spring",0.96,1,"Next Day Air",1,1,0.959183673469388,"Debit Card","Every 3 Months","Young Adult",1,0,0,0,0,1,0,0,0,0,0,1,0,0,0,0,0,1,0,0,0,0,1,0,0,0,0
459,0.557692307692308,1,"Shorts","Clothing",0.8875,"Arkansas",3,"Black","Winter",0.6,1,"2-Day Shipping",1,1,0.959183673469388,"PayPal","Monthly","Middle Age",0,1,0,0,0,0,0,1,1,0,0,0,0,0,0,0,0,0,1,0,0,0,0,0,1,0,0
460,0.865384615384615,1,"Hat","Accessories",0.125,"Maryland",3,"Black","Winter",0.52,1,"Standard",1,1,0.530612244897959,"PayPal","Fortnightly","Senior",1,0,0,0,0,0,0,1,0,0,0,0,1,0,0,0,0,0,1,0,0,0,0,1,0,0,0
461,0.884615384615385,1,"Shoes","Footwear",0.5625,"South Carolina",3,"Teal","Summer",0.52,1,"Store Pickup",1,1,0.530612244897959,"Bank Transfer","Weekly","Senior",0,0,1,0,0,0,1,0,0,0,0,0,0,1,1,0,0,0,0,0,0,0,0,0,0,0,1
462,0,1,"Boots","Footwear",0.9125,"Ohio",2,"Yellow","Winter",0.56,1,"Express",1,1,0.387755102040816,"Venmo","Weekly","Young Adult",0,0,1,0,0,0,0,1,0,1,0,0,0,0,0,0,0,0,0,1,0,0,0,0,0,0,1
463,0.788461538461538,1,"Jacket","Outerwear",0.7625,"Illinois",2,"White","Fall",0.32,1,"Express",1,1,0.959183673469388,"Venmo","Every 3 Months","Senior",0,0,0,1,1,0,0,0,0,1,0,0,0,0,0,0,0,0,0,1,0,0,1,0,0,0,0
464,0.365384615384615,1,"Jewelry","Accessories",0.7625,"Georgia",1,"Orange","Summer",0.0800000000000001,1,"Standard",1,1,0.571428571428571,"Venmo","Weekly","Middle Age",1,0,0,0,0,0,1,0,0,0,0,0,1,0,0,0,0,0,0,1,0,0,0,0,0,0,1
465,0.0961538461538462,1,"Sunglasses","Accessories",0.4,"Alabama",2,"Silver","Winter",0.88,1,"Next Day Air",1,1,0.897959183673469,"PayPal","Monthly","Young Adult",1,0,0,0,0,0,0,1,0,0,0,1,0,0,0,0,0,0,1,0,0,0,0,0,1,0,0
466,0.692307692307692,1,"Skirt","Clothing",0.85,"Oklahoma",2,"Pink","Summer",0.12,1,"Next Day Air",1,1,0.489795918367347,"Cash","Quarterly","Senior",0,1,0,0,0,0,1,0,0,0,0,1,0,0,0,1,0,0,0,0,0,0,0,0,0,1,0
467,0.384615384615385,1,"Jeans","Clothing",0.05,"Vermont",3,"Turquoise","Winter",0.84,1,"Free Shipping",1,1,0.489795918367347,"PayPal","Weekly","Middle Age",0,1,0,0,0,0,0,1,0,0,1,0,0,0,0,0,0,0,1,0,0,0,0,0,0,0,1
468,0.0192307692307692,1,"Backpack","Accessories",0.3875,"Nebraska",1,"Orange","Spring",0.8,1,"2-Day Shipping",1,1,0.73469387755102,"Debit Card","Every 3 Months","Young Adult",1,0,0,0,0,1,0,0,1,0,0,0,0,0,0,0,0,1,0,0,0,0,1,0,0,0,0
469,0.307692307692308,1,"Backpack","Accessories",0.225,"Georgia",1,"Peach","Fall",1,1,"Free Shipping",1,1,0.306122448979592,"Cash","Quarterly","Adult",1,0,0,0,1,0,0,0,0,0,1,0,0,0,0,1,0,0,0,0,0,0,0,0,0,1,0
470,0.0576923076923077,1,"Shorts","Clothing",0.325,"Alabama",3,"Pink","Fall",0.64,1,"2-Day Shipping",1,1,0.591836734693878,"Debit Card","Bi-Weekly","Young Adult",0,1,0,0,1,0,0,0,1,0,0,0,0,0,0,0,0,1,0,0,0,1,0,0,0,0,0
471,0.615384615384615,1,"Dress","Clothing",0.5375,"Minnesota",3,"Teal","Summer",0.84,1,"Express",1,1,0.102040816326531,"Cash","Every 3 Months","Middle Age",0,1,0,0,0,0,1,0,0,1,0,0,0,0,0,1,0,0,0,0,0,0,1,0,0,0,0
472,0.711538461538462,1,"Scarf","Accessories",0.65,"Missouri",4,"White","Winter",0.96,1,"2-Day Shipping",1,1,0.714285714285714,"Bank Transfer","Quarterly","Senior",1,0,0,0,0,0,0,1,1,0,0,0,0,0,1,0,0,0,0,0,0,0,0,0,0,1,0
473,0.0384615384615385,1,"Jeans","Clothing",0.2375,"Georgia",3,"Gray","Winter",0.56,1,"Free Shipping",1,1,0.0408163265306122,"Bank Transfer","Quarterly","Young Adult",0,1,0,0,0,0,0,1,0,0,1,0,0,0,1,0,0,0,0,0,0,0,0,0,0,1,0
474,0.307692307692308,1,"Coat","Outerwear",0.275,"West Virginia",3,"Olive","Spring",0.56,1,"Store Pickup",1,1,0.571428571428571,"PayPal","Every 3 Months","Adult",0,0,0,1,0,1,0,0,0,0,0,0,0,1,0,0,0,0,1,0,0,0,1,0,0,0,0
475,0.846153846153846,1,"Sweater","Clothing",0.7,"Arkansas",4,"Maroon","Summer",0.04,1,"2-Day Shipping",1,1,0.285714285714286,"Cash","Quarterly","Senior",0,1,0,0,0,0,1,0,1,0,0,0,0,0,0,1,0,0,0,0,0,0,0,0,0,1,0
476,0.0576923076923077,1,"Sneakers","Footwear",0.575,"Ohio",3,"Magenta","Summer",0.0800000000000001,1,"Free Shipping",1,1,0.346938775510204,"Debit Card","Annually","Young Adult",0,0,1,0,0,0,1,0,0,0,1,0,0,0,0,0,0,1,0,0,1,0,0,0,0,0,0
477,0.0576923076923077,1,"Scarf","Accessories",0.875,"Connecticut",2,"Magenta","Spring",0.4,1,"Free Shipping",1,1,0.0204081632653061,"Debit Card","Fortnightly","Young Adult",1,0,0,0,0,1,0,0,0,0,1,0,0,0,0,0,0,1,0,0,0,0,0,1,0,0,0
478,0.461538461538462,1,"Sweater","Clothing",0.45,"North Dakota",2,"Green","Summer",0.48,1,"Free Shipping",1,1,0.979591836734694,"Debit Card","Weekly","Middle Age",0,1,0,0,0,0,1,0,0,0,1,0,0,0,0,0,0,1,0,0,0,0,0,0,0,0,1
479,0.326923076923077,1,"Jewelry","Accessories",0.2875,"Kansas",4,"Turquoise","Winter",0.28,1,"Free Shipping",1,1,0.959183673469388,"Venmo","Annually","Adult",1,0,0,0,0,0,0,1,0,0,1,0,0,0,0,0,0,0,0,1,1,0,0,0,0,0,0
480,0.403846153846154,1,"Handbag","Accessories",0.8,"Iowa",3,"Yellow","Winter",0.32,1,"Store Pickup",1,1,0.857142857142857,"Venmo","Monthly","Middle Age",1,0,0,0,0,0,0,1,0,0,0,0,0,1,0,0,0,0,0,1,0,0,0,0,1,0,0
481,0.961538461538462,1,"Hoodie","Clothing",0.85,"Vermont",2,"Gray","Summer",0.92,1,"Standard",1,1,0.591836734693878,"Debit Card","Bi-Weekly","Senior",0,1,0,0,0,0,1,0,0,0,0,0,1,0,0,0,0,1,0,0,0,1,0,0,0,0,0
482,0.538461538461538,1,"Hat","Accessories",0.85,"Wisconsin",3,"Peach","Fall",0.28,1,"2-Day Shipping",1,1,0.183673469387755,"PayPal","Fortnightly","Middle Age",1,0,0,0,1,0,0,0,1,0,0,0,0,0,0,0,0,0,1,0,0,0,0,1,0,0,0
483,0.442307692307692,1,"Belt","Accessories",0.275,"Connecticut",2,"Yellow","Winter",0,1,"2-Day Shipping",1,1,0.204081632653061,"Venmo","Annually","Middle Age",1,0,0,0,0,0,0,1,1,0,0,0,0,0,0,0,0,0,0,1,1,0,0,0,0,0,0
484,0.0961538461538462,1,"Hoodie","Clothing",0.6625,"Oklahoma",2,"White","Fall",0.56,1,"Store Pickup",1,1,0.224489795918367,"Debit Card","Weekly","Young Adult",0,1,0,0,1,0,0,0,0,0,0,0,0,1,0,0,0,1,0,0,0,0,0,0,0,0,1
485,0.961538461538462,1,"Hat","Accessories",0.6625,"Missouri",3,"Lavender","Summer",0.88,1,"Free Shipping",1,1,0.551020408163265,"Bank Transfer","Quarterly","Senior",1,0,0,0,0,0,1,0,0,0,1,0,0,0,1,0,0,0,0,0,0,0,0,0,0,1,0
486,0.576923076923077,1,"Shoes","Footwear",0.3,"Tennessee",1,"Blue","Spring",0.04,1,"Next Day Air",1,1,0.714285714285714,"Debit Card","Fortnightly","Middle Age",0,0,1,0,0,1,0,0,0,0,0,1,0,0,0,0,0,1,0,0,0,0,0,1,0,0,0
487,0.384615384615385,1,"Sandals","Footwear",0.5375,"New Mexico",2,"Charcoal","Fall",0.12,1,"Store Pickup",1,1,0.73469387755102,"Venmo","Every 3 Months","Middle Age",0,0,1,0,1,0,0,0,0,0,0,0,0,1,0,0,0,0,0,1,0,0,1,0,0,0,0
488,0.442307692307692,1,"Jacket","Outerwear",0.6,"Iowa",3,"Red","Winter",0.76,1,"Store Pickup",1,1,0.428571428571429,"Credit Card","Quarterly","Middle Age",0,0,0,1,0,0,0,1,0,0,0,0,0,1,0,0,1,0,0,0,0,0,0,0,0,1,0
489,0.769230769230769,1,"Sweater","Clothing",0.1125,"Maine",3,"Olive","Spring",0.84,1,"Standard",1,1,0.63265306122449,"Venmo","Weekly","Senior",0,1,0,0,0,1,0,0,0,0,0,0,1,0,0,0,0,0,0,1,0,0,0,0,0,0,1
490,0.596153846153846,1,"Socks","Clothing",0.8125,"South Dakota",2,"Green","Summer",0.28,1,"Standard",1,1,0.795918367346939,"PayPal","Annually","Middle Age",0,1,0,0,0,0,1,0,0,0,0,0,1,0,0,0,0,0,1,0,1,0,0,0,0,0,0
491,0.75,1,"Sneakers","Footwear",0.275,"Colorado",2,"Silver","Winter",0.68,1,"2-Day Shipping",1,1,0.938775510204082,"Cash","Monthly","Senior",0,0,1,0,0,0,0,1,1,0,0,0,0,0,0,1,0,0,0,0,0,0,0,0,1,0,0
492,0.596153846153846,1,"Coat","Outerwear",0.6125,"Vermont",2,"Silver","Summer",0.52,1,"2-Day Shipping",1,1,0.469387755102041,"Credit Card","Bi-Weekly","Middle Age",0,0,0,1,0,0,1,0,1,0,0,0,0,0,0,0,1,0,0,0,0,1,0,0,0,0,0
493,0.615384615384615,1,"Shirt","Clothing",0.525,"Michigan",2,"Black","Fall",0.56,1,"Standard",1,1,0.204081632653061,"Debit Card","Weekly","Middle Age",0,1,0,0,1,0,0,0,0,0,0,0,1,0,0,0,0,1,0,0,0,0,0,0,0,0,1
494,0.192307692307692,1,"Backpack","Accessories",0.35,"Nevada",4,"Red","Summer",0.88,1,"Store Pickup",1,1,0.36734693877551,"Cash","Bi-Weekly","Adult",1,0,0,0,0,0,1,0,0,0,0,0,0,1,0,1,0,0,0,0,0,1,0,0,0,0,0
495,0.384615384615385,1,"Boots","Footwear",0.6,"Indiana",2,"Indigo","Winter",0.8,1,"Express",1,1,0.836734693877551,"Debit Card","Weekly","Middle Age",0,0,1,0,0,0,0,1,0,1,0,0,0,0,0,0,0,1,0,0,0,0,0,0,0,0,1
496,0.288461538461538,1,"Handbag","Accessories",0.2,"Michigan",4,"Cyan","Fall",0.32,1,"Free Shipping",1,1,0.102040816326531,"Debit Card","Fortnightly","Adult",1,0,0,0,1,0,0,0,0,0,1,0,0,0,0,0,0,1,0,0,0,0,0,1,0,0,0
497,0.230769230769231,1,"Dress","Clothing",0.5375,"California",1,"Maroon","Fall",0.32,1,"Express",1,1,0.612244897959184,"Venmo","Fortnightly","Adult",0,1,0,0,1,0,0,0,0,1,0,0,0,0,0,0,0,0,0,1,0,0,0,1,0,0,0
498,0.480769230769231,1,"Sneakers","Footwear",0.2375,"Oklahoma",1,"Silver","Winter",0.84,1,"Free Shipping",1,1,0.612244897959184,"Cash","Weekly","Middle Age",0,0,1,0,0,0,0,1,0,0,1,0,0,0,0,1,0,0,0,0,0,0,0,0,0,0,1
499,0.480769230769231,1,"Boots","Footwear",0.725,"Iowa",2,"Lavender","Spring",0.44,1,"Free Shipping",1,1,0.530612244897959,"Bank Transfer","Monthly","Middle Age",0,0,1,0,0,1,0,0,0,0,1,0,0,0,1,0,0,0,0,0,0,0,0,0,1,0,0
500,0.346153846153846,1,"Shoes","Footwear",0.9875,"Rhode Island",3,"Silver","Winter",0.92,1,"Express",1,1,0.469387755102041,"PayPal","Monthly","Middle Age",0,0,1,0,0,0,0,1,0,1,0,0,0,0,0,0,0,0,1,0,0,0,0,0,1,0,0
501,0.346153846153846,1,"T-shirt","Clothing",0.1375,"Washington",3,"Purple","Fall",0.92,1,"Next Day Air",1,1,0.693877551020408,"Venmo","Every 3 Months","Middle Age",0,1,0,0,1,0,0,0,0,0,0,1,0,0,0,0,0,0,0,1,0,0,1,0,0,0,0
502,0.884615384615385,1,"Boots","Footwear",0.3125,"Florida",2,"Cyan","Spring",0.16,1,"Next Day Air",1,1,0.408163265306122,"Venmo","Annually","Senior",0,0,1,0,0,1,0,0,0,0,0,1,0,0,0,0,0,0,0,1,1,0,0,0,0,0,0
503,0.788461538461538,1,"Pants","Clothing",0.125,"South Carolina",1,"Cyan","Fall",0.12,1,"Express",1,1,0.142857142857143,"PayPal","Fortnightly","Senior",0,1,0,0,1,0,0,0,0,1,0,0,0,0,0,0,0,0,1,0,0,0,0,1,0,0,0
504,0.711538461538462,1,"Shoes","Footwear",0.05,"West Virginia",2,"Lavender","Summer",0.28,1,"Next Day Air",1,1,0.510204081632653,"Bank Transfer","Quarterly","Senior",0,0,1,0,0,0,1,0,0,0,0,1,0,0,1,0,0,0,0,0,0,0,0,0,0,1,0
505,0.461538461538462,1,"Shoes","Footwear",0.025,"Missouri",2,"Maroon","Winter",0.56,1,"Free Shipping",1,1,0.510204081632653,"PayPal","Annually","Middle Age",0,0,1,0,0,0,0,1,0,0,1,0,0,0,0,0,0,0,1,0,1,0,0,0,0,0,0
506,0.826923076923077,1,"T-shirt","Clothing",0.5375,"Maine",3,"Gray","Spring",0.72,1,"Express",1,1,0.163265306122449,"Cash","Bi-Weekly","Senior",0,1,0,0,0,1,0,0,0,1,0,0,0,0,0,1,0,0,0,0,0,1,0,0,0,0,0
507,0.192307692307692,1,"Scarf","Accessories",0.25,"Georgia",2,"Olive","Fall",0.0800000000000001,1,"2-Day Shipping",1,1,0.959183673469388,"Debit Card","Annually","Adult",1,0,0,0,1,0,0,0,1,0,0,0,0,0,0,0,0,1,0,0,1,0,0,0,0,0,0
508,0.903846153846154,1,"Shorts","Clothing",0,"Maine",2,"Magenta","Spring",1,1,"Store Pickup",1,1,0.653061224489796,"Debit Card","Fortnightly","Senior",0,1,0,0,0,1,0,0,0,0,0,0,0,1,0,0,0,1,0,0,0,0,0,1,0,0,0
509,0.173076923076923,1,"Jewelry","Accessories",0,"Illinois",1,"Yellow","Winter",0.48,1,"Store Pickup",1,1,0.612244897959184,"PayPal","Quarterly","Adult",1,0,0,0,0,0,0,1,0,0,0,0,0,1,0,0,0,0,1,0,0,0,0,0,0,1,0
510,0.442307692307692,1,"T-shirt","Clothing",0.75,"Delaware",3,"Cyan","Summer",0.56,1,"Free Shipping",1,1,0.326530612244898,"Debit Card","Weekly","Middle Age",0,1,0,0,0,0,1,0,0,0,1,0,0,0,0,0,0,1,0,0,0,0,0,0,0,0,1
511,0.0576923076923077,1,"Shirt","Clothing",0.8375,"West Virginia",2,"Teal","Fall",0.56,1,"2-Day Shipping",1,1,0.428571428571429,"Venmo","Annually","Young Adult",0,1,0,0,1,0,0,0,1,0,0,0,0,0,0,0,0,0,0,1,1,0,0,0,0,0,0
512,0.826923076923077,1,"Shirt","Clothing",0.325,"Hawaii",3,"Yellow","Fall",0.24,1,"Free Shipping",1,1,0.142857142857143,"PayPal","Annually","Senior",0,1,0,0,1,0,0,0,0,0,1,0,0,0,0,0,0,0,1,0,1,0,0,0,0,0,0
513,0.0192307692307692,1,"Gloves","Accessories",0.3625,"New York",3,"Peach","Winter",0.52,1,"Next Day Air",1,1,0.0204081632653061,"Bank Transfer","Monthly","Young Adult",1,0,0,0,0,0,0,1,0,0,0,1,0,0,1,0,0,0,0,0,0,0,0,0,1,0,0
514,0.0769230769230769,1,"Scarf","Accessories",0.5625,"New Mexico",2,"Peach","Fall",0.44,1,"Store Pickup",1,1,0.897959183673469,"Venmo","Annually","Young Adult",1,0,0,0,1,0,0,0,0,0,0,0,0,1,0,0,0,0,0,1,1,0,0,0,0,0,0
515,0.884615384615385,1,"Skirt","Clothing",0.525,"Indiana",1,"Olive","Winter",0.72,1,"Standard",1,1,0.938775510204082,"PayPal","Quarterly","Senior",0,1,0,0,0,0,0,1,0,0,0,0,1,0,0,0,0,0,1,0,0,0,0,0,0,1,0
516,0.192307692307692,1,"Hat","Accessories",0.5875,"Kentucky",3,"Charcoal","Spring",0.8,1,"Next Day Air",1,1,0.122448979591837,"Cash","Monthly","Adult",1,0,0,0,0,1,0,0,0,0,0,1,0,0,0,1,0,0,0,0,0,0,0,0,1,0,0
517,0.307692307692308,1,"Hoodie","Clothing",0.2625,"West Virginia",3,"Indigo","Fall",0.12,1,"2-Day Shipping",1,1,0.36734693877551,"Debit Card","Bi-Weekly","Adult",0,1,0,0,1,0,0,0,1,0,0,0,0,0,0,0,0,1,0,0,0,1,0,0,0,0,0
518,0.826923076923077,1,"Boots","Footwear",0.3625,"North Dakota",3,"Silver","Fall",0.0800000000000001,1,"Free Shipping",1,1,0.877551020408163,"Cash","Every 3 Months","Senior",0,0,1,0,1,0,0,0,0,0,1,0,0,0,0,1,0,0,0,0,0,0,1,0,0,0,0
519,0.115384615384615,1,"Blouse","Clothing",1,"Oregon",2,"Beige","Fall",0.16,1,"Next Day Air",1,1,0.306122448979592,"Venmo","Every 3 Months","Young Adult",0,1,0,0,1,0,0,0,0,0,0,1,0,0,0,0,0,0,0,1,0,0,1,0,0,0,0
520,0.0192307692307692,1,"Belt","Accessories",0.425,"Minnesota",3,"Blue","Summer",0.76,1,"2-Day Shipping",1,1,0.326530612244898,"Bank Transfer","Quarterly","Young Adult",1,0,0,0,0,0,1,0,1,0,0,0,0,0,1,0,0,0,0,0,0,0,0,0,0,1,0
521,0.634615384615385,1,"Sunglasses","Accessories",0.8,"South Carolina",2,"White","Spring",0.56,1,"Free Shipping",1,1,0.387755102040816,"Debit Card","Quarterly","Senior",1,0,0,0,0,1,0,0,0,0,1,0,0,0,0,0,0,1,0,0,0,0,0,0,0,1,0
522,0.346153846153846,1,"Shorts","Clothing",0.2625,"Vermont",3,"Gold","Winter",0.4,1,"Standard",1,1,1,"Bank Transfer","Annually","Middle Age",0,1,0,0,0,0,0,1,0,0,0,0,1,0,1,0,0,0,0,0,1,0,0,0,0,0,0
523,0.903846153846154,1,"Gloves","Accessories",0.85,"Minnesota",2,"Blue","Spring",0,1,"Store Pickup",1,1,0.73469387755102,"Cash","Quarterly","Senior",1,0,0,0,0,1,0,0,0,0,0,0,0,1,0,1,0,0,0,0,0,0,0,0,0,1,0
524,0.538461538461538,1,"Sandals","Footwear",0.25,"Delaware",2,"Orange","Spring",0.96,1,"Express",1,1,0.0816326530612245,"PayPal","Quarterly","Middle Age",0,0,1,0,0,1,0,0,0,1,0,0,0,0,0,0,0,0,1,0,0,0,0,0,0,1,0
525,0.788461538461538,1,"Shirt","Clothing",0.2375,"Pennsylvania",2,"Gold","Summer",0.92,1,"Free Shipping",1,1,0.877551020408163,"PayPal","Annually","Senior",0,1,0,0,0,0,1,0,0,0,1,0,0,0,0,0,0,0,1,0,1,0,0,0,0,0,0
526,0.634615384615385,1,"Coat","Outerwear",0.2125,"Iowa",2,"Cyan","Spring",0.28,1,"Next Day Air",1,1,0.816326530612245,"Debit Card","Monthly","Senior",0,0,0,1,0,1,0,0,0,0,0,1,0,0,0,0,0,1,0,0,0,0,0,0,1,0,0
527,0.634615384615385,1,"Pants","Clothing",0.4,"New Jersey",1,"Red","Winter",0.96,1,"Standard",1,1,0.36734693877551,"Cash","Monthly","Senior",0,1,0,0,0,0,0,1,0,0,0,0,1,0,0,1,0,0,0,0,0,0,0,0,1,0,0
528,0.0576923076923077,1,"T-shirt","Clothing",0.0375,"South Carolina",3,"Yellow","Winter",0.72,1,"Next Day Air",1,1,0.938775510204082,"Bank Transfer","Every 3 Months","Young Adult",0,1,0,0,0,0,0,1,0,0,0,1,0,0,1,0,0,0,0,0,0,0,1,0,0,0,0
529,0.307692307692308,1,"Sneakers","Footwear",0.85,"Maryland",1,"Beige","Winter",0.28,1,"Express",1,1,0.795918367346939,"Cash","Annually","Adult",0,0,1,0,0,0,0,1,0,1,0,0,0,0,0,1,0,0,0,0,1,0,0,0,0,0,0
530,0.269230769230769,1,"Shorts","Clothing",0.8,"California",2,"Orange","Fall",0.48,1,"Standard",1,1,0.102040816326531,"Credit Card","Monthly","Adult",0,1,0,0,1,0,0,0,0,0,0,0,1,0,0,0,1,0,0,0,0,0,0,0,1,0,0
531,0.576923076923077,1,"Coat","Outerwear",0.2125,"Montana",4,"Magenta","Winter",0.28,1,"Store Pickup",1,1,0.489795918367347,"Credit Card","Bi-Weekly","Middle Age",0,0,0,1,0,0,0,1,0,0,0,0,0,1,0,0,1,0,0,0,0,1,0,0,0,0,0
532,0.615384615384615,1,"Sandals","Footwear",0.3875,"Vermont",3,"Purple","Fall",0.36,1,"Next Day Air",1,1,0.836734693877551,"Cash","Weekly","Middle Age",0,0,1,0,1,0,0,0,0,0,0,1,0,0,0,1,0,0,0,0,0,0,0,0,0,0,1
533,0.153846153846154,1,"Pants","Clothing",0.7,"Texas",3,"Black","Winter",0.64,1,"Express",1,1,0.693877551020408,"Bank Transfer","Every 3 Months","Adult",0,1,0,0,0,0,0,1,0,1,0,0,0,0,1,0,0,0,0,0,0,0,1,0,0,0,0
534,0.75,1,"Sandals","Footwear",0.5,"North Carolina",3,"Pink","Spring",0.8,1,"Next Day Air",1,1,0.326530612244898,"Debit Card","Weekly","Senior",0,0,1,0,0,1,0,0,0,0,0,1,0,0,0,0,0,1,0,0,0,0,0,0,0,0,1
535,0.903846153846154,1,"Gloves","Accessories",0.65,"Florida",3,"Pink","Fall",0.8,1,"Next Day Air",1,1,0.0612244897959184,"PayPal","Quarterly","Senior",1,0,0,0,1,0,0,0,0,0,0,1,0,0,0,0,0,0,1,0,0,0,0,0,0,1,0
536,0.730769230769231,1,"T-shirt","Clothing",0.3125,"West Virginia",3,"Maroon","Spring",0.28,1,"Free Shipping",1,1,0.469387755102041,"Bank Transfer","Weekly","Senior",0,1,0,0,0,1,0,0,0,0,1,0,0,0,1,0,0,0,0,0,0,0,0,0,0,0,1
537,0.5,1,"Jacket","Outerwear",0.8,"Illinois",1,"Maroon","Fall",0.76,1,"Store Pickup",1,1,0.306122448979592,"Debit Card","Every 3 Months","Middle Age",0,0,0,1,1,0,0,0,0,0,0,0,0,1,0,0,0,1,0,0,0,0,1,0,0,0,0
538,0.615384615384615,1,"Blouse","Clothing",0.3625,"Virginia",1,"Turquoise","Summer",0.2,1,"Store Pickup",1,1,0.26530612244898,"Debit Card","Annually","Middle Age",0,1,0,0,0,0,1,0,0,0,0,0,0,1,0,0,0,1,0,0,1,0,0,0,0,0,0
539,0.173076923076923,1,"Socks","Clothing",0.025,"Virginia",4,"Green","Spring",0.28,1,"Free Shipping",1,1,0.857142857142857,"Cash","Weekly","Adult",0,1,0,0,0,1,0,0,0,0,1,0,0,0,0,1,0,0,0,0,0,0,0,0,0,0,1
540,0.596153846153846,1,"Coat","Outerwear",0.35,"Wyoming",2,"Violet","Winter",0.6,1,"Store Pickup",1,1,0.979591836734694,"Debit Card","Weekly","Middle Age",0,0,0,1,0,0,0,1,0,0,0,0,0,1,0,0,0,1,0,0,0,0,0,0,0,0,1
541,0.596153846153846,1,"Dress","Clothing",0.2125,"South Carolina",2,"Lavender","Spring",0.24,1,"Next Day Air",1,1,0.653061224489796,"Cash","Every 3 Months","Middle Age",0,1,0,0,0,1,0,0,0,0,0,1,0,0,0,1,0,0,0,0,0,0,1,0,0,0,0
542,0.653846153846154,1,"Jacket","Outerwear",0.0875,"Connecticut",3,"Gray","Fall",0.12,1,"Next Day Air",1,1,0.897959183673469,"Cash","Bi-Weekly","Senior",0,0,0,1,1,0,0,0,0,0,0,1,0,0,0,1,0,0,0,0,0,1,0,0,0,0,0
543,0.173076923076923,1,"Boots","Footwear",0.7375,"Illinois",4,"Teal","Spring",0.84,1,"Next Day Air",1,1,0.693877551020408,"Cash","Bi-Weekly","Adult",0,0,1,0,0,1,0,0,0,0,0,1,0,0,0,1,0,0,0,0,0,1,0,0,0,0,0
544,0.673076923076923,1,"Skirt","Clothing",0.975,"Alabama",1,"Red","Spring",0.72,1,"Express",1,1,0.204081632653061,"Credit Card","Monthly","Senior",0,1,0,0,0,1,0,0,0,1,0,0,0,0,0,0,1,0,0,0,0,0,0,0,1,0,0
545,0.307692307692308,1,"Sandals","Footwear",0.55,"Washington",1,"Yellow","Summer",0.32,1,"Standard",1,1,0.591836734693878,"Bank Transfer","Every 3 Months","Adult",0,0,1,0,0,0,1,0,0,0,0,0,1,0,1,0,0,0,0,0,0,0,1,0,0,0,0
546,0.288461538461538,1,"Coat","Outerwear",0.15,"Alabama",3,"Magenta","Summer",0.4,1,"2-Day Shipping",1,1,0.959183673469388,"Debit Card","Annually","Adult",0,0,0,1,0,0,1,0,1,0,0,0,0,0,0,0,0,1,0,0,1,0,0,0,0,0,0
547,0.846153846153846,1,"Hoodie","Clothing",0.675,"New Mexico",2,"Brown","Winter",0.36,1,"Free Shipping",1,1,0.897959183673469,"Venmo","Bi-Weekly","Senior",0,1,0,0,0,0,0,1,0,0,1,0,0,0,0,0,0,0,0,1,0,1,0,0,0,0,0
548,0.384615384615385,1,"Jacket","Outerwear",0.375,"Nevada",2,"Blue","Winter",0.12,1,"Free Shipping",1,1,0.510204081632653,"Venmo","Weekly","Middle Age",0,0,0,1,0,0,0,1,0,0,1,0,0,0,0,0,0,0,0,1,0,0,0,0,0,0,1
549,0.346153846153846,1,"Backpack","Accessories",0.55,"Nebraska",2,"Black","Winter",0.84,1,"Store Pickup",1,1,0.816326530612245,"Debit Card","Every 3 Months","Middle Age",1,0,0,0,0,0,0,1,0,0,0,0,0,1,0,0,0,1,0,0,0,0,1,0,0,0,0
550,0.25,1,"Backpack","Accessories",0.1125,"Arizona",1,"Olive","Fall",0.44,1,"Express",1,1,0.73469387755102,"Venmo","Bi-Weekly","Adult",1,0,0,0,1,0,0,0,0,1,0,0,0,0,0,0,0,0,0,1,0,1,0,0,0,0,0
551,0.846153846153846,1,"Belt","Accessories",0.525,"Georgia",2,"Olive","Summer",0.32,1,"Store Pickup",1,1,0.224489795918367,"PayPal","Weekly","Senior",1,0,0,0,0,0,1,0,0,0,0,0,0,1,0,0,0,0,1,0,0,0,0,0,0,0,1
552,0.211538461538462,1,"Coat","Outerwear",0.725,"Idaho",4,"Green","Fall",0.24,1,"2-Day Shipping",1,1,0.530612244897959,"Cash","Bi-Weekly","Adult",0,0,0,1,1,0,0,0,1,0,0,0,0,0,0,1,0,0,0,0,0,1,0,0,0,0,0
553,0.115384615384615,1,"T-shirt","Clothing",0.925,"Missouri",2,"Peach","Fall",0.4,1,"Express",1,1,0.346938775510204,"Bank Transfer","Weekly","Young Adult",0,1,0,0,1,0,0,0,0,1,0,0,0,0,1,0,0,0,0,0,0,0,0,0,0,0,1
554,0.865384615384615,1,"Sunglasses","Accessories",0.4875,"Florida",2,"White","Winter",0.28,1,"Express",1,1,0.285714285714286,"Credit Card","Quarterly","Senior",1,0,0,0,0,0,0,1,0,1,0,0,0,0,0,0,1,0,0,0,0,0,0,0,0,1,0
555,0.730769230769231,1,"Sneakers","Footwear",0.3375,"Minnesota",2,"Red","Summer",0.2,1,"Express",1,1,0.673469387755102,"Bank Transfer","Weekly","Senior",0,0,1,0,0,0,1,0,0,1,0,0,0,0,1,0,0,0,0,0,0,0,0,0,0,0,1
556,0.865384615384615,1,"Gloves","Accessories",0.4625,"Maine",2,"White","Fall",0.92,1,"Express",1,1,0.73469387755102,"Venmo","Annually","Senior",1,0,0,0,1,0,0,0,0,1,0,0,0,0,0,0,0,0,0,1,1,0,0,0,0,0,0
557,0.423076923076923,1,"Coat","Outerwear",0.875,"Montana",3,"Indigo","Winter",1,1,"Store Pickup",1,1,0.408163265306122,"Cash","Fortnightly","Middle Age",0,0,0,1,0,0,0,1,0,0,0,0,0,1,0,1,0,0,0,0,0,0,0,1,0,0,0
558,0,1,"Shirt","Clothing",0.5,"Alaska",2,"White","Spring",0.16,1,"Free Shipping",1,1,0.612244897959184,"Debit Card","Weekly","Young Adult",0,1,0,0,0,1,0,0,0,0,1,0,0,0,0,0,0,1,0,0,0,0,0,0,0,0,1
559,0.615384615384615,1,"Sneakers","Footwear",0.7125,"Iowa",3,"Teal","Fall",0.28,1,"Express",1,1,0.857142857142857,"Debit Card","Every 3 Months","Middle Age",0,0,1,0,1,0,0,0,0,1,0,0,0,0,0,0,0,1,0,0,0,0,1,0,0,0,0
560,0.923076923076923,1,"Scarf","Accessories",0.2625,"Arizona",2,"Indigo","Fall",0.16,1,"Store Pickup",1,1,0.428571428571429,"Bank Transfer","Monthly","Senior",1,0,0,0,1,0,0,0,0,0,0,0,0,1,1,0,0,0,0,0,0,0,0,0,1,0,0
561,0.134615384615385,1,"Jewelry","Accessories",0.35,"Louisiana",3,"Red","Fall",0.52,1,"Free Shipping",1,1,0.224489795918367,"Debit Card","Annually","Young Adult",1,0,0,0,1,0,0,0,0,0,1,0,0,0,0,0,0,1,0,0,1,0,0,0,0,0,0
562,0.903846153846154,1,"Jacket","Outerwear",0.5625,"Alabama",2,"Blue","Fall",0.04,1,"Next Day Air",1,1,0.489795918367347,"PayPal","Fortnightly","Senior",0,0,0,1,1,0,0,0,0,0,0,1,0,0,0,0,0,0,1,0,0,0,0,1,0,0,0
563,0.673076923076923,1,"Jeans","Clothing",0.525,"Missouri",2,"Blue","Summer",0.4,1,"Standard",1,1,0.795918367346939,"Debit Card","Annually","Senior",0,1,0,0,0,0,1,0,0,0,0,0,1,0,0,0,0,1,0,0,1,0,0,0,0,0,0
564,0.826923076923077,1,"Shoes","Footwear",0.9875,"Idaho",2,"Black","Fall",0.76,1,"Standard",1,1,0.306122448979592,"Debit Card","Quarterly","Senior",0,0,1,0,1,0,0,0,0,0,0,0,1,0,0,0,0,1,0,0,0,0,0,0,0,1,0
565,0.942307692307692,1,"Hoodie","Clothing",0.475,"Florida",2,"Olive","Winter",0.36,1,"Next Day Air",1,1,0.591836734693878,"Bank Transfer","Weekly","Senior",0,1,0,0,0,0,0,1,0,0,0,1,0,0,1,0,0,0,0,0,0,0,0,0,0,0,1
566,0.788461538461538,1,"Backpack","Accessories",0.2875,"Idaho",3,"Lavender","Fall",0.68,1,"Store Pickup",1,1,0.183673469387755,"Venmo","Weekly","Senior",1,0,0,0,1,0,0,0,0,0,0,0,0,1,0,0,0,0,0,1,0,0,0,0,0,0,1
567,0.711538461538462,1,"Sneakers","Footwear",0.9125,"Alabama",2,"Indigo","Spring",0.44,1,"Store Pickup",1,1,0,"Debit Card","Fortnightly","Senior",0,0,1,0,0,1,0,0,0,0,0,0,0,1,0,0,0,1,0,0,0,0,0,1,0,0,0
568,0.0576923076923077,1,"Blouse","Clothing",0.375,"New Hampshire",1,"Red","Winter",0.2,1,"Next Day Air",1,1,0.469387755102041,"Venmo","Fortnightly","Young Adult",0,1,0,0,0,0,0,1,0,0,0,1,0,0,0,0,0,0,0,1,0,0,0,1,0,0,0
569,0.5,1,"Pants","Clothing",0.85,"Utah",3,"Red","Summer",0.6,1,"Free Shipping",1,1,0.714285714285714,"PayPal","Monthly","Middle Age",0,1,0,0,0,0,1,0,0,0,1,0,0,0,0,0,0,0,1,0,0,0,0,0,1,0,0
570,0.903846153846154,1,"Skirt","Clothing",0.1625,"Alabama",2,"Pink","Fall",0.76,1,"Express",1,1,0.918367346938776,"Credit Card","Every 3 Months","Senior",0,1,0,0,1,0,0,0,0,1,0,0,0,0,0,0,1,0,0,0,0,0,1,0,0,0,0
571,0.903846153846154,1,"T-shirt","Clothing",0.9875,"Iowa",4,"Purple","Fall",0.64,1,"Standard",1,1,0.387755102040816,"Cash","Annually","Senior",0,1,0,0,1,0,0,0,0,0,0,0,1,0,0,1,0,0,0,0,1,0,0,0,0,0,0
572,0.692307692307692,1,"Jacket","Outerwear",0.7,"Kentucky",4,"Cyan","Spring",0.44,1,"Free Shipping",1,1,0.73469387755102,"Venmo","Weekly","Senior",0,0,0,1,0,1,0,0,0,0,1,0,0,0,0,0,0,0,0,1,0,0,0,0,0,0,1
573,0.730769230769231,1,"Scarf","Accessories",0.9625,"South Carolina",4,"Cyan","Summer",0.84,1,"Next Day Air",1,1,0.510204081632653,"Bank Transfer","Annually","Senior",1,0,0,0,0,0,1,0,0,0,0,1,0,0,1,0,0,0,0,0,1,0,0,0,0,0,0
574,0.769230769230769,1,"Pants","Clothing",0.6,"California",2,"Charcoal","Summer",0.28,1,"2-Day Shipping",1,1,0.448979591836735,"Credit Card","Bi-Weekly","Senior",0,1,0,0,0,0,1,0,1,0,0,0,0,0,0,0,1,0,0,0,0,1,0,0,0,0,0
575,0.692307692307692,1,"Sneakers","Footwear",0.7375,"Maine",3,"Red","Fall",0.92,1,"Free Shipping",1,1,0.387755102040816,"Bank Transfer","Bi-Weekly","Senior",0,0,1,0,1,0,0,0,0,0,1,0,0,0,1,0,0,0,0,0,0,1,0,0,0,0,0
576,0.769230769230769,1,"Jeans","Clothing",0.825,"Nebraska",2,"Peach","Fall",0.92,1,"Express",1,1,0.755102040816326,"PayPal","Monthly","Senior",0,1,0,0,1,0,0,0,0,1,0,0,0,0,0,0,0,0,1,0,0,0,0,0,1,0,0
577,0.576923076923077,1,"Hat","Accessories",0.6,"Washington",2,"Black","Winter",1,1,"2-Day Shipping",1,1,0.0816326530612245,"Credit Card","Every 3 Months","Middle Age",1,0,0,0,0,0,0,1,1,0,0,0,0,0,0,0,1,0,0,0,0,0,1,0,0,0,0
578,0.0192307692307692,1,"Skirt","Clothing",0.4,"Alabama",2,"Black","Fall",0.48,1,"Store Pickup",1,1,0.816326530612245,"Venmo","Annually","Young Adult",0,1,0,0,1,0,0,0,0,0,0,0,0,1,0,0,0,0,0,1,1,0,0,0,0,0,0
579,0.980769230769231,1,"Sandals","Footwear",0.875,"Maine",2,"Purple","Fall",0.84,1,"Next Day Air",1,1,0.428571428571429,"Credit Card","Fortnightly","Senior",0,0,1,0,1,0,0,0,0,0,0,1,0,0,0,0,1,0,0,0,0,0,0,1,0,0,0
580,0.769230769230769,1,"Sandals","Footwear",0.2625,"California",2,"Violet","Winter",0.48,1,"Free Shipping",1,1,0.959183673469388,"Credit Card","Annually","Senior",0,0,1,0,0,0,0,1,0,0,1,0,0,0,0,0,1,0,0,0,1,0,0,0,0,0,0
581,0.596153846153846,1,"Sweater","Clothing",0.75,"Iowa",2,"Orange","Spring",0.64,1,"Free Shipping",1,1,0.183673469387755,"PayPal","Weekly","Middle Age",0,1,0,0,0,1,0,0,0,0,1,0,0,0,0,0,0,0,1,0,0,0,0,0,0,0,1
582,0.269230769230769,1,"Sweater","Clothing",1,"Iowa",4,"Charcoal","Winter",0.0800000000000001,1,"Store Pickup",1,1,0.224489795918367,"Bank Transfer","Every 3 Months","Adult",0,1,0,0,0,0,0,1,0,0,0,0,0,1,1,0,0,0,0,0,0,0,1,0,0,0,0
583,0.423076923076923,1,"Jacket","Outerwear",0.7125,"Colorado",3,"Turquoise","Spring",0.96,1,"Store Pickup",1,1,0.0204081632653061,"Bank Transfer","Quarterly","Middle Age",0,0,0,1,0,1,0,0,0,0,0,0,0,1,1,0,0,0,0,0,0,0,0,0,0,1,0
584,0.134615384615385,1,"Shorts","Clothing",0.725,"California",3,"Yellow","Spring",0.6,1,"Store Pickup",1,1,0.755102040816326,"PayPal","Monthly","Young Adult",0,1,0,0,0,1,0,0,0,0,0,0,0,1,0,0,0,0,1,0,0,0,0,0,1,0,0
585,1,1,"Socks","Clothing",0.925,"Indiana",2,"White","Spring",0.88,1,"Free Shipping",1,1,0.387755102040816,"Debit Card","Monthly","Senior",0,1,0,0,0,1,0,0,0,0,1,0,0,0,0,0,0,1,0,0,0,0,0,0,1,0,0
586,0.980769230769231,1,"Socks","Clothing",0.0375,"South Carolina",2,"Gray","Fall",0.12,1,"Next Day Air",1,1,0.0816326530612245,"Cash","Every 3 Months","Senior",0,1,0,0,1,0,0,0,0,0,0,1,0,0,0,1,0,0,0,0,0,0,1,0,0,0,0
587,0.519230769230769,1,"Hoodie","Clothing",0,"Wisconsin",1,"Blue","Winter",0.96,1,"2-Day Shipping",1,1,0.163265306122449,"Venmo","Annually","Middle Age",0,1,0,0,0,0,0,1,1,0,0,0,0,0,0,0,0,0,0,1,1,0,0,0,0,0,0
588,0.211538461538462,1,"Socks","Clothing",0.825,"Washington",1,"Maroon","Fall",0.68,1,"Express",1,1,0.959183673469388,"Debit Card","Every 3 Months","Adult",0,1,0,0,1,0,0,0,0,1,0,0,0,0,0,0,0,1,0,0,0,0,1,0,0,0,0
589,0.557692307692308,1,"Boots","Footwear",0.5,"South Dakota",2,"Violet","Fall",0.2,1,"Standard",1,1,0.163265306122449,"Debit Card","Quarterly","Middle Age",0,0,1,0,1,0,0,0,0,0,0,0,1,0,0,0,0,1,0,0,0,0,0,0,0,1,0
590,0.192307692307692,1,"Shirt","Clothing",0.625,"Minnesota",2,"Orange","Fall",0.36,1,"2-Day Shipping",1,1,0.795918367346939,"PayPal","Annually","Adult",0,1,0,0,1,0,0,0,1,0,0,0,0,0,0,0,0,0,1,0,1,0,0,0,0,0,0
591,0.884615384615385,1,"Belt","Accessories",0.2375,"Alaska",1,"Turquoise","Fall",0.84,1,"Standard",1,1,0.591836734693878,"Venmo","Fortnightly","Senior",1,0,0,0,1,0,0,0,0,0,0,0,1,0,0,0,0,0,0,1,0,0,0,1,0,0,0
592,0.557692307692308,1,"Backpack","Accessories",0.2125,"Kentucky",3,"Olive","Fall",0.68,1,"Store Pickup",1,1,0.102040816326531,"Debit Card","Bi-Weekly","Middle Age",1,0,0,0,1,0,0,0,0,0,0,0,0,1,0,0,0,1,0,0,0,1,0,0,0,0,0
593,0.807692307692308,1,"Boots","Footwear",0.1125,"North Dakota",2,"Brown","Fall",0.28,1,"Free Shipping",1,1,0.836734693877551,"Venmo","Every 3 Months","Senior",0,0,1,0,1,0,0,0,0,0,1,0,0,0,0,0,0,0,0,1,0,0,1,0,0,0,0
594,0.942307692307692,1,"Coat","Outerwear",0.1875,"Alaska",1,"Green","Winter",0.76,1,"Store Pickup",1,1,0.163265306122449,"PayPal","Every 3 Months","Senior",0,0,0,1,0,0,0,1,0,0,0,0,0,1,0,0,0,0,1,0,0,0,1,0,0,0,0
595,0.326923076923077,1,"Hoodie","Clothing",0.7875,"Oklahoma",1,"Brown","Winter",0,1,"Next Day Air",1,1,0.102040816326531,"Debit Card","Monthly","Adult",0,1,0,0,0,0,0,1,0,0,0,1,0,0,0,0,0,1,0,0,0,0,0,0,1,0,0
596,0.230769230769231,1,"Shoes","Footwear",0.7125,"Delaware",2,"Silver","Summer",0.44,1,"Next Day Air",1,1,0.938775510204082,"PayPal","Quarterly","Adult",0,0,1,0,0,0,1,0,0,0,0,1,0,0,0,0,0,0,1,0,0,0,0,0,0,1,0
597,0.0961538461538462,1,"Shoes","Footwear",0.2125,"Montana",4,"White","Summer",0.8,1,"Store Pickup",1,1,0.714285714285714,"Venmo","Annually","Young Adult",0,0,1,0,0,0,1,0,0,0,0,0,0,1,0,0,0,0,0,1,1,0,0,0,0,0,0
598,1,1,"Jewelry","Accessories",0.6125,"Alaska",3,"Gold","Summer",0.36,1,"Standard",1,1,0.36734693877551,"Bank Transfer","Fortnightly","Senior",1,0,0,0,0,0,1,0,0,0,0,0,1,0,1,0,0,0,0,0,0,0,0,1,0,0,0
599,0.0576923076923077,1,"Dress","Clothing",0.575,"California",3,"Green","Winter",0.28,1,"2-Day Shipping",1,1,0.591836734693878,"Cash","Every 3 Months","Young Adult",0,1,0,0,0,0,0,1,1,0,0,0,0,0,0,1,0,0,0,0,0,0,1,0,0,0,0
600,0.634615384615385,1,"Boots","Footwear",0.075,"Massachusetts",3,"Teal","Spring",0.68,1,"Standard",1,1,0.530612244897959,"Debit Card","Every 3 Months","Senior",0,0,1,0,0,1,0,0,0,0,0,0,1,0,0,0,0,1,0,0,0,0,1,0,0,0,0
601,0.0769230769230769,1,"Hat","Accessories",0.5375,"South Carolina",2,"Charcoal","Spring",1,1,"2-Day Shipping",1,1,0.489795918367347,"Venmo","Monthly","Young Adult",1,0,0,0,0,1,0,0,1,0,0,0,0,0,0,0,0,0,0,1,0,0,0,0,1,0,0
602,0.269230769230769,1,"Backpack","Accessories",0.225,"West Virginia",2,"Maroon","Summer",0.88,1,"Store Pickup",1,1,0.0816326530612245,"Cash","Fortnightly","Adult",1,0,0,0,0,0,1,0,0,0,0,0,0,1,0,1,0,0,0,0,0,0,0,1,0,0,0
603,0.365384615384615,1,"Shoes","Footwear",0.475,"Oregon",3,"Lavender","Summer",0.68,1,"Next Day Air",1,1,0.183673469387755,"Cash","Every 3 Months","Middle Age",0,0,1,0,0,0,1,0,0,0,0,1,0,0,0,1,0,0,0,0,0,0,1,0,0,0,0
604,0.25,1,"Handbag","Accessories",0.325,"Massachusetts",3,"Green","Winter",0.36,1,"2-Day Shipping",1,1,0.510204081632653,"PayPal","Every 3 Months","Adult",1,0,0,0,0,0,0,1,1,0,0,0,0,0,0,0,0,0,1,0,0,0,1,0,0,0,0
605,0.5,1,"Sunglasses","Accessories",0.9,"West Virginia",1,"Pink","Fall",0.76,1,"Store Pickup",1,1,0.204081632653061,"Credit Card","Every 3 Months","Middle Age",1,0,0,0,1,0,0,0,0,0,0,0,0,1,0,0,1,0,0,0,0,0,1,0,0,0,0
606,0.423076923076923,1,"Hat","Accessories",0.15,"California",4,"Charcoal","Winter",0.68,1,"Standard",1,1,0.326530612244898,"Bank Transfer","Weekly","Middle Age",1,0,0,0,0,0,0,1,0,0,0,0,1,0,1,0,0,0,0,0,0,0,0,0,0,0,1
607,0.173076923076923,1,"Scarf","Accessories",0.875,"Colorado",2,"Blue","Spring",0.8,1,"Standard",1,1,0.877551020408163,"PayPal","Monthly","Adult",1,0,0,0,0,1,0,0,0,0,0,0,1,0,0,0,0,0,1,0,0,0,0,0,1,0,0
608,0.557692307692308,1,"Hoodie","Clothing",0.0375,"Indiana",3,"Purple","Fall",0.12,1,"Next Day Air",1,1,0.877551020408163,"Cash","Monthly","Middle Age",0,1,0,0,1,0,0,0,0,0,0,1,0,0,0,1,0,0,0,0,0,0,0,0,1,0,0
609,0.442307692307692,1,"Backpack","Accessories",0.0625,"Delaware",1,"Gold","Fall",0.32,1,"Next Day Air",1,1,0.408163265306122,"Venmo","Every 3 Months","Middle Age",1,0,0,0,1,0,0,0,0,0,0,1,0,0,0,0,0,0,0,1,0,0,1,0,0,0,0
610,0.634615384615385,1,"Sweater","Clothing",0.425,"Ohio",3,"Purple","Fall",0.84,1,"Next Day Air",1,1,0.979591836734694,"Credit Card","Fortnightly","Senior",0,1,0,0,1,0,0,0,0,0,0,1,0,0,0,0,1,0,0,0,0,0,0,1,0,0,0
611,0.673076923076923,1,"Shorts","Clothing",0.65,"Oklahoma",2,"Charcoal","Summer",0,1,"Free Shipping",1,1,0.530612244897959,"Bank Transfer","Every 3 Months","Senior",0,1,0,0,0,0,1,0,0,0,1,0,0,0,1,0,0,0,0,0,0,0,1,0,0,0,0
612,0.480769230769231,1,"Scarf","Accessories",0.1625,"California",2,"Black","Winter",0.88,1,"Store Pickup",1,1,0.36734693877551,"Cash","Monthly","Middle Age",1,0,0,0,0,0,0,1,0,0,0,0,0,1,0,1,0,0,0,0,0,0,0,0,1,0,0
613,0.942307692307692,1,"Hat","Accessories",0.2875,"New Hampshire",3,"Lavender","Fall",0.84,1,"Express",1,1,0.653061224489796,"Credit Card","Quarterly","Senior",1,0,0,0,1,0,0,0,0,1,0,0,0,0,0,0,1,0,0,0,0,0,0,0,0,1,0
614,0.826923076923077,1,"Coat","Outerwear",0.3875,"Pennsylvania",3,"Lavender","Fall",0.04,1,"Standard",1,1,0.918367346938776,"Cash","Bi-Weekly","Senior",0,0,0,1,1,0,0,0,0,0,0,0,1,0,0,1,0,0,0,0,0,1,0,0,0,0,0
615,0.961538461538462,1,"Jewelry","Accessories",0.8125,"Idaho",2,"Lavender","Winter",0.6,1,"Standard",1,1,0.408163265306122,"Credit Card","Bi-Weekly","Senior",1,0,0,0,0,0,0,1,0,0,0,0,1,0,0,0,1,0,0,0,0,1,0,0,0,0,0
616,0.942307692307692,1,"Sandals","Footwear",1,"Maryland",3,"Olive","Summer",0.04,1,"Next Day Air",1,1,0.448979591836735,"Venmo","Annually","Senior",0,0,1,0,0,0,1,0,0,0,0,1,0,0,0,0,0,0,0,1,1,0,0,0,0,0,0
617,0.211538461538462,1,"Gloves","Accessories",0.65,"Pennsylvania",3,"Teal","Spring",0.84,1,"Free Shipping",1,1,0.755102040816326,"Credit Card","Every 3 Months","Adult",1,0,0,0,0,1,0,0,0,0,1,0,0,0,0,0,1,0,0,0,0,0,1,0,0,0,0
618,0.615384615384615,1,"Backpack","Accessories",0.4625,"Colorado",2,"Maroon","Fall",0.04,1,"Standard",1,1,0.0204081632653061,"Bank Transfer","Quarterly","Middle Age",1,0,0,0,1,0,0,0,0,0,0,0,1,0,1,0,0,0,0,0,0,0,0,0,0,1,0
619,0.826923076923077,1,"Jacket","Outerwear",0.925,"Indiana",3,"Cyan","Spring",0.6,1,"Express",1,1,0.408163265306122,"Debit Card","Bi-Weekly","Senior",0,0,0,1,0,1,0,0,0,1,0,0,0,0,0,0,0,1,0,0,0,1,0,0,0,0,0
620,0.0192307692307692,1,"Backpack","Accessories",0.175,"Nebraska",2,"Charcoal","Summer",0.84,1,"Store Pickup",1,1,0,"Debit Card","Every 3 Months","Young Adult",1,0,0,0,0,0,1,0,0,0,0,0,0,1,0,0,0,1,0,0,0,0,1,0,0,0,0
621,0.288461538461538,1,"Backpack","Accessories",0.8625,"Rhode Island",2,"Black","Fall",0.48,1,"2-Day Shipping",1,1,0.183673469387755,"Venmo","Every 3 Months","Adult",1,0,0,0,1,0,0,0,1,0,0,0,0,0,0,0,0,0,0,1,0,0,1,0,0,0,0
622,0.634615384615385,1,"Sunglasses","Accessories",0.0875,"Kansas",1,"Red","Fall",0.76,1,"Store Pickup",1,1,0.897959183673469,"Credit Card","Weekly","Senior",1,0,0,0,1,0,0,0,0,0,0,0,0,1,0,0,1,0,0,0,0,0,0,0,0,0,1
623,0.980769230769231,1,"Socks","Clothing",0.5375,"Georgia",1,"Peach","Spring",0.6,1,"Next Day Air",1,1,0.877551020408163,"Bank Transfer","Fortnightly","Senior",0,1,0,0,0,1,0,0,0,0,0,1,0,0,1,0,0,0,0,0,0,0,0,1,0,0,0
624,0.0192307692307692,1,"Shoes","Footwear",0.625,"Nevada",2,"White","Fall",0.88,1,"Standard",1,1,0.959183673469388,"PayPal","Bi-Weekly","Young Adult",0,0,1,0,1,0,0,0,0,0,0,0,1,0,0,0,0,0,1,0,0,1,0,0,0,0,0
625,0.711538461538462,1,"Pants","Clothing",0.8375,"South Carolina",4,"Pink","Fall",0.36,1,"Express",1,1,0.408163265306122,"PayPal","Annually","Senior",0,1,0,0,1,0,0,0,0,1,0,0,0,0,0,0,0,0,1,0,1,0,0,0,0,0,0
626,0.596153846153846,1,"Jewelry","Accessories",0.7375,"Delaware",2,"Red","Fall",0.6,1,"Next Day Air",1,1,0,"Venmo","Weekly","Middle Age",1,0,0,0,1,0,0,0,0,0,0,1,0,0,0,0,0,0,0,1,0,0,0,0,0,0,1
627,0.25,1,"Sunglasses","Accessories",0.7375,"New Hampshire",2,"Indigo","Spring",0.56,1,"Standard",1,1,0.183673469387755,"Venmo","Annually","Adult",1,0,0,0,0,1,0,0,0,0,0,0,1,0,0,0,0,0,0,1,1,0,0,0,0,0,0
628,0.461538461538462,1,"Sandals","Footwear",0.3,"Oregon",3,"Black","Winter",0.64,1,"Express",1,1,0.469387755102041,"PayPal","Monthly","Middle Age",0,0,1,0,0,0,0,1,0,1,0,0,0,0,0,0,0,0,1,0,0,0,0,0,1,0,0
629,0.980769230769231,1,"Sweater","Clothing",0.8125,"Massachusetts",2,"White","Fall",0.52,1,"2-Day Shipping",1,1,0.571428571428571,"Credit Card","Monthly","Senior",0,1,0,0,1,0,0,0,1,0,0,0,0,0,0,0,1,0,0,0,0,0,0,0,1,0,0
630,0.153846153846154,1,"Shoes","Footwear",0.875,"Vermont",3,"Beige","Spring",0.88,1,"Standard",1,1,0.204081632653061,"Debit Card","Annually","Adult",0,0,1,0,0,1,0,0,0,0,0,0,1,0,0,0,0,1,0,0,1,0,0,0,0,0,0
631,0.442307692307692,1,"Jewelry","Accessories",0.925,"Mississippi",1,"Silver","Fall",0.72,1,"2-Day Shipping",1,1,0.653061224489796,"Debit Card","Annually","Middle Age",1,0,0,0,1,0,0,0,1,0,0,0,0,0,0,0,0,1,0,0,1,0,0,0,0,0,0
632,0.711538461538462,1,"Boots","Footwear",0.6,"Washington",1,"Violet","Summer",0.64,1,"Store Pickup",1,1,0.530612244897959,"Cash","Fortnightly","Senior",0,0,1,0,0,0,1,0,0,0,0,0,0,1,0,1,0,0,0,0,0,0,0,1,0,0,0
633,0.326923076923077,1,"Backpack","Accessories",0.3875,"Wyoming",2,"Red","Winter",0.56,1,"Next Day Air",1,1,0.36734693877551,"Venmo","Fortnightly","Adult",1,0,0,0,0,0,0,1,0,0,0,1,0,0,0,0,0,0,0,1,0,0,0,1,0,0,0
634,0.923076923076923,1,"Sandals","Footwear",0.1625,"Minnesota",2,"Orange","Spring",0.16,1,"Express",1,1,1,"Debit Card","Quarterly","Senior",0,0,1,0,0,1,0,0,0,1,0,0,0,0,0,0,0,1,0,0,0,0,0,0,0,1,0
635,0.346153846153846,1,"Sneakers","Footwear",0.5,"Ohio",2,"Teal","Summer",0.56,1,"Standard",1,1,0.918367346938776,"PayPal","Weekly","Middle Age",0,0,1,0,0,0,1,0,0,0,0,0,1,0,0,0,0,0,1,0,0,0,0,0,0,0,1
636,0.173076923076923,1,"Hoodie","Clothing",0.4875,"South Carolina",2,"Brown","Fall",0.72,1,"2-Day Shipping",1,1,0.551020408163265,"Cash","Quarterly","Adult",0,1,0,0,1,0,0,0,1,0,0,0,0,0,0,1,0,0,0,0,0,0,0,0,0,1,0
637,0.442307692307692,1,"Handbag","Accessories",0.125,"Wisconsin",2,"Indigo","Summer",0.12,1,"Store Pickup",1,1,0.26530612244898,"Bank Transfer","Every 3 Months","Middle Age",1,0,0,0,0,0,1,0,0,0,0,0,0,1,1,0,0,0,0,0,0,0,1,0,0,0,0
638,0.0576923076923077,1,"Sweater","Clothing",0,"Tennessee",2,"Cyan","Winter",0.36,1,"2-Day Shipping",1,1,0.918367346938776,"Cash","Fortnightly","Young Adult",0,1,0,0,0,0,0,1,1,0,0,0,0,0,0,1,0,0,0,0,0,0,0,1,0,0,0
639,0.673076923076923,1,"Sandals","Footwear",0,"Maryland",1,"Blue","Summer",0.0800000000000001,1,"Express",1,1,0.816326530612245,"PayPal","Monthly","Senior",0,0,1,0,0,0,1,0,0,1,0,0,0,0,0,0,0,0,1,0,0,0,0,0,1,0,0
640,0.692307692307692,1,"Dress","Clothing",0.05,"Mississippi",3,"Olive","Spring",0.6,1,"2-Day Shipping",1,1,1,"Credit Card","Annually","Senior",0,1,0,0,0,1,0,0,1,0,0,0,0,0,0,0,1,0,0,0,1,0,0,0,0,0,0
641,0.673076923076923,1,"Skirt","Clothing",0.85,"Minnesota",2,"Gray","Summer",0.76,1,"Store Pickup",1,1,0.551020408163265,"Debit Card","Fortnightly","Senior",0,1,0,0,0,0,1,0,0,0,0,0,0,1,0,0,0,1,0,0,0,0,0,1,0,0,0
642,0.557692307692308,1,"Blouse","Clothing",0.725,"Alaska",2,"Red","Winter",0.56,1,"2-Day Shipping",1,1,0.448979591836735,"Credit Card","Every 3 Months","Middle Age",0,1,0,0,0,0,0,1,1,0,0,0,0,0,0,0,1,0,0,0,0,0,1,0,0,0,0
643,0.884615384615385,1,"Skirt","Clothing",0.0625,"Arkansas",3,"Red","Spring",0.12,1,"2-Day Shipping",1,1,0.26530612244898,"Debit Card","Bi-Weekly","Senior",0,1,0,0,0,1,0,0,1,0,0,0,0,0,0,0,0,1,0,0,0,1,0,0,0,0,0
644,0,1,"Sweater","Clothing",0.4625,"Oregon",4,"Green","Winter",0.28,1,"Next Day Air",1,1,0.183673469387755,"Bank Transfer","Every 3 Months","Young Adult",0,1,0,0,0,0,0,1,0,0,0,1,0,0,1,0,0,0,0,0,0,0,1,0,0,0,0
645,0.961538461538462,1,"Backpack","Accessories",0.9125,"Louisiana",1,"Blue","Summer",0.72,1,"Next Day Air",1,1,0.73469387755102,"Cash","Weekly","Senior",1,0,0,0,0,0,1,0,0,0,0,1,0,0,0,1,0,0,0,0,0,0,0,0,0,0,1
646,0.846153846153846,1,"Hoodie","Clothing",0.275,"Oklahoma",1,"Purple","Summer",0.68,1,"Express",1,1,0.285714285714286,"Venmo","Bi-Weekly","Senior",0,1,0,0,0,0,1,0,0,1,0,0,0,0,0,0,0,0,0,1,0,1,0,0,0,0,0
647,0.634615384615385,1,"Boots","Footwear",0.425,"Indiana",4,"Pink","Spring",0.96,1,"Standard",1,1,0.36734693877551,"Venmo","Bi-Weekly","Senior",0,0,1,0,0,1,0,0,0,0,0,0,1,0,0,0,0,0,0,1,0,1,0,0,0,0,0
648,0.692307692307692,1,"Blouse","Clothing",0.625,"Mississippi",4,"Charcoal","Summer",0.48,1,"Express",1,1,0.448979591836735,"Credit Card","Fortnightly","Senior",0,1,0,0,0,0,1,0,0,1,0,0,0,0,0,0,1,0,0,0,0,0,0,1,0,0,0
649,0.0769230769230769,1,"Hoodie","Clothing",0.1375,"Michigan",2,"Brown","Winter",0.64,1,"Store Pickup",1,1,0.693877551020408,"Credit Card","Weekly","Young Adult",0,1,0,0,0,0,0,1,0,0,0,0,0,1,0,0,1,0,0,0,0,0,0,0,0,0,1
650,0.673076923076923,1,"Pants","Clothing",0.9125,"Delaware",3,"Orange","Spring",0.68,1,"Store Pickup",1,1,0.653061224489796,"PayPal","Every 3 Months","Senior",0,1,0,0,0,1,0,0,0,0,0,0,0,1,0,0,0,0,1,0,0,0,1,0,0,0,0
651,0.307692307692308,1,"Gloves","Accessories",0.25,"Florida",2,"Magenta","Spring",0.56,1,"Next Day Air",1,1,0.224489795918367,"Bank Transfer","Annually","Adult",1,0,0,0,0,1,0,0,0,0,0,1,0,0,1,0,0,0,0,0,1,0,0,0,0,0,0
652,0.269230769230769,1,"Hat","Accessories",0.15,"Arkansas",3,"Yellow","Summer",0.16,1,"Next Day Air",1,1,0.816326530612245,"Venmo","Fortnightly","Adult",1,0,0,0,0,0,1,0,0,0,0,1,0,0,0,0,0,0,0,1,0,0,0,1,0,0,0
653,0.884615384615385,1,"Sunglasses","Accessories",0.0875,"Minnesota",2,"Beige","Winter",0.24,1,"Free Shipping",1,1,0.530612244897959,"Venmo","Weekly","Senior",1,0,0,0,0,0,0,1,0,0,1,0,0,0,0,0,0,0,0,1,0,0,0,0,0,0,1
654,0.0384615384615385,1,"Scarf","Accessories",0.6,"North Dakota",2,"Olive","Winter",0.44,1,"2-Day Shipping",1,1,0.897959183673469,"Cash","Fortnightly","Young Adult",1,0,0,0,0,0,0,1,1,0,0,0,0,0,0,1,0,0,0,0,0,0,0,1,0,0,0
655,0.115384615384615,1,"Handbag","Accessories",0.4875,"California",3,"Gray","Summer",0.76,1,"2-Day Shipping",1,1,0.448979591836735,"Venmo","Annually","Young Adult",1,0,0,0,0,0,1,0,1,0,0,0,0,0,0,0,0,0,0,1,1,0,0,0,0,0,0
656,0.0384615384615385,1,"Handbag","Accessories",0.2,"Mississippi",1,"Purple","Fall",0.24,1,"Free Shipping",1,1,0.36734693877551,"Venmo","Monthly","Young Adult",1,0,0,0,1,0,0,0,0,0,1,0,0,0,0,0,0,0,0,1,0,0,0,0,1,0,0
657,0.461538461538462,1,"Jeans","Clothing",0.0375,"Pennsylvania",2,"Beige","Summer",0.56,1,"Standard",1,1,0.102040816326531,"PayPal","Quarterly","Middle Age",0,1,0,0,0,0,1,0,0,0,0,0,1,0,0,0,0,0,1,0,0,0,0,0,0,1,0
658,0.576923076923077,1,"Jacket","Outerwear",0.75,"Arizona",2,"White","Winter",0.72,1,"Free Shipping",1,1,0.102040816326531,"PayPal","Quarterly","Middle Age",0,0,0,1,0,0,0,1,0,0,1,0,0,0,0,0,0,0,1,0,0,0,0,0,0,1,0
659,0.846153846153846,1,"Backpack","Accessories",0.2125,"Louisiana",1,"White","Fall",0.96,1,"Store Pickup",1,1,0.387755102040816,"Venmo","Weekly","Senior",1,0,0,0,1,0,0,0,0,0,0,0,0,1,0,0,0,0,0,1,0,0,0,0,0,0,1
660,0.846153846153846,1,"Shorts","Clothing",0.4,"Virginia",1,"Gold","Spring",0.44,1,"2-Day Shipping",1,1,0.142857142857143,"Cash","Weekly","Senior",0,1,0,0,0,1,0,0,1,0,0,0,0,0,0,1,0,0,0,0,0,0,0,0,0,0,1
661,0.615384615384615,1,"Coat","Outerwear",0.7375,"Montana",2,"Olive","Fall",1,1,"2-Day Shipping",1,1,0.775510204081633,"Credit Card","Quarterly","Middle Age",0,0,0,1,1,0,0,0,1,0,0,0,0,0,0,0,1,0,0,0,0,0,0,0,0,1,0
662,0.75,1,"Shirt","Clothing",0.6,"Iowa",4,"Green","Fall",0.64,1,"Store Pickup",1,1,0.775510204081633,"Credit Card","Quarterly","Senior",0,1,0,0,1,0,0,0,0,0,0,0,0,1,0,0,1,0,0,0,0,0,0,0,0,1,0
663,0.115384615384615,1,"Gloves","Accessories",0.975,"Illinois",3,"Magenta","Fall",0.12,1,"Express",1,1,0.775510204081633,"Venmo","Bi-Weekly","Young Adult",1,0,0,0,1,0,0,0,0,1,0,0,0,0,0,0,0,0,0,1,0,1,0,0,0,0,0
664,0.788461538461538,1,"Dress","Clothing",0.7875,"Alaska",2,"Charcoal","Fall",0.88,1,"Express",1,1,0.448979591836735,"Credit Card","Monthly","Senior",0,1,0,0,1,0,0,0,0,1,0,0,0,0,0,0,1,0,0,0,0,0,0,0,1,0,0
665,0.865384615384615,1,"Pants","Clothing",0.7875,"Colorado",2,"Indigo","Winter",0.76,1,"Express",1,1,0.816326530612245,"PayPal","Bi-Weekly","Senior",0,1,0,0,0,0,0,1,0,1,0,0,0,0,0,0,0,0,1,0,0,1,0,0,0,0,0
666,0.442307692307692,1,"Pants","Clothing",0.4375,"New Mexico",2,"Peach","Spring",0.96,1,"2-Day Shipping",1,1,1,"Credit Card","Annually","Middle Age",0,1,0,0,0,1,0,0,1,0,0,0,0,0,0,0,1,0,0,0,1,0,0,0,0,0,0
667,0.326923076923077,1,"Hoodie","Clothing",0.075,"Colorado",3,"Turquoise","Winter",0.24,1,"Free Shipping",1,1,0.591836734693878,"Debit Card","Quarterly","Adult",0,1,0,0,0,0,0,1,0,0,1,0,0,0,0,0,0,1,0,0,0,0,0,0,0,1,0
668,0.307692307692308,1,"Sunglasses","Accessories",0.7,"Arizona",1,"Blue","Winter",0.04,1,"Standard",1,1,0.63265306122449,"Bank Transfer","Quarterly","Adult",1,0,0,0,0,0,0,1,0,0,0,0,1,0,1,0,0,0,0,0,0,0,0,0,0,1,0
669,0.596153846153846,1,"T-shirt","Clothing",0.8125,"Hawaii",1,"Turquoise","Fall",0.16,1,"Express",1,1,0.693877551020408,"Bank Transfer","Monthly","Middle Age",0,1,0,0,1,0,0,0,0,1,0,0,0,0,1,0,0,0,0,0,0,0,0,0,1,0,0
670,0.480769230769231,1,"Jacket","Outerwear",0.8625,"Illinois",2,"Gray","Spring",0.32,1,"Free Shipping",1,1,0.897959183673469,"Venmo","Bi-Weekly","Middle Age",0,0,0,1,0,1,0,0,0,0,1,0,0,0,0,0,0,0,0,1,0,1,0,0,0,0,0
671,0.865384615384615,1,"Sweater","Clothing",0.2625,"Louisiana",4,"Purple","Spring",0.92,1,"Next Day Air",1,1,0.73469387755102,"Cash","Bi-Weekly","Senior",0,1,0,0,0,1,0,0,0,0,0,1,0,0,0,1,0,0,0,0,0,1,0,0,0,0,0
672,0.384615384615385,1,"Jacket","Outerwear",0.125,"Iowa",3,"Black","Winter",0.88,1,"Express",1,1,0.897959183673469,"Cash","Weekly","Middle Age",0,0,0,1,0,0,0,1,0,1,0,0,0,0,0,1,0,0,0,0,0,0,0,0,0,0,1
673,0.788461538461538,1,"Socks","Clothing",0.4125,"Washington",2,"Peach","Winter",0.32,1,"2-Day Shipping",1,1,0.571428571428571,"Cash","Quarterly","Senior",0,1,0,0,0,0,0,1,1,0,0,0,0,0,0,1,0,0,0,0,0,0,0,0,0,1,0
674,0.326923076923077,1,"Shirt","Clothing",0.575,"Oklahoma",2,"Indigo","Spring",0.68,1,"Free Shipping",1,1,0.530612244897959,"Venmo","Bi-Weekly","Adult",0,1,0,0,0,1,0,0,0,0,1,0,0,0,0,0,0,0,0,1,0,1,0,0,0,0,0
675,0.576923076923077,1,"Jewelry","Accessories",0.1625,"Washington",4,"Beige","Winter",0.88,1,"Store Pickup",1,1,0.714285714285714,"Bank Transfer","Annually","Middle Age",1,0,0,0,0,0,0,1,0,0,0,0,0,1,1,0,0,0,0,0,1,0,0,0,0,0,0
676,0.884615384615385,1,"Sunglasses","Accessories",0.825,"Arkansas",2,"Yellow","Spring",0.04,1,"2-Day Shipping",1,1,0.163265306122449,"Cash","Annually","Senior",1,0,0,0,0,1,0,0,1,0,0,0,0,0,0,1,0,0,0,0,1,0,0,0,0,0,0
677,0.192307692307692,1,"Pants","Clothing",0.5,"Connecticut",2,"Peach","Winter",0.16,1,"2-Day Shipping",1,1,0.755102040816326,"Venmo","Bi-Weekly","Adult",0,1,0,0,0,0,0,1,1,0,0,0,0,0,0,0,0,0,0,1,0,1,0,0,0,0,0
678,0.807692307692308,1,"Socks","Clothing",0.525,"Washington",1,"Turquoise","Summer",0.0800000000000001,1,"Express",1,1,0.816326530612245,"PayPal","Annually","Senior",0,1,0,0,0,0,1,0,0,1,0,0,0,0,0,0,0,0,1,0,1,0,0,0,0,0,0
679,0.173076923076923,1,"Blouse","Clothing",0.675,"Maine",2,"Teal","Fall",0.32,1,"Store Pickup",1,1,0.489795918367347,"Debit Card","Every 3 Months","Adult",0,1,0,0,1,0,0,0,0,0,0,0,0,1,0,0,0,1,0,0,0,0,1,0,0,0,0
680,0.730769230769231,1,"Sandals","Footwear",0.9375,"Michigan",2,"Turquoise","Fall",0.36,1,"Express",1,1,0.73469387755102,"Venmo","Fortnightly","Senior",0,0,1,0,1,0,0,0,0,1,0,0,0,0,0,0,0,0,0,1,0,0,0,1,0,0,0
681,0.769230769230769,1,"Sneakers","Footwear",0.0625,"Tennessee",2,"Magenta","Spring",0.68,1,"Express",1,1,0.0408163265306122,"PayPal","Annually","Senior",0,0,1,0,0,1,0,0,0,1,0,0,0,0,0,0,0,0,1,0,1,0,0,0,0,0,0
682,0.230769230769231,1,"Shirt","Clothing",0.4875,"Louisiana",4,"Purple","Winter",0.52,1,"2-Day Shipping",1,1,0.469387755102041,"Credit Card","Every 3 Months","Adult",0,1,0,0,0,0,0,1,1,0,0,0,0,0,0,0,1,0,0,0,0,0,1,0,0,0,0
683,0.0961538461538462,1,"Jacket","Outerwear",0.1125,"Missouri",2,"Brown","Summer",0.6,1,"Standard",1,1,0.979591836734694,"Credit Card","Bi-Weekly","Young Adult",0,0,0,1,0,0,1,0,0,0,0,0,1,0,0,0,1,0,0,0,0,1,0,0,0,0,0
684,0.288461538461538,1,"Sandals","Footwear",0.2,"Michigan",1,"Violet","Winter",0.0800000000000001,1,"Free Shipping",1,1,0.0408163265306122,"Bank Transfer","Monthly","Adult",0,0,1,0,0,0,0,1,0,0,1,0,0,0,1,0,0,0,0,0,0,0,0,0,1,0,0
685,0.865384615384615,1,"Hat","Accessories",0.775,"Alabama",2,"Yellow","Summer",0.88,1,"Express",1,1,0.836734693877551,"Debit Card","Monthly","Senior",1,0,0,0,0,0,1,0,0,1,0,0,0,0,0,0,0,1,0,0,0,0,0,0,1,0,0
686,1,1,"Blouse","Clothing",0.6375,"Massachusetts",4,"Magenta","Winter",0.4,1,"Standard",1,1,0.63265306122449,"Cash","Fortnightly","Senior",0,1,0,0,0,0,0,1,0,0,0,0,1,0,0,1,0,0,0,0,0,0,0,1,0,0,0
687,1,1,"Sweater","Clothing",0.1875,"Indiana",3,"Beige","Fall",0.2,1,"2-Day Shipping",1,1,0.653061224489796,"Venmo","Fortnightly","Senior",0,1,0,0,1,0,0,0,1,0,0,0,0,0,0,0,0,0,0,1,0,0,0,1,0,0,0
688,0.0192307692307692,1,"Gloves","Accessories",0.225,"West Virginia",4,"Turquoise","Winter",0.32,1,"Free Shipping",1,1,0.918367346938776,"Bank Transfer","Quarterly","Young Adult",1,0,0,0,0,0,0,1,0,0,1,0,0,0,1,0,0,0,0,0,0,0,0,0,0,1,0
689,0.134615384615385,1,"Scarf","Accessories",0.4875,"Michigan",1,"Peach","Summer",0.88,1,"Store Pickup",1,1,0.877551020408163,"Venmo","Monthly","Young Adult",1,0,0,0,0,0,1,0,0,0,0,0,0,1,0,0,0,0,0,1,0,0,0,0,1,0,0
690,0.0192307692307692,1,"Hoodie","Clothing",0.8875,"Pennsylvania",2,"Orange","Summer",0.88,1,"Express",1,1,0.693877551020408,"Credit Card","Every 3 Months","Young Adult",0,1,0,0,0,0,1,0,0,1,0,0,0,0,0,0,1,0,0,0,0,0,1,0,0,0,0
691,0.134615384615385,1,"Shorts","Clothing",0.6,"Alaska",4,"Red","Spring",0.92,1,"Standard",1,1,0.897959183673469,"Bank Transfer","Weekly","Young Adult",0,1,0,0,0,1,0,0,0,0,0,0,1,0,1,0,0,0,0,0,0,0,0,0,0,0,1
692,0.807692307692308,1,"Backpack","Accessories",0.0125,"Massachusetts",3,"Silver","Summer",0.16,1,"Standard",1,1,0.73469387755102,"PayPal","Bi-Weekly","Senior",1,0,0,0,0,0,1,0,0,0,0,0,1,0,0,0,0,0,1,0,0,1,0,0,0,0,0
693,0.326923076923077,1,"Sunglasses","Accessories",0.9375,"North Dakota",2,"Cyan","Spring",0.6,1,"2-Day Shipping",1,1,0.795918367346939,"Debit Card","Every 3 Months","Adult",1,0,0,0,0,1,0,0,1,0,0,0,0,0,0,0,0,1,0,0,0,0,1,0,0,0,0
694,0.538461538461538,1,"Shorts","Clothing",0.4,"Vermont",3,"Turquoise","Spring",0.24,1,"Free Shipping",1,1,0.591836734693878,"Cash","Every 3 Months","Middle Age",0,1,0,0,0,1,0,0,0,0,1,0,0,0,0,1,0,0,0,0,0,0,1,0,0,0,0
695,0.442307692307692,1,"Dress","Clothing",0.0125,"Kentucky",1,"Charcoal","Fall",0.4,1,"2-Day Shipping",1,1,0.755102040816326,"Venmo","Every 3 Months","Middle Age",0,1,0,0,1,0,0,0,1,0,0,0,0,0,0,0,0,0,0,1,0,0,1,0,0,0,0
696,0.230769230769231,1,"Shorts","Clothing",0.5875,"Nevada",4,"Peach","Summer",0.48,1,"Next Day Air",1,1,0.285714285714286,"Debit Card","Every 3 Months","Adult",0,1,0,0,0,0,1,0,0,0,0,1,0,0,0,0,0,1,0,0,0,0,1,0,0,0,0
697,0.5,1,"Belt","Accessories",0.275,"Utah",3,"Green","Fall",0.12,1,"Standard",1,1,0.979591836734694,"Cash","Monthly","Middle Age",1,0,0,0,1,0,0,0,0,0,0,0,1,0,0,1,0,0,0,0,0,0,0,0,1,0,0
698,0.826923076923077,1,"Scarf","Accessories",0.5375,"North Dakota",4,"Brown","Summer",0.84,1,"Free Shipping",1,1,0.795918367346939,"Debit Card","Quarterly","Senior",1,0,0,0,0,0,1,0,0,0,1,0,0,0,0,0,0,1,0,0,0,0,0,0,0,1,0
699,0.711538461538462,1,"Boots","Footwear",0.2625,"Iowa",2,"Yellow","Winter",0.52,1,"Standard",1,1,0.795918367346939,"Debit Card","Weekly","Senior",0,0,1,0,0,0,0,1,0,0,0,0,1,0,0,0,0,1,0,0,0,0,0,0,0,0,1
700,0.615384615384615,1,"Handbag","Accessories",0.325,"Connecticut",2,"Charcoal","Fall",0.04,1,"2-Day Shipping",1,1,0.0816326530612245,"PayPal","Weekly","Middle Age",1,0,0,0,1,0,0,0,1,0,0,0,0,0,0,0,0,0,1,0,0,0,0,0,0,0,1
701,0.75,1,"Pants","Clothing",0.7375,"Wisconsin",3,"Olive","Winter",0.64,1,"Standard",1,1,0.0816326530612245,"PayPal","Monthly","Senior",0,1,0,0,0,0,0,1,0,0,0,0,1,0,0,0,0,0,1,0,0,0,0,0,1,0,0
702,0.634615384615385,1,"Boots","Footwear",0.875,"Idaho",3,"Red","Fall",0.32,1,"Next Day Air",1,1,0.0816326530612245,"Debit Card","Every 3 Months","Senior",0,0,1,0,1,0,0,0,0,0,0,1,0,0,0,0,0,1,0,0,0,0,1,0,0,0,0
703,0,1,"Shirt","Clothing",0.6375,"Montana",2,"White","Winter",0.36,1,"Store Pickup",1,1,0,"Cash","Weekly","Young Adult",0,1,0,0,0,0,0,1,0,0,0,0,0,1,0,1,0,0,0,0,0,0,0,0,0,0,1
704,0.865384615384615,1,"Dress","Clothing",0.8375,"Connecticut",3,"Pink","Summer",0.2,1,"Standard",1,1,0.408163265306122,"Venmo","Weekly","Senior",0,1,0,0,0,0,1,0,0,0,0,0,1,0,0,0,0,0,0,1,0,0,0,0,0,0,1
705,0.307692307692308,1,"Hoodie","Clothing",0.575,"Idaho",1,"Black","Spring",0.28,1,"Express",1,1,0.346938775510204,"PayPal","Annually","Adult",0,1,0,0,0,1,0,0,0,1,0,0,0,0,0,0,0,0,1,0,1,0,0,0,0,0,0
706,0.134615384615385,1,"Pants","Clothing",0.875,"Arkansas",4,"Indigo","Summer",0.8,1,"Free Shipping",1,1,0.979591836734694,"Cash","Quarterly","Young Adult",0,1,0,0,0,0,1,0,0,0,1,0,0,0,0,1,0,0,0,0,0,0,0,0,0,1,0
707,0.538461538461538,1,"Jeans","Clothing",0.3375,"Iowa",3,"Turquoise","Summer",0.92,1,"Express",1,1,0.530612244897959,"Debit Card","Weekly","Middle Age",0,1,0,0,0,0,1,0,0,1,0,0,0,0,0,0,0,1,0,0,0,0,0,0,0,0,1
708,0.788461538461538,1,"Shirt","Clothing",0.225,"Louisiana",3,"Purple","Spring",0.48,1,"Next Day Air",1,1,0.408163265306122,"Venmo","Annually","Senior",0,1,0,0,0,1,0,0,0,0,0,1,0,0,0,0,0,0,0,1,1,0,0,0,0,0,0
709,0.365384615384615,1,"Backpack","Accessories",0.375,"Kentucky",3,"Beige","Summer",0.36,1,"Store Pickup",1,1,0.36734693877551,"Cash","Fortnightly","Middle Age",1,0,0,0,0,0,1,0,0,0,0,0,0,1,0,1,0,0,0,0,0,0,0,1,0,0,0
710,0.596153846153846,1,"Jacket","Outerwear",0.7375,"Massachusetts",3,"Charcoal","Summer",0.84,1,"Standard",1,1,0.448979591836735,"Debit Card","Monthly","Middle Age",0,0,0,1,0,0,1,0,0,0,0,0,1,0,0,0,0,1,0,0,0,0,0,0,1,0,0
711,0.0769230769230769,1,"Scarf","Accessories",0.8875,"Virginia",3,"Turquoise","Spring",0.64,1,"Standard",1,1,0.510204081632653,"PayPal","Fortnightly","Young Adult",1,0,0,0,0,1,0,0,0,0,0,0,1,0,0,0,0,0,1,0,0,0,0,1,0,0,0
712,0.884615384615385,1,"Boots","Footwear",0.5,"New Hampshire",2,"Maroon","Spring",0.4,1,"2-Day Shipping",1,1,0.244897959183673,"Bank Transfer","Bi-Weekly","Senior",0,0,1,0,0,1,0,0,1,0,0,0,0,0,1,0,0,0,0,0,0,1,0,0,0,0,0
713,0.461538461538462,1,"Blouse","Clothing",0.7625,"New Hampshire",4,"Black","Summer",0.52,1,"Next Day Air",1,1,0.714285714285714,"Bank Transfer","Quarterly","Middle Age",0,1,0,0,0,0,1,0,0,0,0,1,0,0,1,0,0,0,0,0,0,0,0,0,0,1,0
714,0.365384615384615,1,"Hoodie","Clothing",0.875,"Oregon",2,"Lavender","Summer",0.04,1,"Express",1,1,0.775510204081633,"Bank Transfer","Bi-Weekly","Middle Age",0,1,0,0,0,0,1,0,0,1,0,0,0,0,1,0,0,0,0,0,0,1,0,0,0,0,0
715,0.153846153846154,1,"Jacket","Outerwear",0.625,"South Dakota",2,"Magenta","Fall",0.76,1,"Store Pickup",1,1,0.795918367346939,"Debit Card","Fortnightly","Adult",0,0,0,1,1,0,0,0,0,0,0,0,0,1,0,0,0,1,0,0,0,0,0,1,0,0,0
716,0.288461538461538,1,"Jeans","Clothing",0.5375,"Delaware",3,"Green","Spring",0.04,1,"Express",1,1,0.73469387755102,"Debit Card","Quarterly","Adult",0,1,0,0,0,1,0,0,0,1,0,0,0,0,0,0,0,1,0,0,0,0,0,0,0,1,0
717,0.230769230769231,1,"Jewelry","Accessories",0.1125,"Missouri",2,"Olive","Spring",0.44,1,"Express",1,1,0.163265306122449,"Venmo","Bi-Weekly","Adult",1,0,0,0,0,1,0,0,0,1,0,0,0,0,0,0,0,0,0,1,0,1,0,0,0,0,0
718,0.0576923076923077,1,"Socks","Clothing",0.875,"Alaska",3,"Green","Spring",0.68,1,"Express",1,1,0.122448979591837,"Venmo","Every 3 Months","Young Adult",0,1,0,0,0,1,0,0,0,1,0,0,0,0,0,0,0,0,0,1,0,0,1,0,0,0,0
719,0.0769230769230769,1,"Shirt","Clothing",0.025,"Florida",2,"Peach","Summer",0.84,1,"Standard",1,1,0.489795918367347,"Bank Transfer","Annually","Young Adult",0,1,0,0,0,0,1,0,0,0,0,0,1,0,1,0,0,0,0,0,1,0,0,0,0,0,0
720,0.865384615384615,1,"Shorts","Clothing",0.025,"Mississippi",3,"Turquoise","Summer",0.32,1,"Next Day Air",1,1,0.836734693877551,"Venmo","Bi-Weekly","Senior",0,1,0,0,0,0,1,0,0,0,0,1,0,0,0,0,0,0,0,1,0,1,0,0,0,0,0
721,0.288461538461538,1,"Jewelry","Accessories",0.525,"New Mexico",3,"Orange","Fall",0.36,1,"Free Shipping",1,1,0.36734693877551,"Debit Card","Weekly","Adult",1,0,0,0,1,0,0,0,0,0,1,0,0,0,0,0,0,1,0,0,0,0,0,0,0,0,1
722,0.480769230769231,1,"Blouse","Clothing",0.4625,"California",3,"Silver","Summer",0.76,1,"Next Day Air",1,1,0.816326530612245,"Debit Card","Every 3 Months","Middle Age",0,1,0,0,0,0,1,0,0,0,0,1,0,0,0,0,0,1,0,0,0,0,1,0,0,0,0
723,0.173076923076923,1,"Sweater","Clothing",0.15,"Wyoming",1,"Blue","Summer",0.72,1,"Store Pickup",1,1,1,"Cash","Bi-Weekly","Adult",0,1,0,0,0,0,1,0,0,0,0,0,0,1,0,1,0,0,0,0,0,1,0,0,0,0,0
724,0.326923076923077,1,"Jewelry","Accessories",0.4125,"Missouri",3,"Cyan","Fall",0.4,1,"Express",1,1,0.857142857142857,"PayPal","Monthly","Adult",1,0,0,0,1,0,0,0,0,1,0,0,0,0,0,0,0,0,1,0,0,0,0,0,1,0,0
725,0.365384615384615,1,"T-shirt","Clothing",0.7375,"New Hampshire",4,"Green","Fall",0.88,1,"Store Pickup",1,1,0.714285714285714,"Venmo","Every 3 Months","Middle Age",0,1,0,0,1,0,0,0,0,0,0,0,0,1,0,0,0,0,0,1,0,0,1,0,0,0,0
726,0.826923076923077,1,"Hat","Accessories",0.5125,"Texas",3,"Silver","Winter",0.24,1,"Standard",1,1,0.653061224489796,"Debit Card","Fortnightly","Senior",1,0,0,0,0,0,0,1,0,0,0,0,1,0,0,0,0,1,0,0,0,0,0,1,0,0,0
727,0.269230769230769,1,"Shorts","Clothing",0.725,"North Dakota",3,"Yellow","Summer",0.44,1,"Next Day Air",1,1,0.387755102040816,"Bank Transfer","Every 3 Months","Adult",0,1,0,0,0,0,1,0,0,0,0,1,0,0,1,0,0,0,0,0,0,0,1,0,0,0,0
728,0.846153846153846,1,"Sweater","Clothing",0.9625,"Arkansas",1,"Gray","Winter",0.92,1,"Next Day Air",1,1,0.73469387755102,"Venmo","Every 3 Months","Senior",0,1,0,0,0,0,0,1,0,0,0,1,0,0,0,0,0,0,0,1,0,0,1,0,0,0,0
729,0.211538461538462,1,"Jeans","Clothing",0.725,"Nebraska",2,"Pink","Winter",0.48,1,"Next Day Air",1,1,0.224489795918367,"PayPal","Every 3 Months","Adult",0,1,0,0,0,0,0,1,0,0,0,1,0,0,0,0,0,0,1,0,0,0,1,0,0,0,0
730,0.442307692307692,1,"Sunglasses","Accessories",0.45,"Minnesota",3,"Beige","Summer",0.28,1,"Express",1,1,0.918367346938776,"PayPal","Every 3 Months","Middle Age",1,0,0,0,0,0,1,0,0,1,0,0,0,0,0,0,0,0,1,0,0,0,1,0,0,0,0
731,0.576923076923077,1,"Boots","Footwear",0.0625,"Massachusetts",2,"Indigo","Summer",0.56,1,"Standard",1,1,0.551020408163265,"Venmo","Fortnightly","Middle Age",0,0,1,0,0,0,1,0,0,0,0,0,1,0,0,0,0,0,0,1,0,0,0,1,0,0,0
732,0.480769230769231,1,"Coat","Outerwear",0.1,"Arkansas",2,"Red","Spring",0.4,1,"Free Shipping",1,1,0.591836734693878,"PayPal","Fortnightly","Middle Age",0,0,0,1,0,1,0,0,0,0,1,0,0,0,0,0,0,0,1,0,0,0,0,1,0,0,0
733,0.307692307692308,1,"Shirt","Clothing",0.4625,"New Hampshire",3,"Blue","Spring",0.12,1,"Express",1,1,0.551020408163265,"Cash","Bi-Weekly","Adult",0,1,0,0,0,1,0,0,0,1,0,0,0,0,0,1,0,0,0,0,0,1,0,0,0,0,0
734,0.519230769230769,1,"Dress","Clothing",0.2,"Rhode Island",3,"Cyan","Fall",0.0800000000000001,1,"2-Day Shipping",1,1,0.387755102040816,"Debit Card","Bi-Weekly","Middle Age",0,1,0,0,1,0,0,0,1,0,0,0,0,0,0,0,0,1,0,0,0,1,0,0,0,0,0
735,0.903846153846154,1,"Shirt","Clothing",0.6125,"New Jersey",1,"Violet","Winter",0.24,1,"Express",1,1,0.775510204081633,"Bank Transfer","Every 3 Months","Senior",0,1,0,0,0,0,0,1,0,1,0,0,0,0,1,0,0,0,0,0,0,0,1,0,0,0,0
736,0.826923076923077,1,"Sunglasses","Accessories",0.35,"Montana",2,"Orange","Fall",0.44,1,"2-Day Shipping",1,1,0.959183673469388,"Cash","Bi-Weekly","Senior",1,0,0,0,1,0,0,0,1,0,0,0,0,0,0,1,0,0,0,0,0,1,0,0,0,0,0
737,0,1,"Dress","Clothing",0.475,"Colorado",3,"Maroon","Spring",0.16,1,"2-Day Shipping",1,1,0.63265306122449,"Credit Card","Every 3 Months","Young Adult",0,1,0,0,0,1,0,0,1,0,0,0,0,0,0,0,1,0,0,0,0,0,1,0,0,0,0
738,0.557692307692308,1,"Sunglasses","Accessories",0.05,"Nebraska",2,"Teal","Spring",0.44,1,"Store Pickup",1,1,0.551020408163265,"PayPal","Annually","Middle Age",1,0,0,0,0,1,0,0,0,0,0,0,0,1,0,0,0,0,1,0,1,0,0,0,0,0,0
739,0.730769230769231,1,"Sunglasses","Accessories",0.1375,"Minnesota",3,"Orange","Winter",0.4,1,"2-Day Shipping",1,1,0.530612244897959,"Venmo","Quarterly","Senior",1,0,0,0,0,0,0,1,1,0,0,0,0,0,0,0,0,0,0,1,0,0,0,0,0,1,0
740,0.884615384615385,1,"Shorts","Clothing",0.1125,"Minnesota",1,"Purple","Summer",0.4,1,"Free Shipping",1,1,0.510204081632653,"Venmo","Bi-Weekly","Senior",0,1,0,0,0,0,1,0,0,0,1,0,0,0,0,0,0,0,0,1,0,1,0,0,0,0,0
741,0.153846153846154,1,"Jeans","Clothing",0.6125,"South Dakota",2,"Orange","Summer",0.12,1,"Next Day Air",1,1,0.428571428571429,"Credit Card","Fortnightly","Adult",0,1,0,0,0,0,1,0,0,0,0,1,0,0,0,0,1,0,0,0,0,0,0,1,0,0,0
742,0.0769230769230769,1,"T-shirt","Clothing",0.7375,"West Virginia",4,"Yellow","Summer",0.88,1,"Free Shipping",1,1,0.448979591836735,"Bank Transfer","Every 3 Months","Young Adult",0,1,0,0,0,0,1,0,0,0,1,0,0,0,1,0,0,0,0,0,0,0,1,0,0,0,0
743,0.884615384615385,1,"Pants","Clothing",0.2375,"Nevada",2,"Charcoal","Summer",0.24,1,"Express",1,1,0.408163265306122,"Debit Card","Quarterly","Senior",0,1,0,0,0,0,1,0,0,1,0,0,0,0,0,0,0,1,0,0,0,0,0,0,0,1,0
744,0.0576923076923077,1,"Sunglasses","Accessories",0.8,"North Carolina",3,"Gray","Fall",0.96,1,"Free Shipping",1,1,0.714285714285714,"Cash","Weekly","Young Adult",1,0,0,0,1,0,0,0,0,0,1,0,0,0,0,1,0,0,0,0,0,0,0,0,0,0,1
745,0.942307692307692,1,"Boots","Footwear",0.575,"Illinois",1,"Charcoal","Spring",0.64,1,"Next Day Air",1,1,0.836734693877551,"Debit Card","Bi-Weekly","Senior",0,0,1,0,0,1,0,0,0,0,0,1,0,0,0,0,0,1,0,0,0,1,0,0,0,0,0
746,0.538461538461538,1,"T-shirt","Clothing",0.9,"Michigan",3,"Orange","Fall",0.88,1,"Standard",1,1,0.0612244897959184,"Venmo","Monthly","Middle Age",0,1,0,0,1,0,0,0,0,0,0,0,1,0,0,0,0,0,0,1,0,0,0,0,1,0,0
747,0.423076923076923,1,"Sandals","Footwear",0.3125,"Michigan",2,"Red","Winter",0,1,"Free Shipping",1,1,0.938775510204082,"Credit Card","Annually","Middle Age",0,0,1,0,0,0,0,1,0,0,1,0,0,0,0,0,1,0,0,0,1,0,0,0,0,0,0
748,0.634615384615385,1,"Shorts","Clothing",0.675,"Oklahoma",3,"Gold","Spring",0.76,1,"Next Day Air",1,1,0.244897959183673,"Bank Transfer","Weekly","Senior",0,1,0,0,0,1,0,0,0,0,0,1,0,0,1,0,0,0,0,0,0,0,0,0,0,0,1
749,0.326923076923077,1,"Hat","Accessories",0.2375,"South Dakota",3,"Brown","Fall",0.56,1,"Free Shipping",1,1,0.142857142857143,"Bank Transfer","Quarterly","Adult",1,0,0,0,1,0,0,0,0,0,1,0,0,0,1,0,0,0,0,0,0,0,0,0,0,1,0
750,0.730769230769231,1,"Scarf","Accessories",0.6375,"Oklahoma",2,"Olive","Winter",0.48,1,"Standard",1,1,0.204081632653061,"Debit Card","Quarterly","Senior",1,0,0,0,0,0,0,1,0,0,0,0,1,0,0,0,0,1,0,0,0,0,0,0,0,1,0
751,0.134615384615385,1,"T-shirt","Clothing",0.9375,"Maryland",3,"Violet","Fall",0.36,1,"Free Shipping",1,1,0.0816326530612245,"Venmo","Annually","Young Adult",0,1,0,0,1,0,0,0,0,0,1,0,0,0,0,0,0,0,0,1,1,0,0,0,0,0,0
752,0.903846153846154,1,"Gloves","Accessories",0.65,"Ohio",3,"Indigo","Fall",0.92,1,"Free Shipping",1,1,0,"Credit Card","Monthly","Senior",1,0,0,0,1,0,0,0,0,0,1,0,0,0,0,0,1,0,0,0,0,0,0,0,1,0,0
753,0.403846153846154,1,"Scarf","Accessories",0.8125,"Ohio",3,"Yellow","Fall",0.68,1,"2-Day Shipping",1,1,0.326530612244898,"PayPal","Every 3 Months","Middle Age",1,0,0,0,1,0,0,0,1,0,0,0,0,0,0,0,0,0,1,0,0,0,1,0,0,0,0
754,0.557692307692308,1,"Boots","Footwear",0.425,"Massachusetts",2,"Teal","Fall",0.36,1,"Store Pickup",1,1,0.530612244897959,"Venmo","Quarterly","Middle Age",0,0,1,0,1,0,0,0,0,0,0,0,0,1,0,0,0,0,0,1,0,0,0,0,0,1,0
755,0.346153846153846,1,"Gloves","Accessories",0.2625,"North Carolina",3,"Pink","Spring",0.16,1,"Store Pickup",1,1,0.0408163265306122,"Debit Card","Quarterly","Middle Age",1,0,0,0,0,1,0,0,0,0,0,0,0,1,0,0,0,1,0,0,0,0,0,0,0,1,0
756,0.923076923076923,1,"Coat","Outerwear",0.05,"Florida",2,"Violet","Spring",0.32,1,"Free Shipping",1,1,0.428571428571429,"PayPal","Weekly","Senior",0,0,0,1,0,1,0,0,0,0,1,0,0,0,0,0,0,0,1,0,0,0,0,0,0,0,1
757,0.846153846153846,1,"Belt","Accessories",0.9875,"Montana",1,"Orange","Summer",0.92,1,"Standard",1,1,0.469387755102041,"Cash","Fortnightly","Senior",1,0,0,0,0,0,1,0,0,0,0,0,1,0,0,1,0,0,0,0,0,0,0,1,0,0,0
758,0.442307692307692,1,"Hoodie","Clothing",0.15,"Minnesota",2,"Red","Fall",0.52,1,"Store Pickup",1,1,0.346938775510204,"Debit Card","Quarterly","Middle Age",0,1,0,0,1,0,0,0,0,0,0,0,0,1,0,0,0,1,0,0,0,0,0,0,0,1,0
759,0.923076923076923,1,"Shoes","Footwear",0.6375,"Massachusetts",3,"Peach","Summer",0.84,1,"2-Day Shipping",1,1,0.775510204081633,"Bank Transfer","Every 3 Months","Senior",0,0,1,0,0,0,1,0,1,0,0,0,0,0,1,0,0,0,0,0,0,0,1,0,0,0,0
760,0.634615384615385,1,"Dress","Clothing",0.3625,"Rhode Island",4,"Green","Winter",0.04,1,"Next Day Air",1,1,0.489795918367347,"Credit Card","Fortnightly","Senior",0,1,0,0,0,0,0,1,0,0,0,1,0,0,0,0,1,0,0,0,0,0,0,1,0,0,0
761,0.288461538461538,1,"Gloves","Accessories",0.375,"Minnesota",4,"Violet","Fall",0.36,1,"Free Shipping",1,1,0.102040816326531,"Cash","Annually","Adult",1,0,0,0,1,0,0,0,0,0,1,0,0,0,0,1,0,0,0,0,1,0,0,0,0,0,0
762,0.75,1,"Jewelry","Accessories",0.8875,"Nevada",3,"Yellow","Fall",0.68,1,"Express",1,1,0.510204081632653,"Bank Transfer","Weekly","Senior",1,0,0,0,1,0,0,0,0,1,0,0,0,0,1,0,0,0,0,0,0,0,0,0,0,0,1
763,0.519230769230769,1,"Belt","Accessories",0.325,"New Mexico",2,"Pink","Fall",0.56,1,"Standard",1,1,0.857142857142857,"Debit Card","Fortnightly","Middle Age",1,0,0,0,1,0,0,0,0,0,0,0,1,0,0,0,0,1,0,0,0,0,0,1,0,0,0
764,0.826923076923077,1,"Sweater","Clothing",0.375,"North Carolina",2,"Brown","Spring",0.16,1,"2-Day Shipping",1,1,0.102040816326531,"Credit Card","Monthly","Senior",0,1,0,0,0,1,0,0,1,0,0,0,0,0,0,0,1,0,0,0,0,0,0,0,1,0,0
765,0.711538461538462,1,"Skirt","Clothing",0.2375,"Virginia",4,"Silver","Fall",0.68,1,"Free Shipping",1,1,0.102040816326531,"Debit Card","Quarterly","Senior",0,1,0,0,1,0,0,0,0,0,1,0,0,0,0,0,0,1,0,0,0,0,0,0,0,1,0
766,0.692307692307692,1,"Sneakers","Footwear",0.9875,"Alaska",2,"Pink","Summer",0.2,1,"Store Pickup",1,1,0.244897959183673,"Cash","Quarterly","Senior",0,0,1,0,0,0,1,0,0,0,0,0,0,1,0,1,0,0,0,0,0,0,0,0,0,1,0
767,0.75,1,"Gloves","Accessories",0.35,"Nevada",2,"Cyan","Winter",0.44,1,"Next Day Air",1,1,0.244897959183673,"PayPal","Monthly","Senior",1,0,0,0,0,0,0,1,0,0,0,1,0,0,0,0,0,0,1,0,0,0,0,0,1,0,0
768,0.173076923076923,1,"Coat","Outerwear",0.7125,"Pennsylvania",2,"Brown","Fall",0,1,"Next Day Air",1,1,0.204081632653061,"Cash","Annually","Adult",0,0,0,1,1,0,0,0,0,0,0,1,0,0,0,1,0,0,0,0,1,0,0,0,0,0,0
769,0.884615384615385,1,"Backpack","Accessories",0.9375,"Illinois",4,"Red","Spring",0.04,1,"Express",1,1,0.897959183673469,"Venmo","Weekly","Senior",1,0,0,0,0,1,0,0,0,1,0,0,0,0,0,0,0,0,0,1,0,0,0,0,0,0,1
770,0.653846153846154,1,"Socks","Clothing",1,"Delaware",2,"Silver","Spring",0.72,1,"Store Pickup",1,1,0.142857142857143,"PayPal","Monthly","Senior",0,1,0,0,0,1,0,0,0,0,0,0,0,1,0,0,0,0,1,0,0,0,0,0,1,0,0
771,0.0192307692307692,1,"Sneakers","Footwear",0.425,"Vermont",2,"Gray","Spring",0.32,1,"Express",1,1,0.142857142857143,"Credit Card","Annually","Young Adult",0,0,1,0,0,1,0,0,0,1,0,0,0,0,0,0,1,0,0,0,1,0,0,0,0,0,0
772,0.0769230769230769,1,"Sweater","Clothing",0.6,"Hawaii",3,"Cyan","Fall",0.04,1,"Next Day Air",1,1,0.673469387755102,"Bank Transfer","Fortnightly","Young Adult",0,1,0,0,1,0,0,0,0,0,0,1,0,0,1,0,0,0,0,0,0,0,0,1,0,0,0
773,0,1,"Jeans","Clothing",0.025,"Illinois",3,"Teal","Fall",0.44,1,"Free Shipping",1,1,0.795918367346939,"Debit Card","Bi-Weekly","Young Adult",0,1,0,0,1,0,0,0,0,0,1,0,0,0,0,0,0,1,0,0,0,1,0,0,0,0,0
774,0.211538461538462,1,"Hat","Accessories",0.8,"California",3,"Indigo","Winter",0.04,1,"Express",1,1,0.26530612244898,"Debit Card","Bi-Weekly","Adult",1,0,0,0,0,0,0,1,0,1,0,0,0,0,0,0,0,1,0,0,0,1,0,0,0,0,0
775,0.461538461538462,1,"Hat","Accessories",0.325,"Nevada",2,"Yellow","Summer",0.4,1,"Standard",1,1,0.204081632653061,"Credit Card","Quarterly","Middle Age",1,0,0,0,0,0,1,0,0,0,0,0,1,0,0,0,1,0,0,0,0,0,0,0,0,1,0
776,0.596153846153846,1,"Handbag","Accessories",0.4125,"Kentucky",1,"Gold","Winter",0.2,1,"Store Pickup",1,1,0.142857142857143,"PayPal","Monthly","Middle Age",1,0,0,0,0,0,0,1,0,0,0,0,0,1,0,0,0,0,1,0,0,0,0,0,1,0,0
777,0.596153846153846,1,"Shirt","Clothing",0.5,"Alabama",2,"Maroon","Spring",1,1,"Standard",1,1,0.142857142857143,"Venmo","Every 3 Months","Middle Age",0,1,0,0,0,1,0,0,0,0,0,0,1,0,0,0,0,0,0,1,0,0,1,0,0,0,0
778,0.711538461538462,1,"Socks","Clothing",0.15,"Wyoming",4,"Silver","Spring",0,1,"Express",1,1,0.73469387755102,"Venmo","Weekly","Senior",0,1,0,0,0,1,0,0,0,1,0,0,0,0,0,0,0,0,0,1,0,0,0,0,0,0,1
779,0.211538461538462,1,"Socks","Clothing",0.375,"Massachusetts",2,"Yellow","Summer",0.16,1,"Store Pickup",1,1,0.448979591836735,"Debit Card","Annually","Adult",0,1,0,0,0,0,1,0,0,0,0,0,0,1,0,0,0,1,0,0,1,0,0,0,0,0,0
780,0.807692307692308,1,"Dress","Clothing",0.925,"Utah",2,"Blue","Spring",0.84,1,"Express",1,1,0.755102040816326,"Cash","Annually","Senior",0,1,0,0,0,1,0,0,0,1,0,0,0,0,0,1,0,0,0,0,1,0,0,0,0,0,0
781,0.307692307692308,1,"Shoes","Footwear",0.075,"New York",2,"Turquoise","Spring",0.44,1,"Free Shipping",1,1,0.755102040816326,"Cash","Quarterly","Adult",0,0,1,0,0,1,0,0,0,0,1,0,0,0,0,1,0,0,0,0,0,0,0,0,0,1,0
782,0.230769230769231,1,"Scarf","Accessories",0.3,"Vermont",3,"Indigo","Winter",0.2,1,"Store Pickup",1,1,0.224489795918367,"Credit Card","Fortnightly","Adult",1,0,0,0,0,0,0,1,0,0,0,0,0,1,0,0,1,0,0,0,0,0,0,1,0,0,0
783,0.192307692307692,1,"Hoodie","Clothing",0.4625,"Hawaii",2,"Green","Summer",0.8,1,"Standard",1,1,0.285714285714286,"Cash","Weekly","Adult",0,1,0,0,0,0,1,0,0,0,0,0,1,0,0,1,0,0,0,0,0,0,0,0,0,0,1
784,0.865384615384615,1,"T-shirt","Clothing",0.5625,"Louisiana",3,"Purple","Winter",0.8,1,"Next Day Air",1,1,0.755102040816326,"PayPal","Fortnightly","Senior",0,1,0,0,0,0,0,1,0,0,0,1,0,0,0,0,0,0,1,0,0,0,0,1,0,0,0
785,0.25,1,"Jeans","Clothing",0.65,"Alabama",2,"Peach","Winter",0.28,1,"Store Pickup",1,1,0.816326530612245,"Bank Transfer","Every 3 Months","Adult",0,1,0,0,0,0,0,1,0,0,0,0,0,1,1,0,0,0,0,0,0,0,1,0,0,0,0
786,0.538461538461538,1,"Shorts","Clothing",0.525,"Louisiana",1,"Purple","Spring",0.6,1,"Next Day Air",1,1,0.73469387755102,"PayPal","Fortnightly","Middle Age",0,1,0,0,0,1,0,0,0,0,0,1,0,0,0,0,0,0,1,0,0,0,0,1,0,0,0
787,1,1,"Hat","Accessories",0.0125,"Indiana",1,"Teal","Winter",0.92,1,"Express",1,1,0.306122448979592,"Bank Transfer","Every 3 Months","Senior",1,0,0,0,0,0,0,1,0,1,0,0,0,0,1,0,0,0,0,0,0,0,1,0,0,0,0
788,0.673076923076923,1,"Handbag","Accessories",0.8125,"Michigan",1,"Green","Spring",0.48,1,"Free Shipping",1,1,0.489795918367347,"Venmo","Weekly","Senior",1,0,0,0,0,1,0,0,0,0,1,0,0,0,0,0,0,0,0,1,0,0,0,0,0,0,1
789,0.615384615384615,1,"Pants","Clothing",0.3875,"Rhode Island",4,"Yellow","Summer",0.52,1,"Store Pickup",1,1,0.346938775510204,"Bank Transfer","Quarterly","Middle Age",0,1,0,0,0,0,1,0,0,0,0,0,0,1,1,0,0,0,0,0,0,0,0,0,0,1,0
790,0.288461538461538,1,"Handbag","Accessories",0.8,"Idaho",1,"Purple","Fall",0.0800000000000001,1,"Standard",1,1,0.0612244897959184,"Credit Card","Bi-Weekly","Adult",1,0,0,0,1,0,0,0,0,0,0,0,1,0,0,0,1,0,0,0,0,1,0,0,0,0,0
791,0.0769230769230769,1,"Sweater","Clothing",0.2125,"Louisiana",2,"Indigo","Summer",0.96,1,"Store Pickup",1,1,0.224489795918367,"Bank Transfer","Quarterly","Young Adult",0,1,0,0,0,0,1,0,0,0,0,0,0,1,1,0,0,0,0,0,0,0,0,0,0,1,0
792,0.615384615384615,1,"Scarf","Accessories",0.3,"North Carolina",1,"Magenta","Summer",0.24,1,"2-Day Shipping",1,1,0.693877551020408,"PayPal","Fortnightly","Middle Age",1,0,0,0,0,0,1,0,1,0,0,0,0,0,0,0,0,0,1,0,0,0,0,1,0,0,0
793,0.307692307692308,1,"Sneakers","Footwear",0.3125,"New Jersey",2,"Violet","Spring",0.68,1,"Next Day Air",1,1,0.897959183673469,"Venmo","Weekly","Adult",0,0,1,0,0,1,0,0,0,0,0,1,0,0,0,0,0,0,0,1,0,0,0,0,0,0,1
794,0.115384615384615,1,"Pants","Clothing",0.1875,"Alabama",3,"Maroon","Summer",0.52,1,"Free Shipping",1,1,0.306122448979592,"Credit Card","Monthly","Young Adult",0,1,0,0,0,0,1,0,0,0,1,0,0,0,0,0,1,0,0,0,0,0,0,0,1,0,0
795,0.980769230769231,1,"Backpack","Accessories",0.375,"Kentucky",4,"Yellow","Winter",0.68,1,"Store Pickup",1,1,0.183673469387755,"Debit Card","Fortnightly","Senior",1,0,0,0,0,0,0,1,0,0,0,0,0,1,0,0,0,1,0,0,0,0,0,1,0,0,0
796,0.403846153846154,1,"Sandals","Footwear",0.075,"New York",2,"Beige","Summer",0.84,1,"Store Pickup",1,1,0.673469387755102,"Venmo","Annually","Middle Age",0,0,1,0,0,0,1,0,0,0,0,0,0,1,0,0,0,0,0,1,1,0,0,0,0,0,0
797,0.461538461538462,1,"Socks","Clothing",0.725,"Arizona",4,"Black","Fall",0.6,1,"2-Day Shipping",1,1,0.857142857142857,"Credit Card","Annually","Middle Age",0,1,0,0,1,0,0,0,1,0,0,0,0,0,0,0,1,0,0,0,1,0,0,0,0,0,0
798,0.461538461538462,1,"Coat","Outerwear",0.775,"Maryland",2,"Violet","Fall",0.6,1,"2-Day Shipping",1,1,0.755102040816326,"Debit Card","Weekly","Middle Age",0,0,0,1,1,0,0,0,1,0,0,0,0,0,0,0,0,1,0,0,0,0,0,0,0,0,1
799,0.211538461538462,1,"Socks","Clothing",0.2375,"Alaska",2,"Violet","Spring",0.52,1,"2-Day Shipping",1,1,0.959183673469388,"PayPal","Every 3 Months","Adult",0,1,0,0,0,1,0,0,1,0,0,0,0,0,0,0,0,0,1,0,0,0,1,0,0,0,0
800,0.711538461538462,1,"Belt","Accessories",0.4375,"Nevada",3,"Brown","Summer",0.52,1,"Free Shipping",1,1,0.612244897959184,"PayPal","Annually","Senior",1,0,0,0,0,0,1,0,0,0,1,0,0,0,0,0,0,0,1,0,1,0,0,0,0,0,0
801,0.269230769230769,1,"Socks","Clothing",0,"Utah",1,"Gold","Summer",0.04,1,"Free Shipping",1,1,0.387755102040816,"Cash","Every 3 Months","Adult",0,1,0,0,0,0,1,0,0,0,1,0,0,0,0,1,0,0,0,0,0,0,1,0,0,0,0
802,0.134615384615385,1,"Belt","Accessories",0.1125,"New Mexico",3,"Blue","Fall",0.96,1,"Express",1,1,0.224489795918367,"Credit Card","Fortnightly","Young Adult",1,0,0,0,1,0,0,0,0,1,0,0,0,0,0,0,1,0,0,0,0,0,0,1,0,0,0
803,0.384615384615385,1,"Pants","Clothing",0.2625,"Delaware",2,"Teal","Winter",0.4,1,"Next Day Air",1,1,0.0204081632653061,"Bank Transfer","Weekly","Middle Age",0,1,0,0,0,0,0,1,0,0,0,1,0,0,1,0,0,0,0,0,0,0,0,0,0,0,1
804,0.269230769230769,1,"Shorts","Clothing",0.225,"Connecticut",3,"Silver","Winter",0.12,1,"Express",1,1,0.591836734693878,"Venmo","Every 3 Months","Adult",0,1,0,0,0,0,0,1,0,1,0,0,0,0,0,0,0,0,0,1,0,0,1,0,0,0,0
805,0.480769230769231,1,"Boots","Footwear",0.3375,"Mississippi",2,"Maroon","Summer",0.04,1,"Store Pickup",1,1,0.551020408163265,"Venmo","Quarterly","Middle Age",0,0,1,0,0,0,1,0,0,0,0,0,0,1,0,0,0,0,0,1,0,0,0,0,0,1,0
806,0.442307692307692,1,"Dress","Clothing",0.125,"Connecticut",3,"White","Summer",0.48,1,"Next Day Air",1,1,0.795918367346939,"Debit Card","Monthly","Middle Age",0,1,0,0,0,0,1,0,0,0,0,1,0,0,0,0,0,1,0,0,0,0,0,0,1,0,0
807,0.730769230769231,1,"Jeans","Clothing",0.45,"Florida",3,"Charcoal","Summer",0.0800000000000001,1,"Standard",1,1,0.918367346938776,"PayPal","Quarterly","Senior",0,1,0,0,0,0,1,0,0,0,0,0,1,0,0,0,0,0,1,0,0,0,0,0,0,1,0
808,0.173076923076923,1,"T-shirt","Clothing",0.8625,"New York",1,"Brown","Winter",0.32,1,"Express",1,1,0.285714285714286,"Credit Card","Weekly","Adult",0,1,0,0,0,0,0,1,0,1,0,0,0,0,0,0,1,0,0,0,0,0,0,0,0,0,1
809,0.538461538461538,1,"Shoes","Footwear",0.95,"Wisconsin",3,"Lavender","Fall",0.84,1,"Next Day Air",1,1,0.755102040816326,"Cash","Every 3 Months","Middle Age",0,0,1,0,1,0,0,0,0,0,0,1,0,0,0,1,0,0,0,0,0,0,1,0,0,0,0
810,0.576923076923077,1,"Boots","Footwear",0.7625,"South Carolina",2,"Violet","Fall",0.96,1,"Next Day Air",1,1,0.591836734693878,"PayPal","Bi-Weekly","Middle Age",0,0,1,0,1,0,0,0,0,0,0,1,0,0,0,0,0,0,1,0,0,1,0,0,0,0,0
811,0.653846153846154,1,"Scarf","Accessories",0.7875,"South Dakota",1,"Lavender","Fall",0.96,1,"Store Pickup",1,1,0.63265306122449,"Debit Card","Bi-Weekly","Senior",1,0,0,0,1,0,0,0,0,0,0,0,0,1,0,0,0,1,0,0,0,1,0,0,0,0,0
812,0,1,"Sneakers","Footwear",0.1875,"Illinois",2,"Green","Winter",0.0800000000000001,1,"Free Shipping",1,1,0.714285714285714,"Venmo","Quarterly","Young Adult",0,0,1,0,0,0,0,1,0,0,1,0,0,0,0,0,0,0,0,1,0,0,0,0,0,1,0
813,0.884615384615385,1,"Boots","Footwear",0.45,"Alaska",2,"Olive","Summer",0.28,1,"Standard",1,1,0.63265306122449,"Credit Card","Weekly","Senior",0,0,1,0,0,0,1,0,0,0,0,0,1,0,0,0,1,0,0,0,0,0,0,0,0,0,1
814,0.692307692307692,1,"Handbag","Accessories",0.3125,"Montana",1,"Olive","Summer",0.16,1,"Store Pickup",1,1,0.26530612244898,"Debit Card","Annually","Senior",1,0,0,0,0,0,1,0,0,0,0,0,0,1,0,0,0,1,0,0,1,0,0,0,0,0,0
815,0.25,1,"Shirt","Clothing",0.525,"Minnesota",2,"Pink","Winter",0.52,1,"Express",1,1,0.142857142857143,"PayPal","Monthly","Adult",0,1,0,0,0,0,0,1,0,1,0,0,0,0,0,0,0,0,1,0,0,0,0,0,1,0,0
816,0.230769230769231,1,"Hat","Accessories",0.8,"West Virginia",3,"Teal","Spring",0.2,1,"Next Day Air",1,1,0.530612244897959,"Venmo","Bi-Weekly","Adult",1,0,0,0,0,1,0,0,0,0,0,1,0,0,0,0,0,0,0,1,0,1,0,0,0,0,0
817,0.153846153846154,1,"Sweater","Clothing",0.05,"Illinois",3,"Cyan","Summer",0.56,1,"Store Pickup",1,1,0.469387755102041,"Debit Card","Monthly","Adult",0,1,0,0,0,0,1,0,0,0,0,0,0,1,0,0,0,1,0,0,0,0,0,0,1,0,0
818,0.134615384615385,1,"Handbag","Accessories",0.0125,"Nevada",1,"Gray","Spring",0.88,1,"Store Pickup",1,1,0.591836734693878,"PayPal","Fortnightly","Young Adult",1,0,0,0,0,1,0,0,0,0,0,0,0,1,0,0,0,0,1,0,0,0,0,1,0,0,0
819,0.788461538461538,1,"Shirt","Clothing",0.8875,"Idaho",2,"Peach","Winter",0.96,1,"Store Pickup",1,1,0.673469387755102,"Debit Card","Monthly","Senior",0,1,0,0,0,0,0,1,0,0,0,0,0,1,0,0,0,1,0,0,0,0,0,0,1,0,0
820,0.711538461538462,1,"Sunglasses","Accessories",0.2,"Colorado",1,"Teal","Winter",0.92,1,"Next Day Air",1,1,0.551020408163265,"Debit Card","Quarterly","Senior",1,0,0,0,0,0,0,1,0,0,0,1,0,0,0,0,0,1,0,0,0,0,0,0,0,1,0
821,0.730769230769231,1,"Sneakers","Footwear",0.2375,"Louisiana",2,"Turquoise","Spring",0,1,"2-Day Shipping",1,1,0.530612244897959,"Debit Card","Monthly","Senior",0,0,1,0,0,1,0,0,1,0,0,0,0,0,0,0,0,1,0,0,0,0,0,0,1,0,0
822,0.846153846153846,1,"Hoodie","Clothing",0.2375,"Vermont",2,"Green","Spring",0.56,1,"Standard",1,1,0.612244897959184,"Credit Card","Bi-Weekly","Senior",0,1,0,0,0,1,0,0,0,0,0,0,1,0,0,0,1,0,0,0,0,1,0,0,0,0,0
823,0.326923076923077,1,"Shirt","Clothing",0.4875,"Mississippi",3,"Magenta","Winter",0.36,1,"Standard",1,1,0.448979591836735,"Bank Transfer","Annually","Adult",0,1,0,0,0,0,0,1,0,0,0,0,1,0,1,0,0,0,0,0,1,0,0,0,0,0,0
824,0.634615384615385,1,"Sunglasses","Accessories",0.0875,"Georgia",2,"Green","Winter",0,1,"Free Shipping",1,1,0.204081632653061,"Credit Card","Quarterly","Senior",1,0,0,0,0,0,0,1,0,0,1,0,0,0,0,0,1,0,0,0,0,0,0,0,0,1,0
825,0.826923076923077,1,"Blouse","Clothing",0.925,"Georgia",2,"White","Spring",0.2,1,"Store Pickup",1,1,0.959183673469388,"Cash","Quarterly","Senior",0,1,0,0,0,1,0,0,0,0,0,0,0,1,0,1,0,0,0,0,0,0,0,0,0,1,0
826,0.173076923076923,1,"Belt","Accessories",0.925,"Nebraska",4,"Brown","Fall",0.44,1,"Next Day Air",1,1,0.326530612244898,"Cash","Monthly","Adult",1,0,0,0,1,0,0,0,0,0,0,1,0,0,0,1,0,0,0,0,0,0,0,0,1,0,0
827,0.692307692307692,1,"Dress","Clothing",0.925,"Massachusetts",2,"Purple","Winter",0.44,1,"Standard",1,1,0.714285714285714,"PayPal","Weekly","Senior",0,1,0,0,0,0,0,1,0,0,0,0,1,0,0,0,0,0,1,0,0,0,0,0,0,0,1
828,0.25,1,"Shoes","Footwear",0.3875,"Colorado",1,"Green","Fall",0.64,1,"Free Shipping",1,1,0.653061224489796,"Bank Transfer","Fortnightly","Adult",0,0,1,0,1,0,0,0,0,0,1,0,0,0,1,0,0,0,0,0,0,0,0,1,0,0,0
829,0.115384615384615,1,"Socks","Clothing",0.525,"Nevada",2,"Peach","Fall",0.48,1,"2-Day Shipping",1,1,0.530612244897959,"PayPal","Bi-Weekly","Young Adult",0,1,0,0,1,0,0,0,1,0,0,0,0,0,0,0,0,0,1,0,0,1,0,0,0,0,0
830,0.461538461538462,1,"Socks","Clothing",0.4625,"Idaho",1,"Silver","Spring",0.52,1,"2-Day Shipping",1,1,0.26530612244898,"Credit Card","Fortnightly","Middle Age",0,1,0,0,0,1,0,0,1,0,0,0,0,0,0,0,1,0,0,0,0,0,0,1,0,0,0
831,0.442307692307692,1,"Shorts","Clothing",0.7,"Wyoming",2,"Maroon","Fall",0.68,1,"Express",1,1,0.0816326530612245,"Credit Card","Annually","Middle Age",0,1,0,0,1,0,0,0,0,1,0,0,0,0,0,0,1,0,0,0,1,0,0,0,0,0,0
832,0.923076923076923,1,"Gloves","Accessories",0.5375,"Washington",2,"Red","Summer",0.72,1,"Express",1,1,0.938775510204082,"Cash","Every 3 Months","Senior",1,0,0,0,0,0,1,0,0,1,0,0,0,0,0,1,0,0,0,0,0,0,1,0,0,0,0
833,0.769230769230769,1,"Jacket","Outerwear",0.75,"California",3,"Blue","Fall",0,1,"Express",1,1,0.551020408163265,"Cash","Bi-Weekly","Senior",0,0,0,1,1,0,0,0,0,1,0,0,0,0,0,1,0,0,0,0,0,1,0,0,0,0,0
834,0.480769230769231,1,"Handbag","Accessories",0.6,"Oklahoma",2,"Purple","Fall",0.4,1,"Standard",1,1,0.204081632653061,"Credit Card","Annually","Middle Age",1,0,0,0,1,0,0,0,0,0,0,0,1,0,0,0,1,0,0,0,1,0,0,0,0,0,0
835,0.653846153846154,1,"Backpack","Accessories",0.8625,"Nevada",2,"Indigo","Summer",0.24,1,"Free Shipping",1,1,0.346938775510204,"Credit Card","Weekly","Senior",1,0,0,0,0,0,1,0,0,0,1,0,0,0,0,0,1,0,0,0,0,0,0,0,0,0,1
836,0.326923076923077,1,"Boots","Footwear",0.075,"Maryland",3,"Indigo","Summer",0,1,"Next Day Air",1,1,0.408163265306122,"Debit Card","Weekly","Adult",0,0,1,0,0,0,1,0,0,0,0,1,0,0,0,0,0,1,0,0,0,0,0,0,0,0,1
837,0.0961538461538462,1,"Gloves","Accessories",0.875,"West Virginia",3,"Violet","Winter",0.56,1,"Store Pickup",1,1,0.428571428571429,"Cash","Bi-Weekly","Young Adult",1,0,0,0,0,0,0,1,0,0,0,0,0,1,0,1,0,0,0,0,0,1,0,0,0,0,0
838,0.134615384615385,1,"Hoodie","Clothing",0.1,"Illinois",3,"Brown","Spring",0.96,1,"Express",1,1,0.653061224489796,"Cash","Every 3 Months","Young Adult",0,1,0,0,0,1,0,0,0,1,0,0,0,0,0,1,0,0,0,0,0,0,1,0,0,0,0
839,0.288461538461538,1,"Coat","Outerwear",0.1125,"Kentucky",2,"Gray","Spring",0.72,1,"Express",1,1,0.979591836734694,"Credit Card","Annually","Adult",0,0,0,1,0,1,0,0,0,1,0,0,0,0,0,0,1,0,0,0,1,0,0,0,0,0,0
840,0.576923076923077,1,"Shirt","Clothing",0.1375,"Illinois",3,"Teal","Spring",0.04,1,"Free Shipping",1,1,0.183673469387755,"Debit Card","Every 3 Months","Middle Age",0,1,0,0,0,1,0,0,0,0,1,0,0,0,0,0,0,1,0,0,0,0,1,0,0,0,0
841,0.461538461538462,1,"Shirt","Clothing",0.05,"Alabama",3,"Teal","Summer",0.68,1,"2-Day Shipping",1,1,0.346938775510204,"PayPal","Weekly","Middle Age",0,1,0,0,0,0,1,0,1,0,0,0,0,0,0,0,0,0,1,0,0,0,0,0,0,0,1
842,0.711538461538462,1,"Sweater","Clothing",0.85,"Texas",2,"Beige","Summer",0.04,1,"Store Pickup",1,1,0.551020408163265,"PayPal","Fortnightly","Senior",0,1,0,0,0,0,1,0,0,0,0,0,0,1,0,0,0,0,1,0,0,0,0,1,0,0,0
843,0.788461538461538,1,"Shirt","Clothing",0.8375,"Missouri",2,"Violet","Spring",0.44,1,"Express",1,1,0.489795918367347,"PayPal","Weekly","Senior",0,1,0,0,0,1,0,0,0,1,0,0,0,0,0,0,0,0,1,0,0,0,0,0,0,0,1
844,0.903846153846154,1,"Hoodie","Clothing",0.75,"Pennsylvania",1,"Beige","Summer",0.28,1,"Express",1,1,0.102040816326531,"PayPal","Weekly","Senior",0,1,0,0,0,0,1,0,0,1,0,0,0,0,0,0,0,0,1,0,0,0,0,0,0,0,1
845,0.788461538461538,1,"Sandals","Footwear",0.35,"Missouri",3,"Purple","Winter",0.76,1,"Express",1,1,0.877551020408163,"Venmo","Bi-Weekly","Senior",0,0,1,0,0,0,0,1,0,1,0,0,0,0,0,0,0,0,0,1,0,1,0,0,0,0,0
846,0.25,1,"Belt","Accessories",0.0125,"Michigan",4,"Charcoal","Winter",0.48,1,"Standard",1,1,0.591836734693878,"Venmo","Monthly","Adult",1,0,0,0,0,0,0,1,0,0,0,0,1,0,0,0,0,0,0,1,0,0,0,0,1,0,0
847,0.596153846153846,1,"Boots","Footwear",0.65,"Kentucky",2,"Pink","Spring",0.48,1,"Express",1,1,0.836734693877551,"Debit Card","Quarterly","Middle Age",0,0,1,0,0,1,0,0,0,1,0,0,0,0,0,0,0,1,0,0,0,0,0,0,0,1,0
848,0.673076923076923,1,"Hoodie","Clothing",0.3,"New Jersey",3,"Blue","Fall",0.64,1,"Standard",1,1,0.591836734693878,"PayPal","Monthly","Senior",0,1,0,0,1,0,0,0,0,0,0,0,1,0,0,0,0,0,1,0,0,0,0,0,1,0,0
849,0.576923076923077,1,"Sandals","Footwear",0.6625,"Delaware",2,"Lavender","Fall",0.44,1,"Store Pickup",1,1,0.653061224489796,"Credit Card","Bi-Weekly","Middle Age",0,0,1,0,1,0,0,0,0,0,0,0,0,1,0,0,1,0,0,0,0,1,0,0,0,0,0
850,0.0961538461538462,1,"Jeans","Clothing",0.5125,"Missouri",1,"Charcoal","Spring",0.72,1,"Express",1,1,0.469387755102041,"PayPal","Quarterly","Young Adult",0,1,0,0,0,1,0,0,0,1,0,0,0,0,0,0,0,0,1,0,0,0,0,0,0,1,0
851,0.961538461538462,1,"Shoes","Footwear",0,"Connecticut",3,"Turquoise","Winter",0.04,1,"Store Pickup",1,1,0.244897959183673,"Venmo","Monthly","Senior",0,0,1,0,0,0,0,1,0,0,0,0,0,1,0,0,0,0,0,1,0,0,0,0,1,0,0
852,0.326923076923077,1,"Sandals","Footwear",0.825,"Massachusetts",2,"Red","Summer",0.16,1,"Express",1,1,0.36734693877551,"Debit Card","Monthly","Adult",0,0,1,0,0,0,1,0,0,1,0,0,0,0,0,0,0,1,0,0,0,0,0,0,1,0,0
853,0.307692307692308,1,"Dress","Clothing",0.5,"Florida",3,"Yellow","Spring",0.68,1,"Next Day Air",1,1,0.448979591836735,"Debit Card","Every 3 Months","Adult",0,1,0,0,0,1,0,0,0,0,0,1,0,0,0,0,0,1,0,0,0,0,1,0,0,0,0
854,0.846153846153846,1,"Hat","Accessories",0.2875,"Delaware",3,"Orange","Winter",0.6,1,"Free Shipping",1,1,0.693877551020408,"Cash","Monthly","Senior",1,0,0,0,0,0,0,1,0,0,1,0,0,0,0,1,0,0,0,0,0,0,0,0,1,0,0
855,0.0576923076923077,1,"Pants","Clothing",0.3,"California",3,"Blue","Spring",0.72,1,"Free Shipping",1,1,0.428571428571429,"Venmo","Monthly","Young Adult",0,1,0,0,0,1,0,0,0,0,1,0,0,0,0,0,0,0,0,1,0,0,0,0,1,0,0
856,1,1,"Socks","Clothing",0.7,"Oregon",3,"Gold","Spring",0.2,1,"2-Day Shipping",1,1,0.26530612244898,"Credit Card","Quarterly","Senior",0,1,0,0,0,1,0,0,1,0,0,0,0,0,0,0,1,0,0,0,0,0,0,0,0,1,0
857,0.711538461538462,1,"Shirt","Clothing",0.1625,"Alaska",2,"Gold","Summer",0.4,1,"Express",1,1,0.938775510204082,"Debit Card","Fortnightly","Senior",0,1,0,0,0,0,1,0,0,1,0,0,0,0,0,0,0,1,0,0,0,0,0,1,0,0,0
858,0.480769230769231,1,"Shorts","Clothing",0.5,"Missouri",3,"Cyan","Fall",0.2,1,"Standard",1,1,1,"Debit Card","Every 3 Months","Middle Age",0,1,0,0,1,0,0,0,0,0,0,0,1,0,0,0,0,1,0,0,0,0,1,0,0,0,0
859,0.0192307692307692,1,"Jacket","Outerwear",0.075,"Oklahoma",3,"Olive","Fall",0.24,1,"Free Shipping",1,1,0.653061224489796,"PayPal","Weekly","Young Adult",0,0,0,1,1,0,0,0,0,0,1,0,0,0,0,0,0,0,1,0,0,0,0,0,0,0,1
860,0.557692307692308,1,"Hoodie","Clothing",0.6625,"Wisconsin",2,"Teal","Winter",0.6,1,"Next Day Air",1,1,0.122448979591837,"Debit Card","Monthly","Middle Age",0,1,0,0,0,0,0,1,0,0,0,1,0,0,0,0,0,1,0,0,0,0,0,0,1,0,0
861,0.153846153846154,1,"Shoes","Footwear",0.8375,"South Carolina",2,"Maroon","Spring",0.64,1,"Standard",1,1,0.0408163265306122,"Cash","Monthly","Adult",0,0,1,0,0,1,0,0,0,0,0,0,1,0,0,1,0,0,0,0,0,0,0,0,1,0,0
862,0.538461538461538,1,"Skirt","Clothing",1,"Virginia",4,"Green","Spring",0.52,1,"2-Day Shipping",1,1,0.693877551020408,"Credit Card","Every 3 Months","Middle Age",0,1,0,0,0,1,0,0,1,0,0,0,0,0,0,0,1,0,0,0,0,0,1,0,0,0,0
863,0.0192307692307692,1,"Coat","Outerwear",0.8,"Arkansas",2,"Charcoal","Winter",0.96,1,"Standard",1,1,0.244897959183673,"PayPal","Fortnightly","Young Adult",0,0,0,1,0,0,0,1,0,0,0,0,1,0,0,0,0,0,1,0,0,0,0,1,0,0,0
864,0.596153846153846,1,"Sneakers","Footwear",0.2625,"Vermont",2,"Cyan","Summer",0.56,1,"Standard",1,1,0.836734693877551,"PayPal","Fortnightly","Middle Age",0,0,1,0,0,0,1,0,0,0,0,0,1,0,0,0,0,0,1,0,0,0,0,1,0,0,0
865,0.634615384615385,1,"Jeans","Clothing",0.4875,"Kentucky",1,"Charcoal","Winter",0.56,1,"Next Day Air",1,1,0.0816326530612245,"PayPal","Annually","Senior",0,1,0,0,0,0,0,1,0,0,0,1,0,0,0,0,0,0,1,0,1,0,0,0,0,0,0
866,0.884615384615385,1,"Blouse","Clothing",0.075,"Colorado",3,"Charcoal","Winter",0.92,1,"Store Pickup",1,1,0.448979591836735,"Venmo","Annually","Senior",0,1,0,0,0,0,0,1,0,0,0,0,0,1,0,0,0,0,0,1,1,0,0,0,0,0,0
867,0.942307692307692,1,"Sunglasses","Accessories",0.6125,"New Mexico",2,"Lavender","Summer",0.0800000000000001,1,"Free Shipping",1,1,0.204081632653061,"PayPal","Bi-Weekly","Senior",1,0,0,0,0,0,1,0,0,0,1,0,0,0,0,0,0,0,1,0,0,1,0,0,0,0,0
868,0.365384615384615,1,"Jacket","Outerwear",0,"Colorado",2,"Turquoise","Spring",0.24,1,"Free Shipping",1,1,0.448979591836735,"Bank Transfer","Fortnightly","Middle Age",0,0,0,1,0,1,0,0,0,0,1,0,0,0,1,0,0,0,0,0,0,0,0,1,0,0,0
869,0.423076923076923,1,"Dress","Clothing",0.7875,"North Carolina",2,"Green","Summer",0.28,1,"Next Day Air",1,1,0.0204081632653061,"Credit Card","Every 3 Months","Middle Age",0,1,0,0,0,0,1,0,0,0,0,1,0,0,0,0,1,0,0,0,0,0,1,0,0,0,0
870,0.384615384615385,1,"Hat","Accessories",0.425,"New Hampshire",2,"Silver","Spring",0.0800000000000001,1,"2-Day Shipping",1,1,0.653061224489796,"PayPal","Weekly","Middle Age",1,0,0,0,0,1,0,0,1,0,0,0,0,0,0,0,0,0,1,0,0,0,0,0,0,0,1
871,0.923076923076923,1,"Hoodie","Clothing",0.575,"West Virginia",2,"Blue","Fall",0,1,"Standard",1,1,0.102040816326531,"Bank Transfer","Bi-Weekly","Senior",0,1,0,0,1,0,0,0,0,0,0,0,1,0,1,0,0,0,0,0,0,1,0,0,0,0,0
872,0.557692307692308,1,"Handbag","Accessories",0.275,"Hawaii",2,"Charcoal","Spring",0.04,1,"Next Day Air",1,1,0.897959183673469,"Debit Card","Quarterly","Middle Age",1,0,0,0,0,1,0,0,0,0,0,1,0,0,0,0,0,1,0,0,0,0,0,0,0,1,0
873,0.730769230769231,1,"Jeans","Clothing",0.1625,"North Dakota",2,"Pink","Spring",0.16,1,"Standard",1,1,0.489795918367347,"Cash","Quarterly","Senior",0,1,0,0,0,1,0,0,0,0,0,0,1,0,0,1,0,0,0,0,0,0,0,0,0,1,0
874,0.634615384615385,1,"Boots","Footwear",0.7125,"Mississippi",2,"Pink","Summer",0.68,1,"Free Shipping",1,1,0.469387755102041,"Venmo","Quarterly","Senior",0,0,1,0,0,0,1,0,0,0,1,0,0,0,0,0,0,0,0,1,0,0,0,0,0,1,0
875,0.134615384615385,1,"Jacket","Outerwear",0.5625,"Maine",2,"Magenta","Fall",0.76,1,"Free Shipping",1,1,0.183673469387755,"Venmo","Every 3 Months","Young Adult",0,0,0,1,1,0,0,0,0,0,1,0,0,0,0,0,0,0,0,1,0,0,1,0,0,0,0
876,0.365384615384615,1,"Sandals","Footwear",0.2375,"North Dakota",3,"Gray","Summer",0.64,1,"Free Shipping",1,1,0.122448979591837,"Bank Transfer","Every 3 Months","Middle Age",0,0,1,0,0,0,1,0,0,0,1,0,0,0,1,0,0,0,0,0,0,0,1,0,0,0,0
877,0.442307692307692,1,"Belt","Accessories",0.3875,"Nebraska",3,"Gray","Summer",0.52,1,"2-Day Shipping",1,1,0,"Debit Card","Weekly","Middle Age",1,0,0,0,0,0,1,0,1,0,0,0,0,0,0,0,0,1,0,0,0,0,0,0,0,0,1
878,0.884615384615385,1,"Handbag","Accessories",0.5625,"Nebraska",2,"Orange","Winter",0.96,1,"Next Day Air",1,1,0.897959183673469,"Venmo","Every 3 Months","Senior",1,0,0,0,0,0,0,1,0,0,0,1,0,0,0,0,0,0,0,1,0,0,1,0,0,0,0
879,0.0961538461538462,1,"Sunglasses","Accessories",0.8625,"Tennessee",1,"Black","Summer",0.96,1,"Express",1,1,0.73469387755102,"Debit Card","Weekly","Young Adult",1,0,0,0,0,0,1,0,0,1,0,0,0,0,0,0,0,1,0,0,0,0,0,0,0,0,1
880,0.846153846153846,1,"Skirt","Clothing",0.7,"Wyoming",1,"Lavender","Spring",0.64,1,"Free Shipping",1,1,0.26530612244898,"PayPal","Quarterly","Senior",0,1,0,0,0,1,0,0,0,0,1,0,0,0,0,0,0,0,1,0,0,0,0,0,0,1,0
881,0.403846153846154,1,"Backpack","Accessories",0.6875,"Nevada",3,"Red","Spring",0.24,1,"Express",1,1,0.489795918367347,"Debit Card","Monthly","Middle Age",1,0,0,0,0,1,0,0,0,1,0,0,0,0,0,0,0,1,0,0,0,0,0,0,1,0,0
882,0.653846153846154,1,"Sandals","Footwear",0.5125,"South Carolina",2,"Silver","Summer",0.0800000000000001,1,"Next Day Air",1,1,0.346938775510204,"Venmo","Annually","Senior",0,0,1,0,0,0,1,0,0,0,0,1,0,0,0,0,0,0,0,1,1,0,0,0,0,0,0
883,0.615384615384615,1,"Boots","Footwear",0.1875,"Virginia",2,"Cyan","Fall",0.52,1,"Next Day Air",1,1,0.73469387755102,"Cash","Every 3 Months","Middle Age",0,0,1,0,1,0,0,0,0,0,0,1,0,0,0,1,0,0,0,0,0,0,1,0,0,0,0
884,0.192307692307692,1,"Sneakers","Footwear",0.2125,"Pennsylvania",1,"Gold","Fall",0.72,1,"Free Shipping",1,1,0.591836734693878,"Bank Transfer","Monthly","Adult",0,0,1,0,1,0,0,0,0,0,1,0,0,0,1,0,0,0,0,0,0,0,0,0,1,0,0
885,0.942307692307692,1,"Skirt","Clothing",0.8875,"Hawaii",3,"Yellow","Winter",0.64,1,"Express",1,1,0.673469387755102,"Bank Transfer","Weekly","Senior",0,1,0,0,0,0,0,1,0,1,0,0,0,0,1,0,0,0,0,0,0,0,0,0,0,0,1
886,0.442307692307692,1,"Dress","Clothing",0.9875,"Ohio",3,"Purple","Fall",0.76,1,"Free Shipping",1,1,0.979591836734694,"Debit Card","Every 3 Months","Middle Age",0,1,0,0,1,0,0,0,0,0,1,0,0,0,0,0,0,1,0,0,0,0,1,0,0,0,0
887,0.0192307692307692,1,"Shorts","Clothing",0.425,"Utah",1,"Brown","Summer",0.44,1,"Express",1,1,0.959183673469388,"Bank Transfer","Monthly","Young Adult",0,1,0,0,0,0,1,0,0,1,0,0,0,0,1,0,0,0,0,0,0,0,0,0,1,0,0
888,1,1,"Handbag","Accessories",0.3375,"Minnesota",3,"Turquoise","Winter",0.32,1,"2-Day Shipping",1,1,0.653061224489796,"PayPal","Fortnightly","Senior",1,0,0,0,0,0,0,1,1,0,0,0,0,0,0,0,0,0,1,0,0,0,0,1,0,0,0
889,0.596153846153846,1,"Scarf","Accessories",0.7125,"New Hampshire",1,"Gold","Spring",0.52,1,"Express",1,1,0.877551020408163,"Cash","Annually","Middle Age",1,0,0,0,0,1,0,0,0,1,0,0,0,0,0,1,0,0,0,0,1,0,0,0,0,0,0
890,0.788461538461538,1,"Belt","Accessories",0.8,"Arizona",1,"Olive","Fall",0.12,1,"Free Shipping",1,1,1,"Venmo","Weekly","Senior",1,0,0,0,1,0,0,0,0,0,1,0,0,0,0,0,0,0,0,1,0,0,0,0,0,0,1
891,0.653846153846154,1,"Gloves","Accessories",0.3875,"New York",1,"Purple","Spring",0.72,1,"2-Day Shipping",1,1,0.938775510204082,"Credit Card","Monthly","Senior",1,0,0,0,0,1,0,0,1,0,0,0,0,0,0,0,1,0,0,0,0,0,0,0,1,0,0
892,0.0384615384615385,1,"Skirt","Clothing",0.075,"Pennsylvania",1,"Lavender","Summer",0.56,1,"Store Pickup",1,1,0.469387755102041,"PayPal","Every 3 Months","Young Adult",0,1,0,0,0,0,1,0,0,0,0,0,0,1,0,0,0,0,1,0,0,0,1,0,0,0,0
893,0.25,1,"Shorts","Clothing",0.55,"New Mexico",3,"Gray","Summer",0.0800000000000001,1,"Free Shipping",1,1,0.857142857142857,"Debit Card","Monthly","Adult",0,1,0,0,0,0,1,0,0,0,1,0,0,0,0,0,0,1,0,0,0,0,0,0,1,0,0
894,0.288461538461538,1,"Backpack","Accessories",0.3875,"Nebraska",2,"Red","Spring",0.88,1,"Express",1,1,0.26530612244898,"Venmo","Monthly","Adult",1,0,0,0,0,1,0,0,0,1,0,0,0,0,0,0,0,0,0,1,0,0,0,0,1,0,0
895,0.5,1,"Hoodie","Clothing",0.5,"Wyoming",3,"Purple","Spring",0.52,1,"Free Shipping",1,1,0.0408163265306122,"Debit Card","Quarterly","Middle Age",0,1,0,0,0,1,0,0,0,0,1,0,0,0,0,0,0,1,0,0,0,0,0,0,0,1,0
896,0.423076923076923,1,"Hat","Accessories",0.6125,"Mississippi",4,"Olive","Spring",0.88,1,"Next Day Air",1,1,0.653061224489796,"Debit Card","Quarterly","Middle Age",1,0,0,0,0,1,0,0,0,0,0,1,0,0,0,0,0,1,0,0,0,0,0,0,0,1,0
897,0.980769230769231,1,"Jewelry","Accessories",0.1125,"Arkansas",2,"Lavender","Spring",0.88,1,"Express",1,1,0.755102040816326,"Cash","Fortnightly","Senior",1,0,0,0,0,1,0,0,0,1,0,0,0,0,0,1,0,0,0,0,0,0,0,1,0,0,0
898,0.211538461538462,1,"Shirt","Clothing",0.8875,"Illinois",2,"Gray","Spring",0.36,1,"Express",1,1,0.918367346938776,"Venmo","Weekly","Adult",0,1,0,0,0,1,0,0,0,1,0,0,0,0,0,0,0,0,0,1,0,0,0,0,0,0,1
899,0.692307692307692,1,"Belt","Accessories",0.625,"Nevada",3,"Red","Spring",0.4,1,"2-Day Shipping",1,1,0.36734693877551,"Bank Transfer","Every 3 Months","Senior",1,0,0,0,0,1,0,0,1,0,0,0,0,0,1,0,0,0,0,0,0,0,1,0,0,0,0
900,0.903846153846154,1,"Sweater","Clothing",0.475,"Rhode Island",2,"Peach","Summer",0.6,1,"Standard",1,1,0.387755102040816,"PayPal","Annually","Senior",0,1,0,0,0,0,1,0,0,0,0,0,1,0,0,0,0,0,1,0,1,0,0,0,0,0,0
901,0.692307692307692,1,"Hat","Accessories",0.975,"West Virginia",3,"Gray","Fall",0.32,1,"Free Shipping",1,1,0.836734693877551,"Bank Transfer","Quarterly","Senior",1,0,0,0,1,0,0,0,0,0,1,0,0,0,1,0,0,0,0,0,0,0,0,0,0,1,0
902,0.807692307692308,1,"Scarf","Accessories",0.6,"Missouri",3,"Violet","Summer",0.88,1,"2-Day Shipping",1,1,0.673469387755102,"Cash","Monthly","Senior",1,0,0,0,0,0,1,0,1,0,0,0,0,0,0,1,0,0,0,0,0,0,0,0,1,0,0
903,0.480769230769231,1,"Hat","Accessories",0.3,"Kentucky",2,"Beige","Summer",0.12,1,"Next Day Air",1,1,0.0816326530612245,"Cash","Monthly","Middle Age",1,0,0,0,0,0,1,0,0,0,0,1,0,0,0,1,0,0,0,0,0,0,0,0,1,0,0
904,0.5,1,"Jacket","Outerwear",0.3125,"Washington",2,"Blue","Winter",0.32,1,"Express",1,1,0.0408163265306122,"PayPal","Quarterly","Middle Age",0,0,0,1,0,0,0,1,0,1,0,0,0,0,0,0,0,0,1,0,0,0,0,0,0,1,0
905,0.980769230769231,1,"T-shirt","Clothing",0.9875,"Alaska",3,"Magenta","Spring",0.16,1,"Free Shipping",1,1,0.918367346938776,"PayPal","Every 3 Months","Senior",0,1,0,0,0,1,0,0,0,0,1,0,0,0,0,0,0,0,1,0,0,0,1,0,0,0,0
906,0.538461538461538,1,"Dress","Clothing",0.6,"Mississippi",1,"Cyan","Spring",0.12,1,"Standard",1,1,0.306122448979592,"Venmo","Annually","Middle Age",0,1,0,0,0,1,0,0,0,0,0,0,1,0,0,0,0,0,0,1,1,0,0,0,0,0,0
907,0.442307692307692,1,"Pants","Clothing",0.45,"South Carolina",2,"Red","Spring",0.68,1,"Standard",1,1,0.408163265306122,"Debit Card","Bi-Weekly","Middle Age",0,1,0,0,0,1,0,0,0,0,0,0,1,0,0,0,0,1,0,0,0,1,0,0,0,0,0
908,0.269230769230769,1,"Sweater","Clothing",0.2875,"Missouri",3,"Cyan","Winter",0.76,1,"Express",1,1,0.673469387755102,"Credit Card","Bi-Weekly","Adult",0,1,0,0,0,0,0,1,0,1,0,0,0,0,0,0,1,0,0,0,0,1,0,0,0,0,0
909,0.153846153846154,1,"Sunglasses","Accessories",0.9875,"New Jersey",2,"Turquoise","Winter",0.44,1,"Free Shipping",1,1,0.163265306122449,"PayPal","Every 3 Months","Adult",1,0,0,0,0,0,0,1,0,0,1,0,0,0,0,0,0,0,1,0,0,0,1,0,0,0,0
910,0.826923076923077,1,"Belt","Accessories",0.45,"Louisiana",3,"Silver","Fall",0.0800000000000001,1,"Express",1,1,0.714285714285714,"PayPal","Weekly","Senior",1,0,0,0,1,0,0,0,0,1,0,0,0,0,0,0,0,0,1,0,0,0,0,0,0,0,1
911,0.596153846153846,1,"Hoodie","Clothing",0.0625,"South Carolina",1,"Pink","Spring",0.36,1,"Express",1,1,0.428571428571429,"Credit Card","Monthly","Middle Age",0,1,0,0,0,1,0,0,0,1,0,0,0,0,0,0,1,0,0,0,0,0,0,0,1,0,0
912,0.673076923076923,1,"Pants","Clothing",0.675,"Vermont",2,"Black","Winter",0.12,1,"2-Day Shipping",1,1,0.0204081632653061,"Bank Transfer","Quarterly","Senior",0,1,0,0,0,0,0,1,1,0,0,0,0,0,1,0,0,0,0,0,0,0,0,0,0,1,0
913,0.115384615384615,1,"Hoodie","Clothing",0.45,"Arkansas",2,"Green","Winter",0.36,1,"Next Day Air",1,1,0.63265306122449,"Bank Transfer","Monthly","Young Adult",0,1,0,0,0,0,0,1,0,0,0,1,0,0,1,0,0,0,0,0,0,0,0,0,1,0,0
914,0.365384615384615,1,"Sneakers","Footwear",0.3375,"Utah",2,"Yellow","Fall",0.04,1,"Next Day Air",1,1,0.571428571428571,"Cash","Every 3 Months","Middle Age",0,0,1,0,1,0,0,0,0,0,0,1,0,0,0,1,0,0,0,0,0,0,1,0,0,0,0
915,0.480769230769231,1,"Dress","Clothing",0.5875,"Washington",3,"Purple","Summer",0.64,1,"Standard",1,1,0.530612244897959,"Venmo","Every 3 Months","Middle Age",0,1,0,0,0,0,1,0,0,0,0,0,1,0,0,0,0,0,0,1,0,0,1,0,0,0,0
916,0.25,1,"Dress","Clothing",0.025,"Rhode Island",3,"Purple","Winter",0.16,1,"Store Pickup",1,1,0.653061224489796,"Credit Card","Fortnightly","Adult",0,1,0,0,0,0,0,1,0,0,0,0,0,1,0,0,1,0,0,0,0,0,0,1,0,0,0
917,0.596153846153846,1,"Jeans","Clothing",0.175,"Illinois",1,"Blue","Spring",0.0800000000000001,1,"Standard",1,1,0.306122448979592,"Venmo","Monthly","Middle Age",0,1,0,0,0,1,0,0,0,0,0,0,1,0,0,0,0,0,0,1,0,0,0,0,1,0,0
918,0.980769230769231,1,"Sweater","Clothing",0.55,"Missouri",2,"Maroon","Spring",0.48,1,"Standard",1,1,0.204081632653061,"Bank Transfer","Quarterly","Senior",0,1,0,0,0,1,0,0,0,0,0,0,1,0,1,0,0,0,0,0,0,0,0,0,0,1,0
919,0.903846153846154,1,"Shorts","Clothing",0.275,"North Carolina",2,"Orange","Spring",0.72,1,"2-Day Shipping",1,1,0.204081632653061,"Cash","Fortnightly","Senior",0,1,0,0,0,1,0,0,1,0,0,0,0,0,0,1,0,0,0,0,0,0,0,1,0,0,0
920,0.442307692307692,1,"Shirt","Clothing",0.775,"Massachusetts",3,"Green","Winter",0.04,1,"2-Day Shipping",1,1,0.326530612244898,"Debit Card","Bi-Weekly","Middle Age",0,1,0,0,0,0,0,1,1,0,0,0,0,0,0,0,0,1,0,0,0,1,0,0,0,0,0
921,0.365384615384615,1,"Belt","Accessories",0.7625,"Arkansas",4,"Gold","Summer",0.72,1,"Free Shipping",1,1,0.73469387755102,"Cash","Weekly","Middle Age",1,0,0,0,0,0,1,0,0,0,1,0,0,0,0,1,0,0,0,0,0,0,0,0,0,0,1
922,1,1,"Coat","Outerwear",0.05,"South Dakota",3,"Silver","Summer",0.64,1,"Express",1,1,0.346938775510204,"PayPal","Weekly","Senior",0,0,0,1,0,0,1,0,0,1,0,0,0,0,0,0,0,0,1,0,0,0,0,0,0,0,1
923,0.865384615384615,1,"Sneakers","Footwear",0.5,"Georgia",2,"Cyan","Fall",0.68,1,"Standard",1,1,0.244897959183673,"Credit Card","Monthly","Senior",0,0,1,0,1,0,0,0,0,0,0,0,1,0,0,0,1,0,0,0,0,0,0,0,1,0,0
924,0.711538461538462,1,"Shirt","Clothing",0.05,"Arkansas",2,"Silver","Spring",0.68,1,"2-Day Shipping",1,1,0.122448979591837,"PayPal","Weekly","Senior",0,1,0,0,0,1,0,0,1,0,0,0,0,0,0,0,0,0,1,0,0,0,0,0,0,0,1
925,0.653846153846154,1,"Socks","Clothing",0.725,"Kansas",4,"Beige","Winter",0.24,1,"Standard",1,1,0.73469387755102,"Cash","Quarterly","Senior",0,1,0,0,0,0,0,1,0,0,0,0,1,0,0,1,0,0,0,0,0,0,0,0,0,1,0
926,0.0769230769230769,1,"Jeans","Clothing",0.85,"Arizona",3,"Teal","Winter",0.96,1,"Express",1,1,0.142857142857143,"Cash","Monthly","Young Adult",0,1,0,0,0,0,0,1,0,1,0,0,0,0,0,1,0,0,0,0,0,0,0,0,1,0,0
927,0.692307692307692,1,"Jeans","Clothing",0.5375,"Massachusetts",4,"Green","Spring",0.76,1,"Express",1,1,0.204081632653061,"Cash","Bi-Weekly","Senior",0,1,0,0,0,1,0,0,0,1,0,0,0,0,0,1,0,0,0,0,0,1,0,0,0,0,0
928,0.192307692307692,1,"Sneakers","Footwear",0.725,"New Mexico",3,"Black","Summer",0.76,1,"Standard",1,1,0.142857142857143,"Venmo","Bi-Weekly","Adult",0,0,1,0,0,0,1,0,0,0,0,0,1,0,0,0,0,0,0,1,0,1,0,0,0,0,0
929,0.942307692307692,1,"Dress","Clothing",0.2125,"Arkansas",4,"Yellow","Winter",0.36,1,"Store Pickup",1,1,0.612244897959184,"Cash","Every 3 Months","Senior",0,1,0,0,0,0,0,1,0,0,0,0,0,1,0,1,0,0,0,0,0,0,1,0,0,0,0
930,0.788461538461538,1,"Boots","Footwear",0.925,"Nebraska",2,"White","Fall",0.8,1,"2-Day Shipping",1,1,0.510204081632653,"Debit Card","Fortnightly","Senior",0,0,1,0,1,0,0,0,1,0,0,0,0,0,0,0,0,1,0,0,0,0,0,1,0,0,0
931,0.153846153846154,1,"T-shirt","Clothing",0.725,"Hawaii",3,"Green","Fall",0.8,1,"Store Pickup",1,1,0.387755102040816,"Credit Card","Bi-Weekly","Adult",0,1,0,0,1,0,0,0,0,0,0,0,0,1,0,0,1,0,0,0,0,1,0,0,0,0,0
932,0.115384615384615,1,"Coat","Outerwear",0.2,"Nebraska",2,"Silver","Winter",0.64,1,"Standard",1,1,0.469387755102041,"Bank Transfer","Fortnightly","Young Adult",0,0,0,1,0,0,0,1,0,0,0,0,1,0,1,0,0,0,0,0,0,0,0,1,0,0,0
933,0.846153846153846,1,"Skirt","Clothing",0.05,"Indiana",3,"Blue","Winter",0.28,1,"Standard",1,1,0.897959183673469,"Debit Card","Bi-Weekly","Senior",0,1,0,0,0,0,0,1,0,0,0,0,1,0,0,0,0,1,0,0,0,1,0,0,0,0,0
934,1,1,"Sneakers","Footwear",0.8,"Colorado",2,"Magenta","Spring",0.0800000000000001,1,"Store Pickup",1,1,0.653061224489796,"Debit Card","Monthly","Senior",0,0,1,0,0,1,0,0,0,0,0,0,0,1,0,0,0,1,0,0,0,0,0,0,1,0,0
935,0.519230769230769,1,"Jeans","Clothing",0.3375,"Oregon",1,"Yellow","Spring",0.48,1,"Express",1,1,0.408163265306122,"Bank Transfer","Monthly","Middle Age",0,1,0,0,0,1,0,0,0,1,0,0,0,0,1,0,0,0,0,0,0,0,0,0,1,0,0
936,0.769230769230769,1,"Hoodie","Clothing",0.3875,"Ohio",3,"White","Fall",0.04,1,"Store Pickup",1,1,0.0204081632653061,"Bank Transfer","Fortnightly","Senior",0,1,0,0,1,0,0,0,0,0,0,0,0,1,1,0,0,0,0,0,0,0,0,1,0,0,0
937,0.25,1,"Shoes","Footwear",0.8,"Maine",2,"Pink","Summer",0.0800000000000001,1,"Free Shipping",1,1,0.551020408163265,"Cash","Weekly","Adult",0,0,1,0,0,0,1,0,0,0,1,0,0,0,0,1,0,0,0,0,0,0,0,0,0,0,1
938,0.269230769230769,1,"Shorts","Clothing",0.05,"Iowa",2,"Magenta","Summer",0.0800000000000001,1,"Express",1,1,0.346938775510204,"Venmo","Quarterly","Adult",0,1,0,0,0,0,1,0,0,1,0,0,0,0,0,0,0,0,0,1,0,0,0,0,0,1,0
939,0.346153846153846,1,"Blouse","Clothing",0.9625,"Wisconsin",1,"Teal","Fall",0.92,1,"Free Shipping",1,1,0.408163265306122,"Debit Card","Fortnightly","Middle Age",0,1,0,0,1,0,0,0,0,0,1,0,0,0,0,0,0,1,0,0,0,0,0,1,0,0,0
940,0.134615384615385,1,"T-shirt","Clothing",0.8625,"New York",3,"Indigo","Winter",0.92,1,"Next Day Air",1,1,0.469387755102041,"Credit Card","Monthly","Young Adult",0,1,0,0,0,0,0,1,0,0,0,1,0,0,0,0,1,0,0,0,0,0,0,0,1,0,0
941,0.576923076923077,1,"Belt","Accessories",0.3,"Colorado",1,"Maroon","Spring",0.04,1,"Store Pickup",1,1,0.285714285714286,"PayPal","Every 3 Months","Middle Age",1,0,0,0,0,1,0,0,0,0,0,0,0,1,0,0,0,0,1,0,0,0,1,0,0,0,0
942,0.403846153846154,1,"Handbag","Accessories",0.1875,"Illinois",3,"Black","Winter",0.8,1,"2-Day Shipping",1,1,0.755102040816326,"PayPal","Every 3 Months","Middle Age",1,0,0,0,0,0,0,1,1,0,0,0,0,0,0,0,0,0,1,0,0,0,1,0,0,0,0
943,0.153846153846154,1,"Dress","Clothing",0.8875,"Arizona",2,"Cyan","Winter",0.28,1,"Express",1,1,0.755102040816326,"PayPal","Bi-Weekly","Adult",0,1,0,0,0,0,0,1,0,1,0,0,0,0,0,0,0,0,1,0,0,1,0,0,0,0,0
944,0.269230769230769,1,"Hat","Accessories",0.5375,"Oklahoma",3,"Cyan","Winter",0.52,1,"Next Day Air",1,1,0.244897959183673,"Venmo","Fortnightly","Adult",1,0,0,0,0,0,0,1,0,0,0,1,0,0,0,0,0,0,0,1,0,0,0,1,0,0,0
945,0.692307692307692,1,"Belt","Accessories",0.9625,"Indiana",1,"Gray","Spring",0.92,1,"Express",1,1,0.775510204081633,"Cash","Bi-Weekly","Senior",1,0,0,0,0,1,0,0,0,1,0,0,0,0,0,1,0,0,0,0,0,1,0,0,0,0,0
946,0.384615384615385,1,"Boots","Footwear",0.225,"Minnesota",2,"Violet","Summer",0.64,1,"Store Pickup",1,1,0.142857142857143,"Venmo","Every 3 Months","Middle Age",0,0,1,0,0,0,1,0,0,0,0,0,0,1,0,0,0,0,0,1,0,0,1,0,0,0,0
947,0.538461538461538,1,"Coat","Outerwear",0.05,"Pennsylvania",4,"Blue","Spring",0.12,1,"Next Day Air",1,1,0.0612244897959184,"PayPal","Quarterly","Middle Age",0,0,0,1,0,1,0,0,0,0,0,1,0,0,0,0,0,0,1,0,0,0,0,0,0,1,0
948,0.75,1,"Blouse","Clothing",0.15,"Indiana",2,"Charcoal","Winter",0.56,1,"Store Pickup",1,1,0.102040816326531,"Cash","Every 3 Months","Senior",0,1,0,0,0,0,0,1,0,0,0,0,0,1,0,1,0,0,0,0,0,0,1,0,0,0,0
949,0.596153846153846,1,"Hat","Accessories",0.875,"Alabama",3,"Olive","Summer",0.96,1,"Express",1,1,0.204081632653061,"Venmo","Every 3 Months","Middle Age",1,0,0,0,0,0,1,0,0,1,0,0,0,0,0,0,0,0,0,1,0,0,1,0,0,0,0
950,0.288461538461538,1,"Jeans","Clothing",0.2,"Montana",2,"Olive","Summer",0.36,1,"Standard",1,1,0.979591836734694,"Venmo","Monthly","Adult",0,1,0,0,0,0,1,0,0,0,0,0,1,0,0,0,0,0,0,1,0,0,0,0,1,0,0
951,0.692307692307692,1,"Backpack","Accessories",0.2125,"New Mexico",4,"Turquoise","Winter",0.64,1,"Free Shipping",1,1,0.591836734693878,"PayPal","Quarterly","Senior",1,0,0,0,0,0,0,1,0,0,1,0,0,0,0,0,0,0,1,0,0,0,0,0,0,1,0
952,0.557692307692308,1,"Dress","Clothing",0.3875,"Alaska",2,"Cyan","Summer",0.16,1,"Express",1,1,0.673469387755102,"Bank Transfer","Monthly","Middle Age",0,1,0,0,0,0,1,0,0,1,0,0,0,0,1,0,0,0,0,0,0,0,0,0,1,0,0
953,0.346153846153846,1,"Hat","Accessories",0.6375,"Idaho",1,"Red","Fall",0.24,1,"2-Day Shipping",1,1,0.551020408163265,"PayPal","Monthly","Middle Age",1,0,0,0,1,0,0,0,1,0,0,0,0,0,0,0,0,0,1,0,0,0,0,0,1,0,0
954,0.961538461538462,1,"Sunglasses","Accessories",0.375,"Utah",1,"Cyan","Spring",0.44,1,"2-Day Shipping",1,1,0.714285714285714,"Venmo","Quarterly","Senior",1,0,0,0,0,1,0,0,1,0,0,0,0,0,0,0,0,0,0,1,0,0,0,0,0,1,0
955,0.807692307692308,1,"Hat","Accessories",0.675,"Louisiana",1,"Turquoise","Fall",0.4,1,"Standard",1,1,0.346938775510204,"Credit Card","Every 3 Months","Senior",1,0,0,0,1,0,0,0,0,0,0,0,1,0,0,0,1,0,0,0,0,0,1,0,0,0,0
956,0.711538461538462,1,"Dress","Clothing",0.6875,"Mississippi",3,"Lavender","Summer",0.36,1,"Free Shipping",1,1,0.0612244897959184,"PayPal","Monthly","Senior",0,1,0,0,0,0,1,0,0,0,1,0,0,0,0,0,0,0,1,0,0,0,0,0,1,0,0
957,0.211538461538462,1,"Shirt","Clothing",0.9875,"Mississippi",4,"Cyan","Spring",0.16,1,"2-Day Shipping",1,1,0.836734693877551,"Debit Card","Quarterly","Adult",0,1,0,0,0,1,0,0,1,0,0,0,0,0,0,0,0,1,0,0,0,0,0,0,0,1,0
958,0.384615384615385,1,"Scarf","Accessories",0.0375,"Indiana",4,"Violet","Spring",0.88,1,"Store Pickup",1,1,0.204081632653061,"Cash","Quarterly","Middle Age",1,0,0,0,0,1,0,0,0,0,0,0,0,1,0,1,0,0,0,0,0,0,0,0,0,1,0
959,1,1,"Sneakers","Footwear",0.4125,"Washington",4,"Beige","Winter",0.76,1,"Free Shipping",1,1,0.612244897959184,"Credit Card","Bi-Weekly","Senior",0,0,1,0,0,0,0,1,0,0,1,0,0,0,0,0,1,0,0,0,0,1,0,0,0,0,0
960,0.346153846153846,1,"Skirt","Clothing",0.9875,"Nevada",2,"Cyan","Spring",0.04,1,"Standard",1,1,0.224489795918367,"Cash","Fortnightly","Middle Age",0,1,0,0,0,1,0,0,0,0,0,0,1,0,0,1,0,0,0,0,0,0,0,1,0,0,0
961,0,1,"Jewelry","Accessories",0.35,"Louisiana",4,"Indigo","Spring",0.76,1,"Standard",1,1,0.387755102040816,"Venmo","Quarterly","Young Adult",1,0,0,0,0,1,0,0,0,0,0,0,1,0,0,0,0,0,0,1,0,0,0,0,0,1,0
962,0.846153846153846,1,"Boots","Footwear",0.65,"Pennsylvania",3,"Olive","Fall",0.48,1,"Next Day Air",1,1,0.73469387755102,"Debit Card","Quarterly","Senior",0,0,1,0,1,0,0,0,0,0,0,1,0,0,0,0,0,1,0,0,0,0,0,0,0,1,0
963,0.211538461538462,1,"Sunglasses","Accessories",0.55,"Michigan",3,"Green","Spring",0.76,1,"Standard",1,1,0.510204081632653,"Debit Card","Fortnightly","Adult",1,0,0,0,0,1,0,0,0,0,0,0,1,0,0,0,0,1,0,0,0,0,0,1,0,0,0
964,0.0576923076923077,1,"Boots","Footwear",0.5375,"South Carolina",3,"Green","Spring",0,1,"2-Day Shipping",1,1,0.26530612244898,"Credit Card","Weekly","Young Adult",0,0,1,0,0,1,0,0,1,0,0,0,0,0,0,0,1,0,0,0,0,0,0,0,0,0,1
965,0.461538461538462,1,"Sandals","Footwear",0.3875,"Arizona",2,"Beige","Spring",0.04,1,"Next Day Air",1,1,0.224489795918367,"Venmo","Bi-Weekly","Middle Age",0,0,1,0,0,1,0,0,0,0,0,1,0,0,0,0,0,0,0,1,0,1,0,0,0,0,0
966,0.480769230769231,1,"Boots","Footwear",0.4375,"Delaware",3,"Black","Spring",1,1,"Store Pickup",1,1,0.183673469387755,"Credit Card","Annually","Middle Age",0,0,1,0,0,1,0,0,0,0,0,0,0,1,0,0,1,0,0,0,1,0,0,0,0,0,0
967,0.769230769230769,1,"Dress","Clothing",0.4375,"Kentucky",2,"Brown","Spring",0.96,1,"Express",1,1,0.36734693877551,"Cash","Annually","Senior",0,1,0,0,0,1,0,0,0,1,0,0,0,0,0,1,0,0,0,0,1,0,0,0,0,0,0
968,0.173076923076923,1,"Hoodie","Clothing",0.075,"Georgia",1,"Silver","Summer",0.48,1,"Store Pickup",1,1,0.0612244897959184,"Cash","Weekly","Adult",0,1,0,0,0,0,1,0,0,0,0,0,0,1,0,1,0,0,0,0,0,0,0,0,0,0,1
969,0.75,1,"Shorts","Clothing",0.5875,"North Carolina",3,"Gray","Summer",0.24,1,"Next Day Air",1,1,0.959183673469388,"Bank Transfer","Quarterly","Senior",0,1,0,0,0,0,1,0,0,0,0,1,0,0,1,0,0,0,0,0,0,0,0,0,0,1,0
970,0.423076923076923,1,"Coat","Outerwear",0.1375,"California",1,"Pink","Fall",0.28,1,"Express",1,1,0.73469387755102,"PayPal","Monthly","Middle Age",0,0,0,1,1,0,0,0,0,1,0,0,0,0,0,0,0,0,1,0,0,0,0,0,1,0,0
971,0.519230769230769,1,"Jeans","Clothing",0.575,"California",1,"Maroon","Winter",0.76,1,"Free Shipping",1,1,0.0612244897959184,"Cash","Monthly","Middle Age",0,1,0,0,0,0,0,1,0,0,1,0,0,0,0,1,0,0,0,0,0,0,0,0,1,0,0
972,0.557692307692308,1,"Sunglasses","Accessories",0.5875,"Indiana",2,"Cyan","Summer",0.72,1,"Next Day Air",1,1,0.285714285714286,"Credit Card","Weekly","Middle Age",1,0,0,0,0,0,1,0,0,0,0,1,0,0,0,0,1,0,0,0,0,0,0,0,0,0,1
973,0.826923076923077,1,"Sneakers","Footwear",0.5125,"Colorado",3,"Gold","Winter",0.2,1,"Standard",1,1,0.653061224489796,"Credit Card","Weekly","Senior",0,0,1,0,0,0,0,1,0,0,0,0,1,0,0,0,1,0,0,0,0,0,0,0,0,0,1
974,0.807692307692308,1,"Jacket","Outerwear",0.6875,"Colorado",2,"Teal","Fall",0.4,1,"2-Day Shipping",1,1,0.591836734693878,"Bank Transfer","Quarterly","Senior",0,0,0,1,1,0,0,0,1,0,0,0,0,0,1,0,0,0,0,0,0,0,0,0,0,1,0
975,0.980769230769231,1,"Skirt","Clothing",0.875,"North Carolina",2,"Beige","Spring",0.44,1,"2-Day Shipping",1,1,0.448979591836735,"Bank Transfer","Monthly","Senior",0,1,0,0,0,1,0,0,1,0,0,0,0,0,1,0,0,0,0,0,0,0,0,0,1,0,0
976,0.769230769230769,1,"Sweater","Clothing",0.25,"Washington",2,"Olive","Summer",0.52,1,"2-Day Shipping",1,1,0.0204081632653061,"Bank Transfer","Weekly","Senior",0,1,0,0,0,0,1,0,1,0,0,0,0,0,1,0,0,0,0,0,0,0,0,0,0,0,1
977,0.307692307692308,1,"T-shirt","Clothing",0.875,"Florida",2,"Gray","Fall",0.44,1,"Express",1,1,1,"Credit Card","Every 3 Months","Adult",0,1,0,0,1,0,0,0,0,1,0,0,0,0,0,0,1,0,0,0,0,0,1,0,0,0,0
978,0.0384615384615385,1,"Belt","Accessories",0,"Washington",2,"Black","Spring",0.84,1,"Express",1,1,0.673469387755102,"Cash","Bi-Weekly","Young Adult",1,0,0,0,0,1,0,0,0,1,0,0,0,0,0,1,0,0,0,0,0,1,0,0,0,0,0
979,0.730769230769231,1,"Gloves","Accessories",0.25,"Colorado",2,"Turquoise","Summer",0,1,"Standard",1,1,0.653061224489796,"Credit Card","Weekly","Senior",1,0,0,0,0,0,1,0,0,0,0,0,1,0,0,0,1,0,0,0,0,0,0,0,0,0,1
980,0.884615384615385,1,"Hat","Accessories",0.1625,"New Hampshire",1,"Brown","Fall",0.4,1,"Store Pickup",1,1,0.673469387755102,"Debit Card","Monthly","Senior",1,0,0,0,1,0,0,0,0,0,0,0,0,1,0,0,0,1,0,0,0,0,0,0,1,0,0
981,0.730769230769231,1,"Boots","Footwear",0.975,"Maryland",1,"Magenta","Spring",0.6,1,"Free Shipping",1,1,0.775510204081633,"PayPal","Every 3 Months","Senior",0,0,1,0,0,1,0,0,0,0,1,0,0,0,0,0,0,0,1,0,0,0,1,0,0,0,0
982,0.173076923076923,1,"Belt","Accessories",0.275,"Maryland",2,"Silver","Spring",0.4,1,"Next Day Air",1,1,0.938775510204082,"Credit Card","Quarterly","Adult",1,0,0,0,0,1,0,0,0,0,0,1,0,0,0,0,1,0,0,0,0,0,0,0,0,1,0
983,0.326923076923077,1,"Coat","Outerwear",0.525,"Texas",1,"Red","Summer",0.28,1,"Standard",1,1,0.73469387755102,"PayPal","Monthly","Adult",0,0,0,1,0,0,1,0,0,0,0,0,1,0,0,0,0,0,1,0,0,0,0,0,1,0,0
984,0.115384615384615,1,"Hat","Accessories",0.3125,"New Mexico",3,"Indigo","Winter",0.4,1,"Free Shipping",1,1,0.795918367346939,"Venmo","Bi-Weekly","Young Adult",1,0,0,0,0,0,0,1,0,0,1,0,0,0,0,0,0,0,0,1,0,1,0,0,0,0,0
985,0.153846153846154,1,"Shoes","Footwear",0.725,"Utah",2,"Green","Summer",0.36,1,"Free Shipping",1,1,0.142857142857143,"Credit Card","Bi-Weekly","Adult",0,0,1,0,0,0,1,0,0,0,1,0,0,0,0,0,1,0,0,0,0,1,0,0,0,0,0
986,0.269230769230769,1,"Handbag","Accessories",0.75,"West Virginia",2,"Gray","Fall",1,1,"Express",1,1,0.224489795918367,"Bank Transfer","Annually","Adult",1,0,0,0,1,0,0,0,0,1,0,0,0,0,1,0,0,0,0,0,1,0,0,0,0,0,0
987,0.692307692307692,1,"Scarf","Accessories",0.95,"Connecticut",1,"Peach","Spring",0.8,1,"Store Pickup",1,1,0.714285714285714,"Bank Transfer","Monthly","Senior",1,0,0,0,0,1,0,0,0,0,0,0,0,1,1,0,0,0,0,0,0,0,0,0,1,0,0
988,0.846153846153846,1,"Handbag","Accessories",0.3375,"West Virginia",2,"Charcoal","Summer",0.12,1,"Express",1,1,0.959183673469388,"PayPal","Weekly","Senior",1,0,0,0,0,0,1,0,0,1,0,0,0,0,0,0,0,0,1,0,0,0,0,0,0,0,1
989,0.615384615384615,1,"Pants","Clothing",0.8,"Ohio",2,"Orange","Winter",0.96,1,"2-Day Shipping",1,1,0.938775510204082,"PayPal","Fortnightly","Middle Age",0,1,0,0,0,0,0,1,1,0,0,0,0,0,0,0,0,0,1,0,0,0,0,1,0,0,0
990,1,1,"Shoes","Footwear",0.1375,"Texas",2,"Beige","Spring",0.24,1,"Store Pickup",1,1,0.0204081632653061,"Bank Transfer","Monthly","Senior",0,0,1,0,0,1,0,0,0,0,0,0,0,1,1,0,0,0,0,0,0,0,0,0,1,0,0
991,0.576923076923077,1,"Sunglasses","Accessories",0.5375,"Washington",1,"Yellow","Spring",0.92,1,"Store Pickup",1,1,0.469387755102041,"Cash","Weekly","Middle Age",1,0,0,0,0,1,0,0,0,0,0,0,0,1,0,1,0,0,0,0,0,0,0,0,0,0,1
992,0.0384615384615385,1,"Shorts","Clothing",0.9625,"Wisconsin",4,"White","Spring",0.0800000000000001,1,"Standard",1,1,0.795918367346939,"Bank Transfer","Bi-Weekly","Young Adult",0,1,0,0,0,1,0,0,0,0,0,0,1,0,1,0,0,0,0,0,0,1,0,0,0,0,0
993,0.538461538461538,1,"Jacket","Outerwear",0.9875,"Louisiana",2,"Gray","Winter",0.84,1,"Express",1,1,1,"Debit Card","Weekly","Middle Age",0,0,0,1,0,0,0,1,0,1,0,0,0,0,0,0,0,1,0,0,0,0,0,0,0,0,1
994,0.634615384615385,1,"Sandals","Footwear",0.875,"Iowa",2,"Peach","Winter",0.76,1,"Store Pickup",1,1,0.489795918367347,"Cash","Weekly","Senior",0,0,1,0,0,0,0,1,0,0,0,0,0,1,0,1,0,0,0,0,0,0,0,0,0,0,1
995,0.673076923076923,1,"Shoes","Footwear",0.6,"New York",3,"Violet","Fall",0.28,1,"Express",1,1,0.387755102040816,"Debit Card","Monthly","Senior",0,0,1,0,1,0,0,0,0,1,0,0,0,0,0,0,0,1,0,0,0,0,0,0,1,0,0
996,0.5,1,"Jewelry","Accessories",0.75,"Idaho",2,"Magenta","Spring",0.2,1,"2-Day Shipping",1,1,0.183673469387755,"Venmo","Weekly","Middle Age",1,0,0,0,0,1,0,0,1,0,0,0,0,0,0,0,0,0,0,1,0,0,0,0,0,0,1
997,0.211538461538462,1,"Sandals","Footwear",0.8875,"Delaware",3,"Maroon","Summer",0.96,1,"Standard",1,1,0.63265306122449,"Bank Transfer","Quarterly","Adult",0,0,1,0,0,0,1,0,0,0,0,0,1,0,1,0,0,0,0,0,0,0,0,0,0,1,0
998,0.884615384615385,1,"Pants","Clothing",0.125,"Kentucky",2,"Cyan","Spring",0.44,1,"Express",1,1,0.612244897959184,"Cash","Fortnightly","Senior",0,1,0,0,0,1,0,0,0,1,0,0,0,0,0,1,0,0,0,0,0,0,0,1,0,0,0
999,0.634615384615385,1,"Shoes","Footwear",0.875,"Connecticut",2,"White","Spring",0.52,1,"Next Day Air",1,1,0.959183673469388,"Bank Transfer","Bi-Weekly","Senior",0,0,1,0,0,1,0,0,0,0,0,1,0,0,1,0,0,0,0,0,0,1,0,0,0,0,0
1000,0.615384615384615,1,"Socks","Clothing",0.1,"New Mexico",3,"Brown","Spring",0.16,1,"Standard",1,1,0.448979591836735,"Debit Card","Monthly","Middle Age",0,1,0,0,0,1,0,0,0,0,0,0,1,0,0,0,0,1,0,0,0,0,0,0,1,0,0
1001,0.480769230769231,1,"Socks","Clothing",0.325,"Georgia",2,"Red","Winter",0.56,1,"Express",1,1,0,"Bank Transfer","Bi-Weekly","Middle Age",0,1,0,0,0,0,0,1,0,1,0,0,0,0,1,0,0,0,0,0,0,1,0,0,0,0,0
1002,0.826923076923077,1,"Dress","Clothing",0.5,"Washington",2,"Orange","Fall",0.44,1,"Standard",1,1,0.0612244897959184,"Debit Card","Fortnightly","Senior",0,1,0,0,1,0,0,0,0,0,0,0,1,0,0,0,0,1,0,0,0,0,0,1,0,0,0
1003,0.711538461538462,1,"Shoes","Footwear",0.4875,"North Dakota",2,"White","Spring",0.4,1,"Store Pickup",1,1,0.0408163265306122,"Bank Transfer","Bi-Weekly","Senior",0,0,1,0,0,1,0,0,0,0,0,0,0,1,1,0,0,0,0,0,0,1,0,0,0,0,0
1004,0.730769230769231,1,"Hat","Accessories",0.6,"Ohio",2,"Green","Fall",0.6,1,"Store Pickup",1,1,0.0408163265306122,"Cash","Bi-Weekly","Senior",1,0,0,0,1,0,0,0,0,0,0,0,0,1,0,1,0,0,0,0,0,1,0,0,0,0,0
1005,0.288461538461538,1,"Backpack","Accessories",0.7375,"Tennessee",2,"Black","Summer",0.92,1,"2-Day Shipping",1,1,0.877551020408163,"Cash","Annually","Adult",1,0,0,0,0,0,1,0,1,0,0,0,0,0,0,1,0,0,0,0,1,0,0,0,0,0,0
1006,0.480769230769231,1,"Backpack","Accessories",0.925,"New York",2,"Gold","Winter",0.56,1,"Store Pickup",1,1,0.0816326530612245,"Debit Card","Bi-Weekly","Middle Age",1,0,0,0,0,0,0,1,0,0,0,0,0,1,0,0,0,1,0,0,0,1,0,0,0,0,0
1007,0.0576923076923077,1,"Pants","Clothing",0.7875,"Michigan",1,"Lavender","Summer",0.8,1,"Next Day Air",1,1,1,"Venmo","Quarterly","Young Adult",0,1,0,0,0,0,1,0,0,0,0,1,0,0,0,0,0,0,0,1,0,0,0,0,0,1,0
1008,0.769230769230769,1,"Gloves","Accessories",0.525,"Georgia",4,"Turquoise","Spring",0.92,1,"Standard",1,1,0.0204081632653061,"Credit Card","Annually","Senior",1,0,0,0,0,1,0,0,0,0,0,0,1,0,0,0,1,0,0,0,1,0,0,0,0,0,0
1009,0.442307692307692,1,"Scarf","Accessories",0.8125,"New Mexico",2,"Pink","Spring",0.04,1,"Store Pickup",1,1,0.571428571428571,"PayPal","Annually","Middle Age",1,0,0,0,0,1,0,0,0,0,0,0,0,1,0,0,0,0,1,0,1,0,0,0,0,0,0
1010,0.403846153846154,1,"Hoodie","Clothing",0.125,"Louisiana",2,"Silver","Summer",0.24,1,"Express",1,1,0.204081632653061,"Venmo","Annually","Middle Age",0,1,0,0,0,0,1,0,0,1,0,0,0,0,0,0,0,0,0,1,1,0,0,0,0,0,0
1011,0.692307692307692,1,"Jeans","Clothing",0.05,"South Dakota",4,"Gray","Spring",0.88,1,"2-Day Shipping",1,1,0.73469387755102,"Credit Card","Fortnightly","Senior",0,1,0,0,0,1,0,0,1,0,0,0,0,0,0,0,1,0,0,0,0,0,0,1,0,0,0
1012,0.480769230769231,1,"Backpack","Accessories",0.0625,"Montana",3,"Indigo","Spring",0.16,1,"Next Day Air",1,1,0.63265306122449,"Debit Card","Fortnightly","Middle Age",1,0,0,0,0,1,0,0,0,0,0,1,0,0,0,0,0,1,0,0,0,0,0,1,0,0,0
1013,0.192307692307692,1,"Sandals","Footwear",0.2125,"New Mexico",3,"Teal","Summer",0.52,1,"Express",1,1,0.530612244897959,"Credit Card","Annually","Adult",0,0,1,0,0,0,1,0,0,1,0,0,0,0,0,0,1,0,0,0,1,0,0,0,0,0,0
1014,0.788461538461538,1,"Belt","Accessories",0.6125,"South Carolina",4,"Green","Summer",0.52,1,"2-Day Shipping",1,1,0.612244897959184,"Venmo","Bi-Weekly","Senior",1,0,0,0,0,0,1,0,1,0,0,0,0,0,0,0,0,0,0,1,0,1,0,0,0,0,0
1015,0.192307692307692,1,"Shoes","Footwear",0.9625,"Ohio",2,"Violet","Summer",0.2,1,"Standard",1,1,0.714285714285714,"Debit Card","Fortnightly","Adult",0,0,1,0,0,0,1,0,0,0,0,0,1,0,0,0,0,1,0,0,0,0,0,1,0,0,0
1016,0.961538461538462,1,"Gloves","Accessories",0.05,"North Carolina",2,"Cyan","Summer",0.64,1,"Standard",1,1,0.673469387755102,"Cash","Weekly","Senior",1,0,0,0,0,0,1,0,0,0,0,0,1,0,0,1,0,0,0,0,0,0,0,0,0,0,1
1017,0.0384615384615385,1,"Belt","Accessories",0.125,"Idaho",4,"Blue","Summer",0.36,1,"Express",1,1,0.285714285714286,"Bank Transfer","Every 3 Months","Young Adult",1,0,0,0,0,0,1,0,0,1,0,0,0,0,1,0,0,0,0,0,0,0,1,0,0,0,0
1018,0.0576923076923077,1,"Jacket","Outerwear",0.4125,"Oklahoma",3,"Orange","Fall",0,1,"Express",1,1,0.26530612244898,"Credit Card","Annually","Young Adult",0,0,0,1,1,0,0,0,0,1,0,0,0,0,0,0,1,0,0,0,1,0,0,0,0,0,0
1019,0.615384615384615,1,"Dress","Clothing",0.625,"Georgia",4,"Charcoal","Spring",0.96,1,"Next Day Air",1,1,0.918367346938776,"Cash","Weekly","Middle Age",0,1,0,0,0,1,0,0,0,0,0,1,0,0,0,1,0,0,0,0,0,0,0,0,0,0,1
1020,0.269230769230769,1,"Shirt","Clothing",0.7,"Kentucky",1,"Beige","Winter",0.12,1,"Standard",1,1,0.653061224489796,"Venmo","Bi-Weekly","Adult",0,1,0,0,0,0,0,1,0,0,0,0,1,0,0,0,0,0,0,1,0,1,0,0,0,0,0
1021,0.115384615384615,1,"Scarf","Accessories",0.9375,"Delaware",2,"Black","Fall",0.8,1,"Express",1,1,0.816326530612245,"Debit Card","Annually","Young Adult",1,0,0,0,1,0,0,0,0,1,0,0,0,0,0,0,0,1,0,0,1,0,0,0,0,0,0
1022,0.711538461538462,1,"Coat","Outerwear",0.3875,"Massachusetts",1,"Lavender","Winter",0.96,1,"2-Day Shipping",1,1,0.775510204081633,"PayPal","Weekly","Senior",0,0,0,1,0,0,0,1,1,0,0,0,0,0,0,0,0,0,1,0,0,0,0,0,0,0,1
1023,0.826923076923077,1,"Handbag","Accessories",0.2625,"Nebraska",2,"Lavender","Winter",0.96,1,"Store Pickup",1,1,0.122448979591837,"Cash","Annually","Senior",1,0,0,0,0,0,0,1,0,0,0,0,0,1,0,1,0,0,0,0,1,0,0,0,0,0,0
1024,0.826923076923077,1,"Sunglasses","Accessories",0.6375,"Maine",1,"Turquoise","Winter",0.4,1,"Free Shipping",1,1,0.571428571428571,"Bank Transfer","Every 3 Months","Senior",1,0,0,0,0,0,0,1,0,0,1,0,0,0,1,0,0,0,0,0,0,0,1,0,0,0,0
1025,0.192307692307692,1,"T-shirt","Clothing",0.575,"Pennsylvania",2,"Purple","Summer",0.4,1,"Free Shipping",1,1,0.346938775510204,"Venmo","Quarterly","Adult",0,1,0,0,0,0,1,0,0,0,1,0,0,0,0,0,0,0,0,1,0,0,0,0,0,1,0
1026,0.807692307692308,1,"Shirt","Clothing",0.8,"Nebraska",2,"Olive","Winter",0.96,1,"Free Shipping",1,1,0.285714285714286,"Credit Card","Annually","Senior",0,1,0,0,0,0,0,1,0,0,1,0,0,0,0,0,1,0,0,0,1,0,0,0,0,0,0
1027,0.596153846153846,1,"Handbag","Accessories",0.9375,"Virginia",3,"Turquoise","Winter",0.2,1,"Express",1,1,0.775510204081633,"PayPal","Bi-Weekly","Middle Age",1,0,0,0,0,0,0,1,0,1,0,0,0,0,0,0,0,0,1,0,0,1,0,0,0,0,0
1028,0.288461538461538,1,"Jewelry","Accessories",0.875,"Ohio",3,"Teal","Summer",0.12,1,"Next Day Air",1,1,0.204081632653061,"Cash","Monthly","Adult",1,0,0,0,0,0,1,0,0,0,0,1,0,0,0,1,0,0,0,0,0,0,0,0,1,0,0
1029,0.519230769230769,1,"Hoodie","Clothing",0.2,"Nebraska",1,"Lavender","Summer",0.48,1,"Standard",1,1,0.0612244897959184,"Cash","Fortnightly","Middle Age",0,1,0,0,0,0,1,0,0,0,0,0,1,0,0,1,0,0,0,0,0,0,0,1,0,0,0
1030,0.211538461538462,1,"Gloves","Accessories",0.025,"Ohio",2,"Purple","Spring",0.44,1,"2-Day Shipping",1,1,0.653061224489796,"Venmo","Bi-Weekly","Adult",1,0,0,0,0,1,0,0,1,0,0,0,0,0,0,0,0,0,0,1,0,1,0,0,0,0,0
1031,0.769230769230769,1,"Coat","Outerwear",0.8625,"Kentucky",3,"Blue","Winter",0.32,1,"Next Day Air",1,1,0.73469387755102,"Debit Card","Quarterly","Senior",0,0,0,1,0,0,0,1,0,0,0,1,0,0,0,0,0,1,0,0,0,0,0,0,0,1,0
1032,0.0769230769230769,1,"Sandals","Footwear",0.375,"Tennessee",2,"Teal","Spring",0.36,1,"Free Shipping",1,1,0.63265306122449,"Cash","Quarterly","Young Adult",0,0,1,0,0,1,0,0,0,0,1,0,0,0,0,1,0,0,0,0,0,0,0,0,0,1,0
1033,0.711538461538462,1,"Boots","Footwear",0.2,"Maine",2,"Lavender","Fall",0.6,1,"Free Shipping",1,1,0.877551020408163,"Credit Card","Quarterly","Senior",0,0,1,0,1,0,0,0,0,0,1,0,0,0,0,0,1,0,0,0,0,0,0,0,0,1,0
1034,0.0192307692307692,1,"Pants","Clothing",0.4,"Montana",1,"Silver","Spring",0.84,1,"Free Shipping",1,1,0.816326530612245,"Bank Transfer","Quarterly","Young Adult",0,1,0,0,0,1,0,0,0,0,1,0,0,0,1,0,0,0,0,0,0,0,0,0,0,1,0
1035,0.961538461538462,1,"Socks","Clothing",0.1125,"Maryland",2,"Olive","Fall",0.68,1,"Next Day Air",1,1,0.877551020408163,"Bank Transfer","Weekly","Senior",0,1,0,0,1,0,0,0,0,0,0,1,0,0,1,0,0,0,0,0,0,0,0,0,0,0,1
1036,0.826923076923077,1,"Blouse","Clothing",0.8625,"Georgia",2,"Brown","Fall",0.12,1,"Express",1,1,0.63265306122449,"Venmo","Annually","Senior",0,1,0,0,1,0,0,0,0,1,0,0,0,0,0,0,0,0,0,1,1,0,0,0,0,0,0
1037,0.961538461538462,1,"Handbag","Accessories",0.3375,"Hawaii",2,"Yellow","Fall",0.48,1,"2-Day Shipping",1,1,0.244897959183673,"Bank Transfer","Monthly","Senior",1,0,0,0,1,0,0,0,1,0,0,0,0,0,1,0,0,0,0,0,0,0,0,0,1,0,0
1038,0.653846153846154,1,"Jewelry","Accessories",0.0625,"Rhode Island",4,"Brown","Spring",0.36,1,"Standard",1,1,0.959183673469388,"Debit Card","Quarterly","Senior",1,0,0,0,0,1,0,0,0,0,0,0,1,0,0,0,0,1,0,0,0,0,0,0,0,1,0
1039,0.442307692307692,1,"Pants","Clothing",0.675,"Nebraska",4,"Cyan","Fall",0.2,1,"Express",1,1,0.0408163265306122,"Bank Transfer","Weekly","Middle Age",0,1,0,0,1,0,0,0,0,1,0,0,0,0,1,0,0,0,0,0,0,0,0,0,0,0,1
1040,0.211538461538462,1,"Belt","Accessories",0.325,"Michigan",2,"Magenta","Fall",0.92,1,"Standard",1,1,0.775510204081633,"Venmo","Monthly","Adult",1,0,0,0,1,0,0,0,0,0,0,0,1,0,0,0,0,0,0,1,0,0,0,0,1,0,0
1041,0.961538461538462,1,"Jeans","Clothing",0.025,"North Carolina",1,"Magenta","Fall",0.6,1,"Next Day Air",1,1,0.122448979591837,"Cash","Fortnightly","Senior",0,1,0,0,1,0,0,0,0,0,0,1,0,0,0,1,0,0,0,0,0,0,0,1,0,0,0
1042,0.346153846153846,1,"Shirt","Clothing",0.0625,"Minnesota",2,"Orange","Summer",0.96,1,"Next Day Air",1,1,0.204081632653061,"Cash","Fortnightly","Middle Age",0,1,0,0,0,0,1,0,0,0,0,1,0,0,0,1,0,0,0,0,0,0,0,1,0,0,0
1043,0.711538461538462,1,"Belt","Accessories",0.75,"Maryland",2,"Maroon","Spring",0.96,1,"Next Day Air",1,1,0.938775510204082,"Credit Card","Weekly","Senior",1,0,0,0,0,1,0,0,0,0,0,1,0,0,0,0,1,0,0,0,0,0,0,0,0,0,1
1044,0.192307692307692,1,"Jeans","Clothing",0.7,"Hawaii",2,"Green","Spring",0.32,1,"2-Day Shipping",1,1,0.551020408163265,"Debit Card","Fortnightly","Adult",0,1,0,0,0,1,0,0,1,0,0,0,0,0,0,0,0,1,0,0,0,0,0,1,0,0,0
1045,0.403846153846154,1,"Jeans","Clothing",0.125,"Oregon",3,"Teal","Summer",0.76,1,"Next Day Air",1,1,0.326530612244898,"Bank Transfer","Every 3 Months","Middle Age",0,1,0,0,0,0,1,0,0,0,0,1,0,0,1,0,0,0,0,0,0,0,1,0,0,0,0
1046,0.692307692307692,1,"Sweater","Clothing",0.7375,"New Mexico",3,"Black","Fall",0.4,1,"2-Day Shipping",1,1,0.204081632653061,"PayPal","Bi-Weekly","Senior",0,1,0,0,1,0,0,0,1,0,0,0,0,0,0,0,0,0,1,0,0,1,0,0,0,0,0
1047,0.423076923076923,1,"Sneakers","Footwear",0.025,"Illinois",2,"Magenta","Winter",0.68,1,"Standard",1,1,0.224489795918367,"Venmo","Annually","Middle Age",0,0,1,0,0,0,0,1,0,0,0,0,1,0,0,0,0,0,0,1,1,0,0,0,0,0,0
1048,0.25,1,"Socks","Clothing",0.2,"Utah",1,"Olive","Fall",0.68,1,"Standard",1,1,0.122448979591837,"Credit Card","Fortnightly","Adult",0,1,0,0,1,0,0,0,0,0,0,0,1,0,0,0,1,0,0,0,0,0,0,1,0,0,0
1049,0.230769230769231,1,"Socks","Clothing",0.7125,"Maine",3,"Yellow","Fall",0.0800000000000001,1,"Standard",1,1,0.36734693877551,"Venmo","Fortnightly","Adult",0,1,0,0,1,0,0,0,0,0,0,0,1,0,0,0,0,0,0,1,0,0,0,1,0,0,0
1050,0.519230769230769,1,"Sunglasses","Accessories",0.1625,"Virginia",1,"Purple","Fall",0.12,1,"Store Pickup",1,1,0.469387755102041,"Cash","Quarterly","Middle Age",1,0,0,0,1,0,0,0,0,0,0,0,0,1,0,1,0,0,0,0,0,0,0,0,0,1,0
1051,0.576923076923077,1,"Sneakers","Footwear",0.55,"Florida",2,"Beige","Winter",0.52,1,"Next Day Air",1,1,0.36734693877551,"Venmo","Monthly","Middle Age",0,0,1,0,0,0,0,1,0,0,0,1,0,0,0,0,0,0,0,1,0,0,0,0,1,0,0
1052,0.519230769230769,1,"Socks","Clothing",0.4125,"Ohio",2,"Indigo","Fall",0.04,1,"Free Shipping",1,1,0.775510204081633,"PayPal","Annually","Middle Age",0,1,0,0,1,0,0,0,0,0,1,0,0,0,0,0,0,0,1,0,1,0,0,0,0,0,0
1053,0.807692307692308,1,"Shoes","Footwear",0.2,"Virginia",4,"Pink","Fall",0.2,1,"2-Day Shipping",1,1,0,"Credit Card","Fortnightly","Senior",0,0,1,0,1,0,0,0,1,0,0,0,0,0,0,0,1,0,0,0,0,0,0,1,0,0,0
1054,0.788461538461538,1,"Blouse","Clothing",0.625,"Kansas",2,"Blue","Spring",0.32,0,"2-Day Shipping",1,1,0.183673469387755,"Debit Card","Bi-Weekly","Senior",0,1,0,0,0,1,0,0,1,0,0,0,0,0,0,0,0,1,0,0,0,1,0,0,0,0,0
1055,0,1,"Shorts","Clothing",0.95,"Arkansas",3,"Cyan","Winter",0.96,0,"Express",1,1,0.959183673469388,"PayPal","Quarterly","Young Adult",0,1,0,0,0,0,0,1,0,1,0,0,0,0,0,0,0,0,1,0,0,0,0,0,0,1,0
1056,1,1,"Jacket","Outerwear",0.0875,"Massachusetts",2,"Orange","Spring",0.32,0,"Next Day Air",1,1,0.469387755102041,"Debit Card","Annually","Senior",0,0,0,1,0,1,0,0,0,0,0,1,0,0,0,0,0,1,0,0,1,0,0,0,0,0,0
1057,0.0384615384615385,1,"Sweater","Clothing",0.55,"Idaho",3,"Black","Winter",0.16,0,"2-Day Shipping",1,1,0.836734693877551,"Venmo","Fortnightly","Young Adult",0,1,0,0,0,0,0,1,1,0,0,0,0,0,0,0,0,0,0,1,0,0,0,1,0,0,0
1058,0.903846153846154,1,"Jacket","Outerwear",0.0375,"Wisconsin",1,"Maroon","Spring",0.76,0,"2-Day Shipping",1,1,0.387755102040816,"Credit Card","Weekly","Senior",0,0,0,1,0,1,0,0,1,0,0,0,0,0,0,0,1,0,0,0,0,0,0,0,0,0,1
1059,0.211538461538462,1,"Scarf","Accessories",0.1625,"New Mexico",3,"Violet","Summer",0.24,0,"Next Day Air",1,1,0.979591836734694,"Bank Transfer","Every 3 Months","Adult",1,0,0,0,0,0,1,0,0,0,0,1,0,0,1,0,0,0,0,0,0,0,1,0,0,0,0
1060,0.0769230769230769,1,"Jacket","Outerwear",0.175,"North Carolina",2,"Beige","Winter",0,0,"Standard",1,1,0.489795918367347,"Debit Card","Monthly","Young Adult",0,0,0,1,0,0,0,1,0,0,0,0,1,0,0,0,0,1,0,0,0,0,0,0,1,0,0
1061,0.173076923076923,1,"Sweater","Clothing",0.1875,"Iowa",1,"Gray","Summer",0.04,0,"Next Day Air",1,1,0.408163265306122,"Debit Card","Every 3 Months","Adult",0,1,0,0,0,0,1,0,0,0,0,1,0,0,0,0,0,1,0,0,0,0,1,0,0,0,0
1062,0.346153846153846,1,"Coat","Outerwear",0.525,"Idaho",2,"Gray","Summer",0.76,0,"Free Shipping",1,1,0.224489795918367,"Venmo","Every 3 Months","Middle Age",0,0,0,1,0,0,1,0,0,0,1,0,0,0,0,0,0,0,0,1,0,0,1,0,0,0,0
1063,0.788461538461538,1,"Boots","Footwear",0.6875,"Ohio",2,"Brown","Fall",0.04,0,"Next Day Air",1,1,0.408163265306122,"Debit Card","Every 3 Months","Senior",0,0,1,0,1,0,0,0,0,0,0,1,0,0,0,0,0,1,0,0,0,0,1,0,0,0,0
1064,0.846153846153846,1,"Hoodie","Clothing",0.1125,"Alabama",1,"Indigo","Summer",0.32,0,"Free Shipping",1,1,0.693877551020408,"Cash","Monthly","Senior",0,1,0,0,0,0,1,0,0,0,1,0,0,0,0,1,0,0,0,0,0,0,0,0,1,0,0
1065,0.307692307692308,1,"Hat","Accessories",0.1,"Wyoming",2,"Violet","Spring",0.4,0,"Express",1,1,0.836734693877551,"Credit Card","Every 3 Months","Adult",1,0,0,0,0,1,0,0,0,1,0,0,0,0,0,0,1,0,0,0,0,0,1,0,0,0,0
1066,0.788461538461538,1,"T-shirt","Clothing",0,"Alabama",4,"Blue","Spring",0.64,0,"Store Pickup",1,1,0.0408163265306122,"PayPal","Every 3 Months","Senior",0,1,0,0,0,1,0,0,0,0,0,0,0,1,0,0,0,0,1,0,0,0,1,0,0,0,0
1067,0.596153846153846,1,"Coat","Outerwear",0.95,"Mississippi",2,"Red","Winter",0.6,0,"Store Pickup",1,1,0.204081632653061,"PayPal","Bi-Weekly","Middle Age",0,0,0,1,0,0,0,1,0,0,0,0,0,1,0,0,0,0,1,0,0,1,0,0,0,0,0
1068,0,1,"Dress","Clothing",0.2875,"Pennsylvania",1,"Peach","Summer",0.0800000000000001,0,"2-Day Shipping",1,1,0.428571428571429,"PayPal","Quarterly","Young Adult",0,1,0,0,0,0,1,0,1,0,0,0,0,0,0,0,0,0,1,0,0,0,0,0,0,1,0
1069,0.711538461538462,1,"Shirt","Clothing",0.925,"Wyoming",2,"Olive","Fall",0,0,"Standard",1,1,0.938775510204082,"Credit Card","Weekly","Senior",0,1,0,0,1,0,0,0,0,0,0,0,1,0,0,0,1,0,0,0,0,0,0,0,0,0,1
1070,0.384615384615385,1,"Skirt","Clothing",0.7625,"Maryland",4,"White","Fall",0.72,0,"Next Day Air",1,1,0.653061224489796,"Venmo","Every 3 Months","Middle Age",0,1,0,0,1,0,0,0,0,0,0,1,0,0,0,0,0,0,0,1,0,0,1,0,0,0,0
1071,0.615384615384615,1,"Jewelry","Accessories",0.6875,"North Carolina",2,"Magenta","Summer",0.32,0,"Free Shipping",1,1,1,"Debit Card","Weekly","Middle Age",1,0,0,0,0,0,1,0,0,0,1,0,0,0,0,0,0,1,0,0,0,0,0,0,0,0,1
1072,0.826923076923077,1,"Hat","Accessories",0.7625,"Pennsylvania",2,"Beige","Summer",0.04,0,"Express",1,1,0.918367346938776,"Credit Card","Monthly","Senior",1,0,0,0,0,0,1,0,0,1,0,0,0,0,0,0,1,0,0,0,0,0,0,0,1,0,0
1073,0.576923076923077,1,"Shorts","Clothing",0.9,"Idaho",3,"Gold","Fall",0.52,0,"Express",1,1,0.673469387755102,"Debit Card","Fortnightly","Middle Age",0,1,0,0,1,0,0,0,0,1,0,0,0,0,0,0,0,1,0,0,0,0,0,1,0,0,0
1074,0.0769230769230769,1,"Scarf","Accessories",0.95,"California",4,"Purple","Spring",0.6,0,"Store Pickup",1,1,0.653061224489796,"Credit Card","Monthly","Young Adult",1,0,0,0,0,1,0,0,0,0,0,0,0,1,0,0,1,0,0,0,0,0,0,0,1,0,0
1075,0.576923076923077,1,"Jewelry","Accessories",0.6375,"Tennessee",1,"White","Fall",0.04,0,"Standard",1,1,0.897959183673469,"Bank Transfer","Fortnightly","Middle Age",1,0,0,0,1,0,0,0,0,0,0,0,1,0,1,0,0,0,0,0,0,0,0,1,0,0,0
1076,0.75,1,"Sunglasses","Accessories",0.375,"Missouri",3,"Indigo","Summer",0.96,0,"Next Day Air",1,1,0.63265306122449,"Debit Card","Bi-Weekly","Senior",1,0,0,0,0,0,1,0,0,0,0,1,0,0,0,0,0,1,0,0,0,1,0,0,0,0,0
1077,0.288461538461538,1,"Coat","Outerwear",0.65,"North Dakota",3,"Charcoal","Spring",0.16,0,"Standard",1,1,0.938775510204082,"Venmo","Bi-Weekly","Adult",0,0,0,1,0,1,0,0,0,0,0,0,1,0,0,0,0,0,0,1,0,1,0,0,0,0,0
1078,0.769230769230769,1,"Jacket","Outerwear",0.1,"West Virginia",2,"Pink","Winter",0.48,0,"Standard",1,1,0.0816326530612245,"PayPal","Quarterly","Senior",0,0,0,1,0,0,0,1,0,0,0,0,1,0,0,0,0,0,1,0,0,0,0,0,0,1,0
1079,0.365384615384615,1,"Sweater","Clothing",0.4875,"Arizona",2,"Silver","Fall",0.76,0,"Express",1,1,0.979591836734694,"Credit Card","Fortnightly","Middle Age",0,1,0,0,1,0,0,0,0,1,0,0,0,0,0,0,1,0,0,0,0,0,0,1,0,0,0
1080,0,1,"Coat","Outerwear",0.1625,"Oklahoma",1,"Blue","Summer",0.76,0,"Free Shipping",1,1,0.959183673469388,"Bank Transfer","Monthly","Young Adult",0,0,0,1,0,0,1,0,0,0,1,0,0,0,1,0,0,0,0,0,0,0,0,0,1,0,0
1081,0.903846153846154,1,"Scarf","Accessories",0.4875,"Pennsylvania",3,"Blue","Fall",0.52,0,"Express",1,1,0.428571428571429,"Cash","Every 3 Months","Senior",1,0,0,0,1,0,0,0,0,1,0,0,0,0,0,1,0,0,0,0,0,0,1,0,0,0,0
1082,0.846153846153846,1,"Belt","Accessories",0.125,"Idaho",4,"Brown","Spring",0.8,0,"Standard",1,1,0.897959183673469,"Credit Card","Annually","Senior",1,0,0,0,0,1,0,0,0,0,0,0,1,0,0,0,1,0,0,0,1,0,0,0,0,0,0
1083,0.692307692307692,1,"Hat","Accessories",0.8125,"South Carolina",4,"Cyan","Winter",0.04,0,"Next Day Air",1,1,0.591836734693878,"Venmo","Quarterly","Senior",1,0,0,0,0,0,0,1,0,0,0,1,0,0,0,0,0,0,0,1,0,0,0,0,0,1,0
1084,0.326923076923077,1,"Backpack","Accessories",0.9625,"Washington",3,"Teal","Summer",0.32,0,"Store Pickup",1,1,0.857142857142857,"Cash","Weekly","Adult",1,0,0,0,0,0,1,0,0,0,0,0,0,1,0,1,0,0,0,0,0,0,0,0,0,0,1
1085,0.307692307692308,1,"T-shirt","Clothing",0.2,"Arkansas",1,"Purple","Fall",0.64,0,"Next Day Air",1,1,0.959183673469388,"Cash","Quarterly","Adult",0,1,0,0,1,0,0,0,0,0,0,1,0,0,0,1,0,0,0,0,0,0,0,0,0,1,0
1086,0.134615384615385,1,"Jewelry","Accessories",0.8125,"Utah",2,"Turquoise","Winter",0.2,0,"Store Pickup",1,1,0.448979591836735,"Venmo","Fortnightly","Young Adult",1,0,0,0,0,0,0,1,0,0,0,0,0,1,0,0,0,0,0,1,0,0,0,1,0,0,0
1087,0.673076923076923,1,"Sunglasses","Accessories",0.525,"Alaska",2,"Olive","Winter",0.2,0,"Free Shipping",1,1,0.530612244897959,"PayPal","Bi-Weekly","Senior",1,0,0,0,0,0,0,1,0,0,1,0,0,0,0,0,0,0,1,0,0,1,0,0,0,0,0
1088,0.519230769230769,1,"Jeans","Clothing",0.6375,"West Virginia",1,"White","Winter",0.36,0,"Next Day Air",1,1,0.122448979591837,"Bank Transfer","Monthly","Middle Age",0,1,0,0,0,0,0,1,0,0,0,1,0,0,1,0,0,0,0,0,0,0,0,0,1,0,0
1089,0.596153846153846,1,"Pants","Clothing",0.0125,"Louisiana",2,"Turquoise","Winter",0.0800000000000001,0,"Free Shipping",1,1,0.0204081632653061,"PayPal","Weekly","Middle Age",0,1,0,0,0,0,0,1,0,0,1,0,0,0,0,0,0,0,1,0,0,0,0,0,0,0,1
1090,0.423076923076923,1,"Backpack","Accessories",0.5125,"Arizona",2,"Silver","Spring",0.52,0,"Next Day Air",1,1,0.653061224489796,"PayPal","Bi-Weekly","Middle Age",1,0,0,0,0,1,0,0,0,0,0,1,0,0,0,0,0,0,1,0,0,1,0,0,0,0,0
1091,0.384615384615385,1,"Scarf","Accessories",0.475,"Connecticut",2,"Violet","Spring",0.68,0,"Store Pickup",1,1,0.530612244897959,"Cash","Fortnightly","Middle Age",1,0,0,0,0,1,0,0,0,0,0,0,0,1,0,1,0,0,0,0,0,0,0,1,0,0,0
1092,0.5,1,"Sweater","Clothing",0.75,"North Carolina",3,"Lavender","Spring",0.88,0,"Store Pickup",1,1,0.102040816326531,"Credit Card","Fortnightly","Middle Age",0,1,0,0,0,1,0,0,0,0,0,0,0,1,0,0,1,0,0,0,0,0,0,1,0,0,0
1093,0.961538461538462,1,"Jewelry","Accessories",0.375,"South Dakota",3,"Magenta","Spring",0.64,0,"2-Day Shipping",1,1,0.387755102040816,"Venmo","Quarterly","Senior",1,0,0,0,0,1,0,0,1,0,0,0,0,0,0,0,0,0,0,1,0,0,0,0,0,1,0
1094,0.807692307692308,1,"Sneakers","Footwear",0.35,"Delaware",1,"Indigo","Winter",0.68,0,"2-Day Shipping",1,1,0.918367346938776,"Venmo","Every 3 Months","Senior",0,0,1,0,0,0,0,1,1,0,0,0,0,0,0,0,0,0,0,1,0,0,1,0,0,0,0
1095,0.134615384615385,1,"Jewelry","Accessories",0.25,"Connecticut",2,"Black","Winter",0.92,0,"Next Day Air",1,1,0.489795918367347,"Cash","Quarterly","Young Adult",1,0,0,0,0,0,0,1,0,0,0,1,0,0,0,1,0,0,0,0,0,0,0,0,0,1,0
1096,0.0192307692307692,1,"Coat","Outerwear",0.175,"Tennessee",1,"Peach","Summer",0.2,0,"Free Shipping",1,1,0.591836734693878,"Bank Transfer","Quarterly","Young Adult",0,0,0,1,0,0,1,0,0,0,1,0,0,0,1,0,0,0,0,0,0,0,0,0,0,1,0
1097,0.75,1,"Coat","Outerwear",0.325,"New Hampshire",1,"Beige","Fall",0.04,0,"Standard",1,1,0.959183673469388,"Credit Card","Annually","Senior",0,0,0,1,1,0,0,0,0,0,0,0,1,0,0,0,1,0,0,0,1,0,0,0,0,0,0
1098,0.769230769230769,1,"Sunglasses","Accessories",0.0875,"Vermont",2,"Black","Summer",0.28,0,"Store Pickup",1,1,0.938775510204082,"Bank Transfer","Weekly","Senior",1,0,0,0,0,0,1,0,0,0,0,0,0,1,1,0,0,0,0,0,0,0,0,0,0,0,1
1099,0.596153846153846,1,"Handbag","Accessories",0.975,"Idaho",1,"Turquoise","Spring",0.44,0,"Next Day Air",1,1,0.530612244897959,"Credit Card","Weekly","Middle Age",1,0,0,0,0,1,0,0,0,0,0,1,0,0,0,0,1,0,0,0,0,0,0,0,0,0,1
1100,0.0192307692307692,1,"Sweater","Clothing",0.6625,"North Carolina",2,"Peach","Fall",0.04,0,"Next Day Air",1,1,0.897959183673469,"Bank Transfer","Fortnightly","Young Adult",0,1,0,0,1,0,0,0,0,0,0,1,0,0,1,0,0,0,0,0,0,0,0,1,0,0,0
1101,0.615384615384615,1,"Pants","Clothing",0.1,"Nevada",3,"Gold","Spring",0.76,0,"Express",1,1,0.0204081632653061,"Credit Card","Weekly","Middle Age",0,1,0,0,0,1,0,0,0,1,0,0,0,0,0,0,1,0,0,0,0,0,0,0,0,0,1
1102,0.230769230769231,1,"Gloves","Accessories",0.7,"Delaware",4,"Silver","Fall",0.2,0,"Free Shipping",1,1,0.775510204081633,"Cash","Fortnightly","Adult",1,0,0,0,1,0,0,0,0,0,1,0,0,0,0,1,0,0,0,0,0,0,0,1,0,0,0
1103,0.653846153846154,1,"Sweater","Clothing",0.7875,"Texas",2,"Peach","Fall",0.16,0,"Express",1,1,0.469387755102041,"Cash","Fortnightly","Senior",0,1,0,0,1,0,0,0,0,1,0,0,0,0,0,1,0,0,0,0,0,0,0,1,0,0,0
1104,0.326923076923077,1,"Hoodie","Clothing",0.0375,"Tennessee",1,"Charcoal","Spring",0.72,0,"Free Shipping",1,1,0.142857142857143,"Debit Card","Bi-Weekly","Adult",0,1,0,0,0,1,0,0,0,0,1,0,0,0,0,0,0,1,0,0,0,1,0,0,0,0,0
1105,0.326923076923077,1,"Hat","Accessories",0.1,"Delaware",2,"Beige","Fall",0.24,0,"Express",1,1,0.142857142857143,"Bank Transfer","Quarterly","Adult",1,0,0,0,1,0,0,0,0,1,0,0,0,0,1,0,0,0,0,0,0,0,0,0,0,1,0
1106,0.288461538461538,1,"T-shirt","Clothing",0.7875,"Massachusetts",1,"Olive","Spring",0.2,0,"Next Day Air",1,1,0.102040816326531,"Venmo","Every 3 Months","Adult",0,1,0,0,0,1,0,0,0,0,0,1,0,0,0,0,0,0,0,1,0,0,1,0,0,0,0
1107,0.653846153846154,1,"Skirt","Clothing",0.95,"Minnesota",3,"Violet","Winter",0.44,0,"Store Pickup",1,1,0.224489795918367,"Venmo","Fortnightly","Senior",0,1,0,0,0,0,0,1,0,0,0,0,0,1,0,0,0,0,0,1,0,0,0,1,0,0,0
1108,0.980769230769231,1,"Sneakers","Footwear",0.525,"Texas",2,"Peach","Fall",0.12,0,"Store Pickup",1,1,0.510204081632653,"Bank Transfer","Weekly","Senior",0,0,1,0,1,0,0,0,0,0,0,0,0,1,1,0,0,0,0,0,0,0,0,0,0,0,1
1109,0.173076923076923,1,"Shorts","Clothing",0.0625,"Nebraska",2,"Teal","Fall",0.12,0,"Standard",1,1,1,"Cash","Fortnightly","Adult",0,1,0,0,1,0,0,0,0,0,0,0,1,0,0,1,0,0,0,0,0,0,0,1,0,0,0
1110,0.923076923076923,1,"Hoodie","Clothing",0.9625,"Oklahoma",3,"Violet","Winter",0.52,0,"Next Day Air",1,1,0.0204081632653061,"Venmo","Weekly","Senior",0,1,0,0,0,0,0,1,0,0,0,1,0,0,0,0,0,0,0,1,0,0,0,0,0,0,1
1111,0.192307692307692,1,"Hoodie","Clothing",0.5125,"Texas",3,"Cyan","Fall",0.2,0,"Standard",1,1,0.612244897959184,"Cash","Bi-Weekly","Adult",0,1,0,0,1,0,0,0,0,0,0,0,1,0,0,1,0,0,0,0,0,1,0,0,0,0,0
1112,0.0769230769230769,1,"Shoes","Footwear",0.575,"New York",1,"Olive","Summer",0.64,0,"Next Day Air",1,1,0.0612244897959184,"Credit Card","Bi-Weekly","Young Adult",0,0,1,0,0,0,1,0,0,0,0,1,0,0,0,0,1,0,0,0,0,1,0,0,0,0,0
1113,0.980769230769231,1,"Hoodie","Clothing",0.5875,"Washington",4,"Pink","Spring",0.84,0,"Free Shipping",1,1,0.63265306122449,"PayPal","Quarterly","Senior",0,1,0,0,0,1,0,0,0,0,1,0,0,0,0,0,0,0,1,0,0,0,0,0,0,1,0
1114,0.192307692307692,1,"Sunglasses","Accessories",0.75,"Maryland",2,"Purple","Summer",0.92,0,"Next Day Air",1,1,0.204081632653061,"PayPal","Bi-Weekly","Adult",1,0,0,0,0,0,1,0,0,0,0,1,0,0,0,0,0,0,1,0,0,1,0,0,0,0,0
1115,0.711538461538462,1,"Skirt","Clothing",0.0625,"New Hampshire",3,"Violet","Fall",0.04,0,"Next Day Air",1,1,0.938775510204082,"Bank Transfer","Every 3 Months","Senior",0,1,0,0,1,0,0,0,0,0,0,1,0,0,1,0,0,0,0,0,0,0,1,0,0,0,0
1116,0.230769230769231,1,"Hat","Accessories",0.475,"New York",1,"Peach","Fall",0.6,0,"2-Day Shipping",1,1,0.73469387755102,"Cash","Weekly","Adult",1,0,0,0,1,0,0,0,1,0,0,0,0,0,0,1,0,0,0,0,0,0,0,0,0,0,1
1117,0.942307692307692,1,"Backpack","Accessories",0.95,"Hawaii",2,"Charcoal","Winter",0.68,0,"Express",1,1,0.775510204081633,"PayPal","Fortnightly","Senior",1,0,0,0,0,0,0,1,0,1,0,0,0,0,0,0,0,0,1,0,0,0,0,1,0,0,0
1118,0.134615384615385,1,"Sunglasses","Accessories",0.7125,"California",3,"Lavender","Spring",0.8,0,"Store Pickup",1,1,0.469387755102041,"Credit Card","Monthly","Young Adult",1,0,0,0,0,1,0,0,0,0,0,0,0,1,0,0,1,0,0,0,0,0,0,0,1,0,0
1119,0.596153846153846,1,"Belt","Accessories",0.5625,"Indiana",2,"Purple","Summer",0.96,0,"Standard",1,1,0.204081632653061,"PayPal","Every 3 Months","Middle Age",1,0,0,0,0,0,1,0,0,0,0,0,1,0,0,0,0,0,1,0,0,0,1,0,0,0,0
1120,0.307692307692308,1,"Jewelry","Accessories",0.2,"Louisiana",2,"Indigo","Spring",0.24,0,"Standard",1,1,0.714285714285714,"Credit Card","Weekly","Adult",1,0,0,0,0,1,0,0,0,0,0,0,1,0,0,0,1,0,0,0,0,0,0,0,0,0,1
1121,0.0769230769230769,1,"Sneakers","Footwear",0.8,"Pennsylvania",2,"Magenta","Winter",0.6,0,"Next Day Air",1,1,0.795918367346939,"Debit Card","Monthly","Young Adult",0,0,1,0,0,0,0,1,0,0,0,1,0,0,0,0,0,1,0,0,0,0,0,0,1,0,0
1122,0.865384615384615,1,"T-shirt","Clothing",0.475,"Florida",4,"Peach","Fall",0.28,0,"Express",1,1,0.489795918367347,"Cash","Quarterly","Senior",0,1,0,0,1,0,0,0,0,1,0,0,0,0,0,1,0,0,0,0,0,0,0,0,0,1,0
1123,1,1,"Handbag","Accessories",0.525,"North Carolina",1,"Charcoal","Spring",0.72,0,"2-Day Shipping",1,1,0.224489795918367,"Credit Card","Annually","Senior",1,0,0,0,0,1,0,0,1,0,0,0,0,0,0,0,1,0,0,0,1,0,0,0,0,0,0
1124,0.346153846153846,1,"Hat","Accessories",0.5875,"Massachusetts",1,"Purple","Fall",0,0,"Store Pickup",1,1,0.755102040816326,"Cash","Monthly","Middle Age",1,0,0,0,1,0,0,0,0,0,0,0,0,1,0,1,0,0,0,0,0,0,0,0,1,0,0
1125,0.461538461538462,1,"Sweater","Clothing",0,"Iowa",2,"Orange","Spring",0.52,0,"Express",1,1,0.795918367346939,"Cash","Quarterly","Middle Age",0,1,0,0,0,1,0,0,0,1,0,0,0,0,0,1,0,0,0,0,0,0,0,0,0,1,0
1126,0.173076923076923,1,"Sandals","Footwear",0.875,"North Dakota",2,"Lavender","Summer",0.0800000000000001,0,"2-Day Shipping",1,1,0.183673469387755,"Bank Transfer","Weekly","Adult",0,0,1,0,0,0,1,0,1,0,0,0,0,0,1,0,0,0,0,0,0,0,0,0,0,0,1
1127,0.0961538461538462,1,"Scarf","Accessories",0.475,"Iowa",3,"Beige","Winter",0.36,0,"Standard",1,1,0.938775510204082,"Venmo","Fortnightly","Young Adult",1,0,0,0,0,0,0,1,0,0,0,0,1,0,0,0,0,0,0,1,0,0,0,1,0,0,0
1128,0.615384615384615,1,"Shirt","Clothing",0.4125,"Delaware",4,"Maroon","Spring",0.92,0,"Store Pickup",1,1,0.428571428571429,"Debit Card","Monthly","Middle Age",0,1,0,0,0,1,0,0,0,0,0,0,0,1,0,0,0,1,0,0,0,0,0,0,1,0,0
1129,0.730769230769231,1,"Gloves","Accessories",0.125,"New York",3,"Charcoal","Winter",0.88,0,"Next Day Air",1,1,0.693877551020408,"Debit Card","Monthly","Senior",1,0,0,0,0,0,0,1,0,0,0,1,0,0,0,0,0,1,0,0,0,0,0,0,1,0,0
1130,0.365384615384615,1,"Hoodie","Clothing",0.5625,"New Hampshire",4,"White","Winter",0.88,0,"Express",1,1,0.918367346938776,"Venmo","Fortnightly","Middle Age",0,1,0,0,0,0,0,1,0,1,0,0,0,0,0,0,0,0,0,1,0,0,0,1,0,0,0
1131,0.942307692307692,1,"Jewelry","Accessories",0.2625,"Kentucky",2,"Lavender","Summer",0.56,0,"Standard",1,1,0.591836734693878,"PayPal","Bi-Weekly","Senior",1,0,0,0,0,0,1,0,0,0,0,0,1,0,0,0,0,0,1,0,0,1,0,0,0,0,0
1132,0.942307692307692,1,"Shirt","Clothing",0.6625,"Illinois",2,"Black","Spring",0.48,0,"Express",1,1,0.387755102040816,"Bank Transfer","Monthly","Senior",0,1,0,0,0,1,0,0,0,1,0,0,0,0,1,0,0,0,0,0,0,0,0,0,1,0,0
1133,0.615384615384615,1,"Hoodie","Clothing",0.975,"North Carolina",1,"Teal","Spring",0.72,0,"Store Pickup",1,1,0.489795918367347,"Cash","Fortnightly","Middle Age",0,1,0,0,0,1,0,0,0,0,0,0,0,1,0,1,0,0,0,0,0,0,0,1,0,0,0
1134,0.346153846153846,1,"Shoes","Footwear",0.2,"Connecticut",4,"Magenta","Winter",0.64,0,"2-Day Shipping",1,1,0.571428571428571,"Cash","Weekly","Middle Age",0,0,1,0,0,0,0,1,1,0,0,0,0,0,0,1,0,0,0,0,0,0,0,0,0,0,1
1135,0.846153846153846,1,"T-shirt","Clothing",0.7625,"Wisconsin",2,"Brown","Summer",0.52,0,"Express",1,1,0.0204081632653061,"Venmo","Every 3 Months","Senior",0,1,0,0,0,0,1,0,0,1,0,0,0,0,0,0,0,0,0,1,0,0,1,0,0,0,0
1136,0.903846153846154,1,"Skirt","Clothing",0.875,"Massachusetts",3,"Peach","Winter",0.44,0,"2-Day Shipping",1,1,0.63265306122449,"Bank Transfer","Quarterly","Senior",0,1,0,0,0,0,0,1,1,0,0,0,0,0,1,0,0,0,0,0,0,0,0,0,0,1,0
1137,0.0961538461538462,1,"Handbag","Accessories",0.7875,"Illinois",1,"Cyan","Summer",0.92,0,"Free Shipping",1,1,0.73469387755102,"Cash","Monthly","Young Adult",1,0,0,0,0,0,1,0,0,0,1,0,0,0,0,1,0,0,0,0,0,0,0,0,1,0,0
1138,0.538461538461538,1,"Shirt","Clothing",0.8875,"New Mexico",4,"Pink","Winter",0.12,0,"2-Day Shipping",1,1,0.306122448979592,"Bank Transfer","Every 3 Months","Middle Age",0,1,0,0,0,0,0,1,1,0,0,0,0,0,1,0,0,0,0,0,0,0,1,0,0,0,0
1139,0,1,"Pants","Clothing",0.2,"Iowa",2,"Purple","Summer",0.88,0,"Express",1,1,0.63265306122449,"Venmo","Fortnightly","Young Adult",0,1,0,0,0,0,1,0,0,1,0,0,0,0,0,0,0,0,0,1,0,0,0,1,0,0,0
1140,0.769230769230769,1,"Coat","Outerwear",0.4125,"Alabama",3,"Purple","Spring",0.56,0,"Standard",1,1,0.836734693877551,"Debit Card","Bi-Weekly","Senior",0,0,0,1,0,1,0,0,0,0,0,0,1,0,0,0,0,1,0,0,0,1,0,0,0,0,0
1141,0.25,1,"Jeans","Clothing",0.2375,"Maryland",2,"White","Winter",0.04,0,"Store Pickup",1,1,0.102040816326531,"Credit Card","Every 3 Months","Adult",0,1,0,0,0,0,0,1,0,0,0,0,0,1,0,0,1,0,0,0,0,0,1,0,0,0,0
1142,0.403846153846154,1,"Gloves","Accessories",0.1625,"Ohio",1,"Silver","Winter",0.88,0,"Next Day Air",1,1,0.448979591836735,"PayPal","Fortnightly","Middle Age",1,0,0,0,0,0,0,1,0,0,0,1,0,0,0,0,0,0,1,0,0,0,0,1,0,0,0
1143,0.980769230769231,1,"T-shirt","Clothing",0.7,"Ohio",3,"Green","Spring",0.4,0,"Store Pickup",1,1,0.530612244897959,"Venmo","Bi-Weekly","Senior",0,1,0,0,0,1,0,0,0,0,0,0,0,1,0,0,0,0,0,1,0,1,0,0,0,0,0
1144,0.961538461538462,1,"Boots","Footwear",0.0375,"Nevada",3,"Teal","Winter",0.76,0,"Standard",1,1,0.857142857142857,"PayPal","Quarterly","Senior",0,0,1,0,0,0,0,1,0,0,0,0,1,0,0,0,0,0,1,0,0,0,0,0,0,1,0
1145,0.442307692307692,1,"Jeans","Clothing",0.425,"South Carolina",1,"Indigo","Fall",0.76,0,"2-Day Shipping",1,1,0.489795918367347,"Bank Transfer","Fortnightly","Middle Age",0,1,0,0,1,0,0,0,1,0,0,0,0,0,1,0,0,0,0,0,0,0,0,1,0,0,0
1146,0.25,1,"Sneakers","Footwear",0.8625,"Nevada",3,"Pink","Summer",0.2,0,"Express",1,1,0.591836734693878,"Cash","Every 3 Months","Adult",0,0,1,0,0,0,1,0,0,1,0,0,0,0,0,1,0,0,0,0,0,0,1,0,0,0,0
1147,0.576923076923077,1,"Sneakers","Footwear",0.225,"Wisconsin",2,"Indigo","Summer",0.68,0,"Standard",1,1,0.122448979591837,"Bank Transfer","Every 3 Months","Middle Age",0,0,1,0,0,0,1,0,0,0,0,0,1,0,1,0,0,0,0,0,0,0,1,0,0,0,0
1148,0.788461538461538,1,"Hat","Accessories",0.2,"Tennessee",4,"Red","Winter",0.72,0,"Next Day Air",1,1,0.326530612244898,"Debit Card","Annually","Senior",1,0,0,0,0,0,0,1,0,0,0,1,0,0,0,0,0,1,0,0,1,0,0,0,0,0,0
1149,0.307692307692308,1,"Pants","Clothing",0.575,"Florida",2,"Violet","Spring",0.04,0,"Store Pickup",1,1,0.183673469387755,"PayPal","Fortnightly","Adult",0,1,0,0,0,1,0,0,0,0,0,0,0,1,0,0,0,0,1,0,0,0,0,1,0,0,0
1150,0.0576923076923077,1,"Jewelry","Accessories",0.275,"Georgia",3,"Cyan","Spring",0.32,0,"Store Pickup",1,1,0.795918367346939,"Venmo","Annually","Young Adult",1,0,0,0,0,1,0,0,0,0,0,0,0,1,0,0,0,0,0,1,1,0,0,0,0,0,0
1151,0.211538461538462,1,"Jewelry","Accessories",0.2,"Kentucky",1,"Red","Winter",0.0800000000000001,0,"Next Day Air",1,1,1,"Venmo","Bi-Weekly","Adult",1,0,0,0,0,0,0,1,0,0,0,1,0,0,0,0,0,0,0,1,0,1,0,0,0,0,0
1152,0.442307692307692,1,"Blouse","Clothing",0.825,"Ohio",2,"Gray","Spring",0.52,0,"Express",1,1,0.469387755102041,"Credit Card","Weekly","Middle Age",0,1,0,0,0,1,0,0,0,1,0,0,0,0,0,0,1,0,0,0,0,0,0,0,0,0,1
1153,0.846153846153846,1,"Handbag","Accessories",0.3625,"Connecticut",2,"Gold","Fall",0.6,0,"Standard",1,1,0.142857142857143,"PayPal","Every 3 Months","Senior",1,0,0,0,1,0,0,0,0,0,0,0,1,0,0,0,0,0,1,0,0,0,1,0,0,0,0
1154,0.173076923076923,1,"Shirt","Clothing",0.2625,"Idaho",2,"Pink","Summer",0.6,0,"Free Shipping",1,1,0.102040816326531,"Bank Transfer","Quarterly","Adult",0,1,0,0,0,0,1,0,0,0,1,0,0,0,1,0,0,0,0,0,0,0,0,0,0,1,0
1155,0.596153846153846,1,"Dress","Clothing",0.775,"Georgia",3,"Cyan","Spring",0.16,0,"2-Day Shipping",1,1,0.877551020408163,"Credit Card","Bi-Weekly","Middle Age",0,1,0,0,0,1,0,0,1,0,0,0,0,0,0,0,1,0,0,0,0,1,0,0,0,0,0
1156,0.942307692307692,1,"T-shirt","Clothing",0.4125,"Tennessee",1,"Red","Fall",0.04,0,"Express",1,1,0.938775510204082,"PayPal","Quarterly","Senior",0,1,0,0,1,0,0,0,0,1,0,0,0,0,0,0,0,0,1,0,0,0,0,0,0,1,0
1157,0.0384615384615385,1,"Shoes","Footwear",0.0125,"Hawaii",2,"Gold","Summer",0.92,0,"Express",1,1,0.102040816326531,"Venmo","Every 3 Months","Young Adult",0,0,1,0,0,0,1,0,0,1,0,0,0,0,0,0,0,0,0,1,0,0,1,0,0,0,0
1158,0.365384615384615,1,"Belt","Accessories",0.575,"Maryland",2,"Charcoal","Fall",0.76,0,"Standard",1,1,0.204081632653061,"Cash","Quarterly","Middle Age",1,0,0,0,1,0,0,0,0,0,0,0,1,0,0,1,0,0,0,0,0,0,0,0,0,1,0
1159,0.980769230769231,1,"Belt","Accessories",0.8625,"Nevada",3,"Orange","Summer",0.6,0,"2-Day Shipping",1,1,0.816326530612245,"Bank Transfer","Annually","Senior",1,0,0,0,0,0,1,0,1,0,0,0,0,0,1,0,0,0,0,0,1,0,0,0,0,0,0
1160,0.923076923076923,1,"Handbag","Accessories",0.4375,"New Hampshire",3,"Blue","Fall",0.44,0,"2-Day Shipping",1,1,0.918367346938776,"Venmo","Every 3 Months","Senior",1,0,0,0,1,0,0,0,1,0,0,0,0,0,0,0,0,0,0,1,0,0,1,0,0,0,0
1161,0.365384615384615,1,"Scarf","Accessories",0.275,"North Dakota",1,"Blue","Summer",0.28,0,"Next Day Air",1,1,0.163265306122449,"Venmo","Bi-Weekly","Middle Age",1,0,0,0,0,0,1,0,0,0,0,1,0,0,0,0,0,0,0,1,0,1,0,0,0,0,0
1162,0.865384615384615,1,"Shorts","Clothing",0.4,"Oklahoma",1,"Orange","Fall",0.24,0,"2-Day Shipping",1,1,0.73469387755102,"PayPal","Monthly","Senior",0,1,0,0,1,0,0,0,1,0,0,0,0,0,0,0,0,0,1,0,0,0,0,0,1,0,0
1163,0.557692307692308,1,"Sandals","Footwear",0.9,"North Carolina",2,"Blue","Winter",0.68,0,"Express",1,1,0.244897959183673,"PayPal","Weekly","Middle Age",0,0,1,0,0,0,0,1,0,1,0,0,0,0,0,0,0,0,1,0,0,0,0,0,0,0,1
1164,0.153846153846154,1,"Pants","Clothing",0.45,"Tennessee",3,"White","Summer",0.2,0,"2-Day Shipping",1,1,0.469387755102041,"Debit Card","Monthly","Adult",0,1,0,0,0,0,1,0,1,0,0,0,0,0,0,0,0,1,0,0,0,0,0,0,1,0,0
1165,0.961538461538462,1,"Dress","Clothing",0.95,"Montana",2,"Green","Winter",0.68,0,"Standard",1,1,0.938775510204082,"PayPal","Quarterly","Senior",0,1,0,0,0,0,0,1,0,0,0,0,1,0,0,0,0,0,1,0,0,0,0,0,0,1,0
1166,0.634615384615385,1,"T-shirt","Clothing",0.55,"Wisconsin",2,"Silver","Winter",0.16,0,"Next Day Air",1,1,0.408163265306122,"Venmo","Every 3 Months","Senior",0,1,0,0,0,0,0,1,0,0,0,1,0,0,0,0,0,0,0,1,0,0,1,0,0,0,0
1167,0.576923076923077,1,"Dress","Clothing",0.35,"Connecticut",1,"Lavender","Winter",0.48,0,"Store Pickup",1,1,0.428571428571429,"Venmo","Fortnightly","Middle Age",0,1,0,0,0,0,0,1,0,0,0,0,0,1,0,0,0,0,0,1,0,0,0,1,0,0,0
1168,0.807692307692308,1,"Socks","Clothing",0.7875,"New Jersey",4,"Beige","Summer",0.44,0,"Free Shipping",1,1,0.306122448979592,"PayPal","Quarterly","Senior",0,1,0,0,0,0,1,0,0,0,1,0,0,0,0,0,0,0,1,0,0,0,0,0,0,1,0
1169,0.961538461538462,1,"Scarf","Accessories",0.8875,"Mississippi",3,"Violet","Summer",0.44,0,"Standard",1,1,0.73469387755102,"Debit Card","Fortnightly","Senior",1,0,0,0,0,0,1,0,0,0,0,0,1,0,0,0,0,1,0,0,0,0,0,1,0,0,0
1170,0.134615384615385,1,"Backpack","Accessories",0.925,"Wyoming",1,"Gray","Fall",0.8,0,"2-Day Shipping",1,1,0.0408163265306122,"Cash","Annually","Young Adult",1,0,0,0,1,0,0,0,1,0,0,0,0,0,0,1,0,0,0,0,1,0,0,0,0,0,0
1171,0.75,1,"Skirt","Clothing",0.525,"Illinois",1,"Red","Spring",0.28,0,"Express",1,1,0.653061224489796,"Cash","Bi-Weekly","Senior",0,1,0,0,0,1,0,0,0,1,0,0,0,0,0,1,0,0,0,0,0,1,0,0,0,0,0
1172,0.442307692307692,1,"Socks","Clothing",0.4375,"Louisiana",2,"Lavender","Spring",0.56,0,"Next Day Air",1,1,0.285714285714286,"Debit Card","Annually","Middle Age",0,1,0,0,0,1,0,0,0,0,0,1,0,0,0,0,0,1,0,0,1,0,0,0,0,0,0
1173,0.788461538461538,1,"Coat","Outerwear",0.6,"Oregon",3,"Peach","Spring",0.84,0,"Store Pickup",1,1,0.836734693877551,"Bank Transfer","Bi-Weekly","Senior",0,0,0,1,0,1,0,0,0,0,0,0,0,1,1,0,0,0,0,0,0,1,0,0,0,0,0
1174,0.5,1,"Jewelry","Accessories",0.7,"South Dakota",2,"Indigo","Winter",0,0,"Express",1,1,0.836734693877551,"Cash","Bi-Weekly","Middle Age",1,0,0,0,0,0,0,1,0,1,0,0,0,0,0,1,0,0,0,0,0,1,0,0,0,0,0
1175,0.461538461538462,1,"Backpack","Accessories",0.1375,"Michigan",2,"Black","Winter",0.72,0,"Express",1,1,0.36734693877551,"Bank Transfer","Bi-Weekly","Middle Age",1,0,0,0,0,0,0,1,0,1,0,0,0,0,1,0,0,0,0,0,0,1,0,0,0,0,0
1176,0.326923076923077,1,"Belt","Accessories",0.7625,"New Jersey",2,"Beige","Spring",0.64,0,"Store Pickup",1,1,0.510204081632653,"PayPal","Quarterly","Adult",1,0,0,0,0,1,0,0,0,0,0,0,0,1,0,0,0,0,1,0,0,0,0,0,0,1,0
1177,0.346153846153846,1,"Dress","Clothing",0.7875,"Oregon",2,"Red","Winter",0.52,0,"Free Shipping",1,1,0.775510204081633,"PayPal","Quarterly","Middle Age",0,1,0,0,0,0,0,1,0,0,1,0,0,0,0,0,0,0,1,0,0,0,0,0,0,1,0
1178,0.692307692307692,1,"Skirt","Clothing",0.0125,"Iowa",2,"Black","Spring",0.92,0,"Standard",1,1,0.469387755102041,"Debit Card","Monthly","Senior",0,1,0,0,0,1,0,0,0,0,0,0,1,0,0,0,0,1,0,0,0,0,0,0,1,0,0
1179,0.365384615384615,1,"Dress","Clothing",0.025,"South Carolina",2,"Teal","Spring",0.96,0,"Express",1,1,0.448979591836735,"Debit Card","Annually","Middle Age",0,1,0,0,0,1,0,0,0,1,0,0,0,0,0,0,0,1,0,0,1,0,0,0,0,0,0
1180,0.0384615384615385,1,"T-shirt","Clothing",0.1625,"Indiana",2,"Blue","Summer",0.12,0,"Free Shipping",1,1,0.877551020408163,"Bank Transfer","Annually","Young Adult",0,1,0,0,0,0,1,0,0,0,1,0,0,0,1,0,0,0,0,0,1,0,0,0,0,0,0
1181,0.0961538461538462,1,"Skirt","Clothing",0.0375,"Oregon",1,"Beige","Spring",0.96,0,"Standard",1,1,0.673469387755102,"Cash","Monthly","Young Adult",0,1,0,0,0,1,0,0,0,0,0,0,1,0,0,1,0,0,0,0,0,0,0,0,1,0,0
1182,0.826923076923077,1,"Shorts","Clothing",0.95,"New York",3,"Teal","Summer",0.4,0,"Free Shipping",1,1,0.857142857142857,"Bank Transfer","Quarterly","Senior",0,1,0,0,0,0,1,0,0,0,1,0,0,0,1,0,0,0,0,0,0,0,0,0,0,1,0
1183,0.365384615384615,1,"Jewelry","Accessories",0.0125,"New Mexico",2,"Maroon","Spring",0.52,0,"Express",1,1,0.897959183673469,"PayPal","Quarterly","Middle Age",1,0,0,0,0,1,0,0,0,1,0,0,0,0,0,0,0,0,1,0,0,0,0,0,0,1,0
1184,0.0961538461538462,1,"Pants","Clothing",0.2375,"Louisiana",2,"Yellow","Spring",0.8,0,"2-Day Shipping",1,1,0.0612244897959184,"Credit Card","Weekly","Young Adult",0,1,0,0,0,1,0,0,1,0,0,0,0,0,0,0,1,0,0,0,0,0,0,0,0,0,1
1185,0.865384615384615,1,"Belt","Accessories",0.6625,"South Carolina",1,"Indigo","Fall",0.36,0,"Express",1,1,0.36734693877551,"Credit Card","Annually","Senior",1,0,0,0,1,0,0,0,0,1,0,0,0,0,0,0,1,0,0,0,1,0,0,0,0,0,0
1186,0.557692307692308,1,"Jeans","Clothing",0.55,"Maine",2,"Magenta","Spring",0.56,0,"Standard",1,1,0.571428571428571,"Credit Card","Monthly","Middle Age",0,1,0,0,0,1,0,0,0,0,0,0,1,0,0,0,1,0,0,0,0,0,0,0,1,0,0
1187,0.865384615384615,1,"Jeans","Clothing",0.6,"Indiana",2,"Beige","Summer",0.64,0,"2-Day Shipping",1,1,0.530612244897959,"Credit Card","Annually","Senior",0,1,0,0,0,0,1,0,1,0,0,0,0,0,0,0,1,0,0,0,1,0,0,0,0,0,0
1188,0.730769230769231,1,"Hat","Accessories",0.8625,"Iowa",3,"Maroon","Fall",0.2,0,"Express",1,1,0.73469387755102,"Credit Card","Every 3 Months","Senior",1,0,0,0,1,0,0,0,0,1,0,0,0,0,0,0,1,0,0,0,0,0,1,0,0,0,0
1189,0.961538461538462,1,"Blouse","Clothing",0.1125,"Mississippi",2,"Magenta","Summer",0.32,0,"Next Day Air",1,1,0.204081632653061,"Credit Card","Weekly","Senior",0,1,0,0,0,0,1,0,0,0,0,1,0,0,0,0,1,0,0,0,0,0,0,0,0,0,1
1190,0.884615384615385,1,"Shirt","Clothing",0.9625,"Arkansas",4,"Teal","Summer",0.52,0,"Free Shipping",1,1,0.551020408163265,"Debit Card","Annually","Senior",0,1,0,0,0,0,1,0,0,0,1,0,0,0,0,0,0,1,0,0,1,0,0,0,0,0,0
1191,0.846153846153846,1,"Shirt","Clothing",0.3125,"South Carolina",2,"Orange","Winter",0.72,0,"Next Day Air",1,1,0.612244897959184,"Credit Card","Weekly","Senior",0,1,0,0,0,0,0,1,0,0,0,1,0,0,0,0,1,0,0,0,0,0,0,0,0,0,1
1192,0.307692307692308,1,"T-shirt","Clothing",0.625,"Indiana",3,"Charcoal","Winter",0.64,0,"Free Shipping",1,1,1,"Venmo","Quarterly","Adult",0,1,0,0,0,0,0,1,0,0,1,0,0,0,0,0,0,0,0,1,0,0,0,0,0,1,0
1193,0.596153846153846,1,"Coat","Outerwear",0.45,"Florida",2,"Turquoise","Summer",0.6,0,"2-Day Shipping",1,1,0.836734693877551,"Venmo","Quarterly","Middle Age",0,0,0,1,0,0,1,0,1,0,0,0,0,0,0,0,0,0,0,1,0,0,0,0,0,1,0
1194,0.423076923076923,1,"Jacket","Outerwear",0.4375,"Alaska",3,"Pink","Fall",1,0,"2-Day Shipping",1,1,0.346938775510204,"Credit Card","Fortnightly","Middle Age",0,0,0,1,1,0,0,0,1,0,0,0,0,0,0,0,1,0,0,0,0,0,0,1,0,0,0
1195,0.615384615384615,1,"Hoodie","Clothing",0.325,"New York",1,"Teal","Winter",0.24,0,"2-Day Shipping",1,1,0.102040816326531,"Credit Card","Fortnightly","Middle Age",0,1,0,0,0,0,0,1,1,0,0,0,0,0,0,0,1,0,0,0,0,0,0,1,0,0,0
1196,0.134615384615385,1,"Scarf","Accessories",0.9375,"Texas",2,"White","Winter",0.6,0,"2-Day Shipping",1,1,0.653061224489796,"Venmo","Monthly","Young Adult",1,0,0,0,0,0,0,1,1,0,0,0,0,0,0,0,0,0,0,1,0,0,0,0,1,0,0
1197,0.230769230769231,1,"Belt","Accessories",0.85,"North Dakota",2,"Maroon","Winter",0.28,0,"2-Day Shipping",1,1,0.244897959183673,"Bank Transfer","Bi-Weekly","Adult",1,0,0,0,0,0,0,1,1,0,0,0,0,0,1,0,0,0,0,0,0,1,0,0,0,0,0
1198,0.692307692307692,1,"Sneakers","Footwear",0.9,"Vermont",3,"Violet","Fall",0.56,0,"Standard",1,1,0.510204081632653,"PayPal","Annually","Senior",0,0,1,0,1,0,0,0,0,0,0,0,1,0,0,0,0,0,1,0,1,0,0,0,0,0,0
1199,0.423076923076923,1,"Socks","Clothing",0.3625,"New Jersey",2,"Brown","Summer",0.56,0,"2-Day Shipping",1,1,0.326530612244898,"Cash","Annually","Middle Age",0,1,0,0,0,0,1,0,1,0,0,0,0,0,0,1,0,0,0,0,1,0,0,0,0,0,0
1200,0.596153846153846,1,"Sandals","Footwear",0.8625,"Maryland",2,"Indigo","Fall",0.8,0,"Free Shipping",1,1,0.0408163265306122,"Debit Card","Weekly","Middle Age",0,0,1,0,1,0,0,0,0,0,1,0,0,0,0,0,0,1,0,0,0,0,0,0,0,0,1
1201,0.173076923076923,1,"Coat","Outerwear",0.025,"Connecticut",4,"Black","Winter",0.76,0,"Store Pickup",1,1,0.122448979591837,"PayPal","Weekly","Adult",0,0,0,1,0,0,0,1,0,0,0,0,0,1,0,0,0,0,1,0,0,0,0,0,0,0,1
1202,0.173076923076923,1,"Shoes","Footwear",0.5125,"Illinois",4,"Black","Summer",0.24,0,"2-Day Shipping",1,1,0.918367346938776,"Venmo","Fortnightly","Adult",0,0,1,0,0,0,1,0,1,0,0,0,0,0,0,0,0,0,0,1,0,0,0,1,0,0,0
1203,0.576923076923077,1,"Scarf","Accessories",0.1125,"Maryland",1,"Olive","Spring",0.16,0,"Standard",1,1,0.26530612244898,"Venmo","Every 3 Months","Middle Age",1,0,0,0,0,1,0,0,0,0,0,0,1,0,0,0,0,0,0,1,0,0,1,0,0,0,0
1204,0.423076923076923,1,"Sneakers","Footwear",0.775,"Minnesota",2,"Orange","Winter",0.48,0,"Free Shipping",1,1,0.448979591836735,"Bank Transfer","Annually","Middle Age",0,0,1,0,0,0,0,1,0,0,1,0,0,0,1,0,0,0,0,0,1,0,0,0,0,0,0
1205,0.942307692307692,1,"Belt","Accessories",0.925,"Florida",2,"Pink","Spring",0.28,0,"2-Day Shipping",1,1,0.387755102040816,"Credit Card","Every 3 Months","Senior",1,0,0,0,0,1,0,0,1,0,0,0,0,0,0,0,1,0,0,0,0,0,1,0,0,0,0
1206,0.653846153846154,1,"Handbag","Accessories",0.9875,"California",2,"Olive","Spring",0.4,0,"Standard",1,1,0.755102040816326,"Bank Transfer","Fortnightly","Senior",1,0,0,0,0,1,0,0,0,0,0,0,1,0,1,0,0,0,0,0,0,0,0,1,0,0,0
1207,0.0769230769230769,1,"Handbag","Accessories",0.4875,"Mississippi",1,"Cyan","Fall",0.2,0,"Free Shipping",1,1,0.306122448979592,"Venmo","Every 3 Months","Young Adult",1,0,0,0,1,0,0,0,0,0,1,0,0,0,0,0,0,0,0,1,0,0,1,0,0,0,0
1208,0.846153846153846,1,"Boots","Footwear",0.875,"Washington",2,"White","Summer",0.64,0,"Next Day Air",1,1,0.959183673469388,"Credit Card","Every 3 Months","Senior",0,0,1,0,0,0,1,0,0,0,0,1,0,0,0,0,1,0,0,0,0,0,1,0,0,0,0
1209,0.0384615384615385,1,"Boots","Footwear",1,"Wisconsin",1,"Red","Winter",0.52,0,"2-Day Shipping",1,1,0.142857142857143,"Debit Card","Annually","Young Adult",0,0,1,0,0,0,0,1,1,0,0,0,0,0,0,0,0,1,0,0,1,0,0,0,0,0,0
1210,0.442307692307692,1,"Pants","Clothing",0.525,"Pennsylvania",2,"Blue","Winter",0.52,0,"Next Day Air",1,1,0.306122448979592,"Bank Transfer","Monthly","Middle Age",0,1,0,0,0,0,0,1,0,0,0,1,0,0,1,0,0,0,0,0,0,0,0,0,1,0,0
1211,0.307692307692308,1,"Sunglasses","Accessories",0.725,"Missouri",2,"Olive","Fall",0.64,0,"Next Day Air",1,1,0.0816326530612245,"Cash","Quarterly","Adult",1,0,0,0,1,0,0,0,0,0,0,1,0,0,0,1,0,0,0,0,0,0,0,0,0,1,0
1212,0.0961538461538462,1,"Hoodie","Clothing",0.925,"Oklahoma",2,"Green","Spring",0.84,0,"Store Pickup",1,1,0.26530612244898,"Venmo","Every 3 Months","Young Adult",0,1,0,0,0,1,0,0,0,0,0,0,0,1,0,0,0,0,0,1,0,0,1,0,0,0,0
1213,0.269230769230769,1,"Shoes","Footwear",0.675,"Pennsylvania",2,"Yellow","Summer",0,0,"Free Shipping",1,1,0.346938775510204,"Credit Card","Weekly","Adult",0,0,1,0,0,0,1,0,0,0,1,0,0,0,0,0,1,0,0,0,0,0,0,0,0,0,1
1214,0.961538461538462,1,"Handbag","Accessories",0.4,"Kentucky",4,"Black","Spring",0.48,0,"Express",1,1,0.26530612244898,"Debit Card","Every 3 Months","Senior",1,0,0,0,0,1,0,0,0,1,0,0,0,0,0,0,0,1,0,0,0,0,1,0,0,0,0
1215,0.230769230769231,1,"Jacket","Outerwear",0.7625,"Vermont",2,"Blue","Fall",0.52,0,"Free Shipping",1,1,0.0816326530612245,"Cash","Every 3 Months","Adult",0,0,0,1,1,0,0,0,0,0,1,0,0,0,0,1,0,0,0,0,0,0,1,0,0,0,0
1216,0.923076923076923,1,"Blouse","Clothing",0,"Oregon",3,"Pink","Winter",0.04,0,"2-Day Shipping",1,1,0.285714285714286,"Credit Card","Every 3 Months","Senior",0,1,0,0,0,0,0,1,1,0,0,0,0,0,0,0,1,0,0,0,0,0,1,0,0,0,0
1217,0.846153846153846,1,"Pants","Clothing",0.15,"Utah",4,"Lavender","Summer",0.48,0,"Free Shipping",1,1,0.0408163265306122,"Venmo","Every 3 Months","Senior",0,1,0,0,0,0,1,0,0,0,1,0,0,0,0,0,0,0,0,1,0,0,1,0,0,0,0
1218,0.615384615384615,1,"Boots","Footwear",0.5375,"Nebraska",4,"Cyan","Fall",0.04,0,"Free Shipping",1,1,0.224489795918367,"Cash","Every 3 Months","Middle Age",0,0,1,0,1,0,0,0,0,0,1,0,0,0,0,1,0,0,0,0,0,0,1,0,0,0,0
1219,0.711538461538462,1,"Boots","Footwear",0.7375,"Pennsylvania",2,"Cyan","Spring",0.24,0,"Store Pickup",1,1,0.857142857142857,"Cash","Every 3 Months","Senior",0,0,1,0,0,1,0,0,0,0,0,0,0,1,0,1,0,0,0,0,0,0,1,0,0,0,0
1220,0.0192307692307692,1,"Sweater","Clothing",0.0375,"Vermont",2,"Gold","Winter",0,0,"Next Day Air",1,1,0.693877551020408,"Credit Card","Bi-Weekly","Young Adult",0,1,0,0,0,0,0,1,0,0,0,1,0,0,0,0,1,0,0,0,0,1,0,0,0,0,0
1221,0.942307692307692,1,"Gloves","Accessories",0.55,"Kentucky",2,"Green","Winter",0.52,0,"Express",1,1,0.714285714285714,"Bank Transfer","Quarterly","Senior",1,0,0,0,0,0,0,1,0,1,0,0,0,0,1,0,0,0,0,0,0,0,0,0,0,1,0
1222,0,1,"Socks","Clothing",0.6125,"Iowa",2,"Red","Winter",0.8,0,"Standard",1,1,0.0408163265306122,"Cash","Quarterly","Young Adult",0,1,0,0,0,0,0,1,0,0,0,0,1,0,0,1,0,0,0,0,0,0,0,0,0,1,0
1223,0.769230769230769,1,"Jeans","Clothing",0.6125,"Indiana",3,"Magenta","Fall",0.36,0,"Store Pickup",1,1,0.530612244897959,"Bank Transfer","Annually","Senior",0,1,0,0,1,0,0,0,0,0,0,0,0,1,1,0,0,0,0,0,1,0,0,0,0,0,0
1224,0.980769230769231,1,"Pants","Clothing",0.05,"Kansas",3,"Red","Winter",0.56,0,"Free Shipping",1,1,0.408163265306122,"Bank Transfer","Weekly","Senior",0,1,0,0,0,0,0,1,0,0,1,0,0,0,1,0,0,0,0,0,0,0,0,0,0,0,1
1225,0.846153846153846,1,"Shorts","Clothing",0.375,"Illinois",2,"Yellow","Summer",0.48,0,"Store Pickup",1,1,0.346938775510204,"Venmo","Weekly","Senior",0,1,0,0,0,0,1,0,0,0,0,0,0,1,0,0,0,0,0,1,0,0,0,0,0,0,1
1226,0.192307692307692,1,"Gloves","Accessories",0.9625,"North Carolina",1,"Turquoise","Fall",0.04,0,"Free Shipping",1,1,0.306122448979592,"Debit Card","Weekly","Adult",1,0,0,0,1,0,0,0,0,0,1,0,0,0,0,0,0,1,0,0,0,0,0,0,0,0,1
1227,0.673076923076923,1,"Sandals","Footwear",0.8875,"Ohio",1,"Cyan","Fall",0.36,0,"Store Pickup",1,1,0.346938775510204,"Venmo","Bi-Weekly","Senior",0,0,1,0,1,0,0,0,0,0,0,0,0,1,0,0,0,0,0,1,0,1,0,0,0,0,0
1228,0.173076923076923,1,"Blouse","Clothing",0.2125,"Illinois",3,"Yellow","Spring",0.96,0,"Store Pickup",1,1,0.36734693877551,"Bank Transfer","Bi-Weekly","Adult",0,1,0,0,0,1,0,0,0,0,0,0,0,1,1,0,0,0,0,0,0,1,0,0,0,0,0
1229,0.711538461538462,1,"Jacket","Outerwear",0.4375,"Indiana",1,"Yellow","Winter",0.56,0,"Express",1,1,0,"Cash","Annually","Senior",0,0,0,1,0,0,0,1,0,1,0,0,0,0,0,1,0,0,0,0,1,0,0,0,0,0,0
1230,0.307692307692308,1,"Jewelry","Accessories",0.4,"Kansas",4,"Maroon","Winter",0.44,0,"Express",1,1,0.775510204081633,"Bank Transfer","Annually","Adult",1,0,0,0,0,0,0,1,0,1,0,0,0,0,1,0,0,0,0,0,1,0,0,0,0,0,0
1231,0.134615384615385,1,"Hat","Accessories",0.75,"Illinois",3,"Brown","Spring",0.52,0,"Standard",1,1,0.979591836734694,"Venmo","Monthly","Young Adult",1,0,0,0,0,1,0,0,0,0,0,0,1,0,0,0,0,0,0,1,0,0,0,0,1,0,0
1232,0.923076923076923,1,"Socks","Clothing",0.7375,"Pennsylvania",2,"Gold","Spring",0.6,0,"2-Day Shipping",1,1,0.857142857142857,"Credit Card","Fortnightly","Senior",0,1,0,0,0,1,0,0,1,0,0,0,0,0,0,0,1,0,0,0,0,0,0,1,0,0,0
1233,0.75,1,"Handbag","Accessories",0.0375,"New York",2,"Charcoal","Summer",0.44,0,"Free Shipping",1,1,0.612244897959184,"Debit Card","Every 3 Months","Senior",1,0,0,0,0,0,1,0,0,0,1,0,0,0,0,0,0,1,0,0,0,0,1,0,0,0,0
1234,0.538461538461538,1,"Pants","Clothing",0.6625,"Utah",3,"Beige","Winter",0.4,0,"Next Day Air",1,1,0.795918367346939,"Venmo","Every 3 Months","Middle Age",0,1,0,0,0,0,0,1,0,0,0,1,0,0,0,0,0,0,0,1,0,0,1,0,0,0,0
1235,0.384615384615385,1,"Gloves","Accessories",0.9875,"New Jersey",2,"Indigo","Fall",0.64,0,"Store Pickup",1,1,0.0204081632653061,"Bank Transfer","Bi-Weekly","Middle Age",1,0,0,0,1,0,0,0,0,0,0,0,0,1,1,0,0,0,0,0,0,1,0,0,0,0,0
1236,0.0961538461538462,1,"Sweater","Clothing",0.025,"Idaho",2,"Red","Spring",0.2,0,"Store Pickup",1,1,0.918367346938776,"PayPal","Every 3 Months","Young Adult",0,1,0,0,0,1,0,0,0,0,0,0,0,1,0,0,0,0,1,0,0,0,1,0,0,0,0
1237,0.461538461538462,1,"Hat","Accessories",0.6,"New Mexico",2,"White","Summer",0.76,0,"Store Pickup",1,1,0.693877551020408,"Debit Card","Every 3 Months","Middle Age",1,0,0,0,0,0,1,0,0,0,0,0,0,1,0,0,0,1,0,0,0,0,1,0,0,0,0
1238,0.134615384615385,1,"Dress","Clothing",0.9,"Michigan",1,"Charcoal","Spring",0.76,0,"2-Day Shipping",1,1,0.836734693877551,"Credit Card","Quarterly","Young Adult",0,1,0,0,0,1,0,0,1,0,0,0,0,0,0,0,1,0,0,0,0,0,0,0,0,1,0
1239,0.711538461538462,1,"Pants","Clothing",0.7125,"Wyoming",2,"Violet","Winter",0.48,0,"Express",1,1,0.0408163265306122,"Venmo","Fortnightly","Senior",0,1,0,0,0,0,0,1,0,1,0,0,0,0,0,0,0,0,0,1,0,0,0,1,0,0,0
1240,0.846153846153846,1,"Coat","Outerwear",0.2125,"New Jersey",4,"Magenta","Spring",0.92,0,"Standard",1,1,0.63265306122449,"Debit Card","Every 3 Months","Senior",0,0,0,1,0,1,0,0,0,0,0,0,1,0,0,0,0,1,0,0,0,0,1,0,0,0,0
1241,0.442307692307692,1,"Scarf","Accessories",0.7375,"New Jersey",3,"White","Winter",0.16,0,"Store Pickup",1,1,0.959183673469388,"Debit Card","Annually","Middle Age",1,0,0,0,0,0,0,1,0,0,0,0,0,1,0,0,0,1,0,0,1,0,0,0,0,0,0
1242,0.769230769230769,1,"Hoodie","Clothing",0.3875,"Hawaii",4,"Pink","Winter",0.24,0,"Express",1,1,0.673469387755102,"Credit Card","Weekly","Senior",0,1,0,0,0,0,0,1,0,1,0,0,0,0,0,0,1,0,0,0,0,0,0,0,0,0,1
1243,0.730769230769231,1,"Socks","Clothing",0.0875,"Nevada",2,"Lavender","Summer",0.6,0,"Next Day Air",1,1,0.285714285714286,"Bank Transfer","Quarterly","Senior",0,1,0,0,0,0,1,0,0,0,0,1,0,0,1,0,0,0,0,0,0,0,0,0,0,1,0
1244,0.134615384615385,1,"Blouse","Clothing",0.0375,"New Hampshire",1,"Pink","Spring",0.2,0,"Store Pickup",1,1,0.428571428571429,"Debit Card","Annually","Young Adult",0,1,0,0,0,1,0,0,0,0,0,0,0,1,0,0,0,1,0,0,1,0,0,0,0,0,0
1245,1,1,"Socks","Clothing",0.7,"Indiana",1,"Silver","Summer",0.56,0,"2-Day Shipping",1,1,0.0204081632653061,"Cash","Monthly","Senior",0,1,0,0,0,0,1,0,1,0,0,0,0,0,0,1,0,0,0,0,0,0,0,0,1,0,0
1246,0.461538461538462,1,"Dress","Clothing",0.1375,"New York",2,"Violet","Fall",0.36,0,"Standard",1,1,0.591836734693878,"Bank Transfer","Weekly","Middle Age",0,1,0,0,1,0,0,0,0,0,0,0,1,0,1,0,0,0,0,0,0,0,0,0,0,0,1
1247,0.173076923076923,1,"Hoodie","Clothing",0.5,"Louisiana",2,"Charcoal","Winter",0.0800000000000001,0,"Standard",1,1,0.530612244897959,"Cash","Monthly","Adult",0,1,0,0,0,0,0,1,0,0,0,0,1,0,0,1,0,0,0,0,0,0,0,0,1,0,0
1248,0.903846153846154,1,"T-shirt","Clothing",0.9875,"Virginia",2,"Charcoal","Spring",0.52,0,"Express",1,1,0.346938775510204,"Venmo","Bi-Weekly","Senior",0,1,0,0,0,1,0,0,0,1,0,0,0,0,0,0,0,0,0,1,0,1,0,0,0,0,0
1249,0.846153846153846,1,"Hat","Accessories",0.2125,"Wisconsin",4,"Red","Winter",0.2,0,"Free Shipping",1,1,0.142857142857143,"Credit Card","Annually","Senior",1,0,0,0,0,0,0,1,0,0,1,0,0,0,0,0,1,0,0,0,1,0,0,0,0,0,0
1250,0.846153846153846,1,"Boots","Footwear",0.375,"Oregon",2,"Peach","Winter",0.8,0,"Express",1,1,0.959183673469388,"Venmo","Fortnightly","Senior",0,0,1,0,0,0,0,1,0,1,0,0,0,0,0,0,0,0,0,1,0,0,0,1,0,0,0
1251,0.653846153846154,1,"Jeans","Clothing",0.075,"New Hampshire",4,"Purple","Winter",0.64,0,"Free Shipping",1,1,0.469387755102041,"Cash","Monthly","Senior",0,1,0,0,0,0,0,1,0,0,1,0,0,0,0,1,0,0,0,0,0,0,0,0,1,0,0
1252,0.730769230769231,1,"Shorts","Clothing",0.825,"Indiana",4,"Orange","Spring",1,0,"Next Day Air",1,1,0.857142857142857,"Credit Card","Monthly","Senior",0,1,0,0,0,1,0,0,0,0,0,1,0,0,0,0,1,0,0,0,0,0,0,0,1,0,0
1253,0.192307692307692,1,"Sandals","Footwear",0.2625,"Massachusetts",3,"Magenta","Fall",0.6,0,"Standard",1,1,0.142857142857143,"Cash","Quarterly","Adult",0,0,1,0,1,0,0,0,0,0,0,0,1,0,0,1,0,0,0,0,0,0,0,0,0,1,0
1254,0.403846153846154,1,"Sandals","Footwear",0.0375,"Montana",4,"Red","Winter",0.96,0,"Express",1,1,0.979591836734694,"PayPal","Annually","Middle Age",0,0,1,0,0,0,0,1,0,1,0,0,0,0,0,0,0,0,1,0,1,0,0,0,0,0,0
1255,0.692307692307692,1,"Sneakers","Footwear",0.45,"California",4,"Black","Spring",0.32,0,"2-Day Shipping",1,1,0.0204081632653061,"Credit Card","Bi-Weekly","Senior",0,0,1,0,0,1,0,0,1,0,0,0,0,0,0,0,1,0,0,0,0,1,0,0,0,0,0
1256,0.230769230769231,1,"Hat","Accessories",0.6,"Indiana",2,"Peach","Fall",0.64,0,"Standard",1,1,0.755102040816326,"Cash","Fortnightly","Adult",1,0,0,0,1,0,0,0,0,0,0,0,1,0,0,1,0,0,0,0,0,0,0,1,0,0,0
1257,0.519230769230769,1,"Coat","Outerwear",0.35,"West Virginia",1,"Olive","Winter",0.44,0,"Express",1,1,0.0612244897959184,"Cash","Fortnightly","Middle Age",0,0,0,1,0,0,0,1,0,1,0,0,0,0,0,1,0,0,0,0,0,0,0,1,0,0,0
1258,0.961538461538462,1,"Dress","Clothing",0.5875,"Minnesota",3,"Gold","Spring",0.2,0,"Free Shipping",1,1,0.612244897959184,"Cash","Every 3 Months","Senior",0,1,0,0,0,1,0,0,0,0,1,0,0,0,0,1,0,0,0,0,0,0,1,0,0,0,0
1259,0.557692307692308,1,"Boots","Footwear",0.8375,"Ohio",4,"Gold","Spring",0.64,0,"2-Day Shipping",1,1,0.673469387755102,"Debit Card","Every 3 Months","Middle Age",0,0,1,0,0,1,0,0,1,0,0,0,0,0,0,0,0,1,0,0,0,0,1,0,0,0,0
1260,0.961538461538462,1,"Skirt","Clothing",0.55,"Minnesota",2,"Turquoise","Fall",0.56,0,"Standard",1,1,0.897959183673469,"Credit Card","Monthly","Senior",0,1,0,0,1,0,0,0,0,0,0,0,1,0,0,0,1,0,0,0,0,0,0,0,1,0,0
1261,0.865384615384615,1,"Shirt","Clothing",0.9125,"Virginia",4,"Green","Spring",0.64,0,"Store Pickup",1,1,0.591836734693878,"Debit Card","Quarterly","Senior",0,1,0,0,0,1,0,0,0,0,0,0,0,1,0,0,0,1,0,0,0,0,0,0,0,1,0
1262,0.0384615384615385,1,"Shirt","Clothing",0.1125,"Connecticut",3,"Maroon","Summer",0.12,0,"Next Day Air",1,1,0.0204081632653061,"Credit Card","Fortnightly","Young Adult",0,1,0,0,0,0,1,0,0,0,0,1,0,0,0,0,1,0,0,0,0,0,0,1,0,0,0
1263,0.211538461538462,1,"Boots","Footwear",0.525,"Tennessee",3,"Brown","Winter",0.92,0,"Store Pickup",1,1,0.877551020408163,"Venmo","Monthly","Adult",0,0,1,0,0,0,0,1,0,0,0,0,0,1,0,0,0,0,0,1,0,0,0,0,1,0,0
1264,0.442307692307692,1,"Hoodie","Clothing",0.625,"Delaware",3,"Brown","Winter",0.84,0,"2-Day Shipping",1,1,0,"Credit Card","Bi-Weekly","Middle Age",0,1,0,0,0,0,0,1,1,0,0,0,0,0,0,0,1,0,0,0,0,1,0,0,0,0,0
1265,0.653846153846154,1,"Sweater","Clothing",0.9,"Vermont",1,"Blue","Winter",0,0,"Next Day Air",1,1,0,"Venmo","Bi-Weekly","Senior",0,1,0,0,0,0,0,1,0,0,0,1,0,0,0,0,0,0,0,1,0,1,0,0,0,0,0
1266,0.269230769230769,1,"Shirt","Clothing",0.7375,"Louisiana",2,"Lavender","Spring",0.0800000000000001,0,"Next Day Air",1,1,0.530612244897959,"Bank Transfer","Weekly","Adult",0,1,0,0,0,1,0,0,0,0,0,1,0,0,1,0,0,0,0,0,0,0,0,0,0,0,1
1267,0.0384615384615385,1,"Blouse","Clothing",0.1375,"North Dakota",2,"Peach","Fall",0.6,0,"Standard",1,1,0.26530612244898,"Debit Card","Every 3 Months","Young Adult",0,1,0,0,1,0,0,0,0,0,0,0,1,0,0,0,0,1,0,0,0,0,1,0,0,0,0
1268,0.557692307692308,1,"T-shirt","Clothing",0.7875,"Oregon",1,"Gray","Spring",0.0800000000000001,0,"Standard",1,1,0.816326530612245,"Cash","Weekly","Middle Age",0,1,0,0,0,1,0,0,0,0,0,0,1,0,0,1,0,0,0,0,0,0,0,0,0,0,1
1269,0.0961538461538462,1,"Jacket","Outerwear",0.85,"Idaho",4,"Charcoal","Winter",0.16,0,"Next Day Air",1,1,0.489795918367347,"Debit Card","Bi-Weekly","Young Adult",0,0,0,1,0,0,0,1,0,0,0,1,0,0,0,0,0,1,0,0,0,1,0,0,0,0,0
1270,0.480769230769231,1,"Jewelry","Accessories",0.4125,"Vermont",2,"Lavender","Spring",0.2,0,"Standard",1,1,0.938775510204082,"PayPal","Quarterly","Middle Age",1,0,0,0,0,1,0,0,0,0,0,0,1,0,0,0,0,0,1,0,0,0,0,0,0,1,0
1271,0.942307692307692,1,"Hoodie","Clothing",0.975,"West Virginia",2,"Green","Fall",0.32,0,"Standard",1,1,0.387755102040816,"Cash","Annually","Senior",0,1,0,0,1,0,0,0,0,0,0,0,1,0,0,1,0,0,0,0,1,0,0,0,0,0,0
1272,1,1,"Jewelry","Accessories",0.4625,"Kentucky",1,"Gray","Spring",0.72,0,"Store Pickup",1,1,0.836734693877551,"PayPal","Annually","Senior",1,0,0,0,0,1,0,0,0,0,0,0,0,1,0,0,0,0,1,0,1,0,0,0,0,0,0
1273,0.326923076923077,1,"Sandals","Footwear",0.75,"Wisconsin",2,"Orange","Winter",0.76,0,"Express",1,1,0.306122448979592,"Bank Transfer","Monthly","Adult",0,0,1,0,0,0,0,1,0,1,0,0,0,0,1,0,0,0,0,0,0,0,0,0,1,0,0
1274,0.442307692307692,1,"Jeans","Clothing",0.1125,"Mississippi",3,"Silver","Spring",0.64,0,"Next Day Air",1,1,0.63265306122449,"Credit Card","Every 3 Months","Middle Age",0,1,0,0,0,1,0,0,0,0,0,1,0,0,0,0,1,0,0,0,0,0,1,0,0,0,0
1275,0.692307692307692,1,"Hat","Accessories",0.6625,"Missouri",2,"Olive","Spring",0.24,0,"2-Day Shipping",1,1,0.73469387755102,"PayPal","Quarterly","Senior",1,0,0,0,0,1,0,0,1,0,0,0,0,0,0,0,0,0,1,0,0,0,0,0,0,1,0
1276,0.711538461538462,1,"Sweater","Clothing",0.15,"Arkansas",1,"Turquoise","Fall",0.8,0,"Standard",1,1,0,"PayPal","Monthly","Senior",0,1,0,0,1,0,0,0,0,0,0,0,1,0,0,0,0,0,1,0,0,0,0,0,1,0,0
1277,0.634615384615385,1,"Boots","Footwear",0.6,"Wyoming",3,"Turquoise","Spring",0.92,0,"Next Day Air",1,1,0.73469387755102,"Bank Transfer","Weekly","Senior",0,0,1,0,0,1,0,0,0,0,0,1,0,0,1,0,0,0,0,0,0,0,0,0,0,0,1
1278,0.0192307692307692,1,"Blouse","Clothing",0.9625,"Rhode Island",3,"Green","Spring",1,0,"Express",1,1,0.0816326530612245,"Venmo","Quarterly","Young Adult",0,1,0,0,0,1,0,0,0,1,0,0,0,0,0,0,0,0,0,1,0,0,0,0,0,1,0
1279,0.192307692307692,1,"Shorts","Clothing",0.975,"Utah",2,"Violet","Fall",0.12,0,"Next Day Air",1,1,0.612244897959184,"Venmo","Fortnightly","Adult",0,1,0,0,1,0,0,0,0,0,0,1,0,0,0,0,0,0,0,1,0,0,0,1,0,0,0
1280,0.865384615384615,1,"Hoodie","Clothing",0.45,"Maryland",3,"Charcoal","Fall",0.48,0,"Express",1,1,0.346938775510204,"Debit Card","Annually","Senior",0,1,0,0,1,0,0,0,0,1,0,0,0,0,0,0,0,1,0,0,1,0,0,0,0,0,0
1281,0.230769230769231,1,"Pants","Clothing",0.725,"Georgia",3,"White","Winter",0.76,0,"2-Day Shipping",1,1,0.775510204081633,"Venmo","Every 3 Months","Adult",0,1,0,0,0,0,0,1,1,0,0,0,0,0,0,0,0,0,0,1,0,0,1,0,0,0,0
1282,0.211538461538462,1,"Belt","Accessories",0.7625,"New Jersey",2,"Olive","Spring",0.8,0,"Store Pickup",1,1,0.142857142857143,"Venmo","Bi-Weekly","Adult",1,0,0,0,0,1,0,0,0,0,0,0,0,1,0,0,0,0,0,1,0,1,0,0,0,0,0
1283,0.115384615384615,1,"Shirt","Clothing",0.6,"New Hampshire",3,"Violet","Winter",0.2,0,"Free Shipping",1,1,0.387755102040816,"Venmo","Monthly","Young Adult",0,1,0,0,0,0,0,1,0,0,1,0,0,0,0,0,0,0,0,1,0,0,0,0,1,0,0
1284,0.980769230769231,1,"Shirt","Clothing",0.925,"Oregon",2,"Violet","Winter",0.56,0,"2-Day Shipping",1,1,0.448979591836735,"Debit Card","Every 3 Months","Senior",0,1,0,0,0,0,0,1,1,0,0,0,0,0,0,0,0,1,0,0,0,0,1,0,0,0,0
1285,0.903846153846154,1,"Dress","Clothing",0.9125,"Arkansas",2,"Black","Spring",0.56,0,"Express",1,1,0.755102040816326,"PayPal","Fortnightly","Senior",0,1,0,0,0,1,0,0,0,1,0,0,0,0,0,0,0,0,1,0,0,0,0,1,0,0,0
1286,0.884615384615385,1,"Gloves","Accessories",0.9875,"North Carolina",2,"Charcoal","Fall",0.4,0,"Next Day Air",1,1,0.897959183673469,"Bank Transfer","Fortnightly","Senior",1,0,0,0,1,0,0,0,0,0,0,1,0,0,1,0,0,0,0,0,0,0,0,1,0,0,0
1287,0.423076923076923,1,"Gloves","Accessories",0.3625,"West Virginia",3,"Yellow","Winter",0.96,0,"Next Day Air",1,1,0.877551020408163,"Debit Card","Fortnightly","Middle Age",1,0,0,0,0,0,0,1,0,0,0,1,0,0,0,0,0,1,0,0,0,0,0,1,0,0,0
1288,0.115384615384615,1,"Jeans","Clothing",0.1,"Utah",4,"Blue","Winter",0.36,0,"Standard",1,1,0.387755102040816,"PayPal","Monthly","Young Adult",0,1,0,0,0,0,0,1,0,0,0,0,1,0,0,0,0,0,1,0,0,0,0,0,1,0,0
1289,0.923076923076923,1,"Belt","Accessories",0.9125,"South Dakota",4,"Charcoal","Winter",0.64,0,"Standard",1,1,0.673469387755102,"PayPal","Bi-Weekly","Senior",1,0,0,0,0,0,0,1,0,0,0,0,1,0,0,0,0,0,1,0,0,1,0,0,0,0,0
1290,0.326923076923077,1,"Jacket","Outerwear",0.05,"New Hampshire",2,"Red","Fall",0.16,0,"Next Day Air",1,1,0.183673469387755,"PayPal","Weekly","Adult",0,0,0,1,1,0,0,0,0,0,0,1,0,0,0,0,0,0,1,0,0,0,0,0,0,0,1
1291,0.942307692307692,1,"Skirt","Clothing",0.1875,"Maryland",2,"Indigo","Spring",0.36,0,"Free Shipping",1,1,0.0408163265306122,"PayPal","Annually","Senior",0,1,0,0,0,1,0,0,0,0,1,0,0,0,0,0,0,0,1,0,1,0,0,0,0,0,0
1292,0.980769230769231,1,"Sandals","Footwear",0.6,"South Dakota",1,"Beige","Spring",0.28,0,"2-Day Shipping",1,1,0.448979591836735,"Debit Card","Fortnightly","Senior",0,0,1,0,0,1,0,0,1,0,0,0,0,0,0,0,0,1,0,0,0,0,0,1,0,0,0
1293,0.153846153846154,1,"Belt","Accessories",0.5125,"Kentucky",2,"Maroon","Summer",0.52,0,"Free Shipping",1,1,0.836734693877551,"Bank Transfer","Annually","Adult",1,0,0,0,0,0,1,0,0,0,1,0,0,0,1,0,0,0,0,0,1,0,0,0,0,0,0
1294,0.0961538461538462,1,"Sweater","Clothing",0.675,"Florida",4,"Yellow","Fall",0.64,0,"Standard",1,1,0.591836734693878,"Debit Card","Annually","Young Adult",0,1,0,0,1,0,0,0,0,0,0,0,1,0,0,0,0,1,0,0,1,0,0,0,0,0,0
1295,0.173076923076923,1,"Shirt","Clothing",0.55,"Texas",2,"Silver","Summer",0.8,0,"Standard",1,1,0.408163265306122,"Cash","Every 3 Months","Adult",0,1,0,0,0,0,1,0,0,0,0,0,1,0,0,1,0,0,0,0,0,0,1,0,0,0,0
1296,0.230769230769231,1,"Sneakers","Footwear",0.5,"New Mexico",2,"Olive","Fall",0.12,0,"Standard",1,1,1,"PayPal","Weekly","Adult",0,0,1,0,1,0,0,0,0,0,0,0,1,0,0,0,0,0,1,0,0,0,0,0,0,0,1
1297,0.576923076923077,1,"Jeans","Clothing",0.1125,"South Dakota",1,"Teal","Spring",0.12,0,"Express",1,1,0.306122448979592,"Cash","Bi-Weekly","Middle Age",0,1,0,0,0,1,0,0,0,1,0,0,0,0,0,1,0,0,0,0,0,1,0,0,0,0,0
1298,0.5,1,"Sandals","Footwear",0.8125,"New Jersey",2,"Silver","Summer",0.84,0,"Standard",1,1,0.63265306122449,"Venmo","Annually","Middle Age",0,0,1,0,0,0,1,0,0,0,0,0,1,0,0,0,0,0,0,1,1,0,0,0,0,0,0
1299,0.211538461538462,1,"Pants","Clothing",0.7625,"Indiana",1,"Indigo","Summer",0.2,0,"Free Shipping",1,1,0.26530612244898,"Bank Transfer","Fortnightly","Adult",0,1,0,0,0,0,1,0,0,0,1,0,0,0,1,0,0,0,0,0,0,0,0,1,0,0,0
1300,0.211538461538462,1,"Belt","Accessories",0.0375,"Louisiana",3,"Teal","Fall",0.44,0,"2-Day Shipping",1,1,0.836734693877551,"Venmo","Bi-Weekly","Adult",1,0,0,0,1,0,0,0,1,0,0,0,0,0,0,0,0,0,0,1,0,1,0,0,0,0,0
1301,0.942307692307692,1,"T-shirt","Clothing",1,"West Virginia",2,"Charcoal","Spring",0.8,0,"Next Day Air",1,1,0.938775510204082,"Credit Card","Every 3 Months","Senior",0,1,0,0,0,1,0,0,0,0,0,1,0,0,0,0,1,0,0,0,0,0,1,0,0,0,0
1302,0.461538461538462,1,"Shirt","Clothing",0.425,"Maine",2,"Orange","Fall",1,0,"Express",1,1,0.408163265306122,"Debit Card","Weekly","Middle Age",0,1,0,0,1,0,0,0,0,1,0,0,0,0,0,0,0,1,0,0,0,0,0,0,0,0,1
1303,0.0961538461538462,1,"Sneakers","Footwear",0.0625,"Idaho",2,"Gold","Fall",0.16,0,"Next Day Air",1,1,0.73469387755102,"Credit Card","Monthly","Young Adult",0,0,1,0,1,0,0,0,0,0,0,1,0,0,0,0,1,0,0,0,0,0,0,0,1,0,0
1304,0.307692307692308,1,"Blouse","Clothing",0.15,"New York",3,"Silver","Summer",0.24,0,"Next Day Air",1,1,0.183673469387755,"Credit Card","Annually","Adult",0,1,0,0,0,0,1,0,0,0,0,1,0,0,0,0,1,0,0,0,1,0,0,0,0,0,0
1305,0.884615384615385,1,"Backpack","Accessories",0.5375,"Montana",1,"Orange","Spring",0.6,0,"2-Day Shipping",1,1,0.346938775510204,"PayPal","Every 3 Months","Senior",1,0,0,0,0,1,0,0,1,0,0,0,0,0,0,0,0,0,1,0,0,0,1,0,0,0,0
1306,0.25,1,"Pants","Clothing",0.45,"Mississippi",4,"Peach","Spring",0.8,0,"Express",1,1,0.0204081632653061,"PayPal","Every 3 Months","Adult",0,1,0,0,0,1,0,0,0,1,0,0,0,0,0,0,0,0,1,0,0,0,1,0,0,0,0
1307,0.692307692307692,1,"Sweater","Clothing",0.1625,"Alaska",3,"Brown","Winter",0.8,0,"Next Day Air",1,1,0.795918367346939,"PayPal","Annually","Senior",0,1,0,0,0,0,0,1,0,0,0,1,0,0,0,0,0,0,1,0,1,0,0,0,0,0,0
1308,0.0961538461538462,1,"Coat","Outerwear",0.15,"Missouri",3,"Black","Summer",0.24,0,"Express",1,1,0.857142857142857,"PayPal","Annually","Young Adult",0,0,0,1,0,0,1,0,0,1,0,0,0,0,0,0,0,0,1,0,1,0,0,0,0,0,0
1309,0.788461538461538,1,"Dress","Clothing",0.225,"Rhode Island",3,"Red","Summer",0.76,0,"Next Day Air",1,1,0.26530612244898,"Credit Card","Every 3 Months","Senior",0,1,0,0,0,0,1,0,0,0,0,1,0,0,0,0,1,0,0,0,0,0,1,0,0,0,0
1310,0.269230769230769,1,"Blouse","Clothing",0.0125,"Hawaii",3,"Lavender","Summer",0.88,0,"Store Pickup",1,1,0.816326530612245,"Cash","Quarterly","Adult",0,1,0,0,0,0,1,0,0,0,0,0,0,1,0,1,0,0,0,0,0,0,0,0,0,1,0
1311,0.480769230769231,1,"Hoodie","Clothing",0.4875,"South Carolina",3,"Brown","Winter",0.24,0,"Store Pickup",1,1,0.755102040816326,"Credit Card","Every 3 Months","Middle Age",0,1,0,0,0,0,0,1,0,0,0,0,0,1,0,0,1,0,0,0,0,0,1,0,0,0,0
1312,0.269230769230769,1,"Shoes","Footwear",0.8375,"Tennessee",2,"Maroon","Fall",0.68,0,"Express",1,1,0.224489795918367,"Venmo","Annually","Adult",0,0,1,0,1,0,0,0,0,1,0,0,0,0,0,0,0,0,0,1,1,0,0,0,0,0,0
1313,0.923076923076923,1,"T-shirt","Clothing",0.7375,"Missouri",2,"Violet","Winter",0.2,0,"Store Pickup",1,1,0.36734693877551,"Bank Transfer","Monthly","Senior",0,1,0,0,0,0,0,1,0,0,0,0,0,1,1,0,0,0,0,0,0,0,0,0,1,0,0
1314,1,1,"Shoes","Footwear",0.1,"Missouri",2,"Lavender","Summer",0.52,0,"Free Shipping",1,1,0.448979591836735,"Credit Card","Bi-Weekly","Senior",0,0,1,0,0,0,1,0,0,0,1,0,0,0,0,0,1,0,0,0,0,1,0,0,0,0,0
1315,0.461538461538462,1,"Boots","Footwear",0.5875,"Missouri",1,"Magenta","Summer",0.36,0,"Free Shipping",1,1,0.979591836734694,"Debit Card","Annually","Middle Age",0,0,1,0,0,0,1,0,0,0,1,0,0,0,0,0,0,1,0,0,1,0,0,0,0,0,0
1316,0.730769230769231,1,"Shorts","Clothing",0.6875,"Mississippi",3,"Green","Spring",0.68,0,"2-Day Shipping",1,1,0.571428571428571,"Debit Card","Quarterly","Senior",0,1,0,0,0,1,0,0,1,0,0,0,0,0,0,0,0,1,0,0,0,0,0,0,0,1,0
1317,0.192307692307692,1,"Belt","Accessories",0.15,"Arkansas",1,"Lavender","Spring",0.84,0,"Standard",1,1,0.26530612244898,"Debit Card","Bi-Weekly","Adult",1,0,0,0,0,1,0,0,0,0,0,0,1,0,0,0,0,1,0,0,0,1,0,0,0,0,0
1318,0.192307692307692,1,"Pants","Clothing",0.2875,"Kentucky",2,"Green","Spring",0.12,0,"Free Shipping",1,1,0.36734693877551,"Cash","Monthly","Adult",0,1,0,0,0,1,0,0,0,0,1,0,0,0,0,1,0,0,0,0,0,0,0,0,1,0,0
1319,0.653846153846154,1,"Shorts","Clothing",0.9125,"Connecticut",2,"Maroon","Spring",0.0800000000000001,0,"Express",1,1,0.36734693877551,"Credit Card","Bi-Weekly","Senior",0,1,0,0,0,1,0,0,0,1,0,0,0,0,0,0,1,0,0,0,0,1,0,0,0,0,0
1320,0.903846153846154,1,"Sunglasses","Accessories",0.05,"Oklahoma",2,"Magenta","Spring",0.6,0,"Standard",1,1,0.959183673469388,"Bank Transfer","Weekly","Senior",1,0,0,0,0,1,0,0,0,0,0,0,1,0,1,0,0,0,0,0,0,0,0,0,0,0,1
1321,0.730769230769231,1,"Hat","Accessories",0.1375,"California",4,"Teal","Fall",0.24,0,"Free Shipping",1,1,0.36734693877551,"Debit Card","Annually","Senior",1,0,0,0,1,0,0,0,0,0,1,0,0,0,0,0,0,1,0,0,1,0,0,0,0,0,0
1322,0.788461538461538,1,"T-shirt","Clothing",0.8,"Missouri",3,"Orange","Winter",0.48,0,"Express",1,1,0.897959183673469,"Bank Transfer","Every 3 Months","Senior",0,1,0,0,0,0,0,1,0,1,0,0,0,0,1,0,0,0,0,0,0,0,1,0,0,0,0
1323,0.0961538461538462,1,"Pants","Clothing",0.675,"Washington",2,"Violet","Winter",0.6,0,"Next Day Air",1,1,0.326530612244898,"Bank Transfer","Quarterly","Young Adult",0,1,0,0,0,0,0,1,0,0,0,1,0,0,1,0,0,0,0,0,0,0,0,0,0,1,0
1324,0.769230769230769,1,"Shorts","Clothing",0.525,"New York",2,"Yellow","Spring",0.84,0,"Standard",1,1,0.285714285714286,"Debit Card","Every 3 Months","Senior",0,1,0,0,0,1,0,0,0,0,0,0,1,0,0,0,0,1,0,0,0,0,1,0,0,0,0
1325,0.403846153846154,1,"Jewelry","Accessories",0.7125,"Indiana",1,"Orange","Summer",0.52,0,"Free Shipping",1,1,0.204081632653061,"Credit Card","Fortnightly","Middle Age",1,0,0,0,0,0,1,0,0,0,1,0,0,0,0,0,1,0,0,0,0,0,0,1,0,0,0
1326,0.192307692307692,1,"Backpack","Accessories",0.6625,"Oregon",3,"Gold","Summer",0.4,0,"Express",1,1,0,"Cash","Monthly","Adult",1,0,0,0,0,0,1,0,0,1,0,0,0,0,0,1,0,0,0,0,0,0,0,0,1,0,0
1327,0.423076923076923,1,"Shoes","Footwear",0.375,"Texas",2,"Indigo","Spring",0.52,0,"Free Shipping",1,1,0.326530612244898,"Cash","Monthly","Middle Age",0,0,1,0,0,1,0,0,0,0,1,0,0,0,0,1,0,0,0,0,0,0,0,0,1,0,0
1328,0.653846153846154,1,"Coat","Outerwear",0.25,"Florida",2,"Turquoise","Winter",0.12,0,"Standard",1,1,0.73469387755102,"Cash","Weekly","Senior",0,0,0,1,0,0,0,1,0,0,0,0,1,0,0,1,0,0,0,0,0,0,0,0,0,0,1
1329,0.365384615384615,1,"Sweater","Clothing",0.9625,"Rhode Island",2,"Orange","Winter",0.48,0,"Standard",1,1,0.795918367346939,"Bank Transfer","Weekly","Middle Age",0,1,0,0,0,0,0,1,0,0,0,0,1,0,1,0,0,0,0,0,0,0,0,0,0,0,1
1330,1,1,"Gloves","Accessories",0.5375,"Texas",2,"Indigo","Fall",0.32,0,"Express",1,1,1,"PayPal","Every 3 Months","Senior",1,0,0,0,1,0,0,0,0,1,0,0,0,0,0,0,0,0,1,0,0,0,1,0,0,0,0
1331,0.230769230769231,1,"Handbag","Accessories",0.5625,"Vermont",2,"Charcoal","Fall",0.16,0,"Standard",1,1,0.387755102040816,"PayPal","Bi-Weekly","Adult",1,0,0,0,1,0,0,0,0,0,0,0,1,0,0,0,0,0,1,0,0,1,0,0,0,0,0
1332,0.384615384615385,1,"Socks","Clothing",0.8875,"Maryland",2,"Lavender","Spring",0.28,0,"Standard",1,1,0.142857142857143,"PayPal","Bi-Weekly","Middle Age",0,1,0,0,0,1,0,0,0,0,0,0,1,0,0,0,0,0,1,0,0,1,0,0,0,0,0
1333,0.923076923076923,1,"Hoodie","Clothing",0.5,"Alaska",1,"Gold","Spring",0.72,0,"Store Pickup",1,1,0.306122448979592,"Bank Transfer","Quarterly","Senior",0,1,0,0,0,1,0,0,0,0,0,0,0,1,1,0,0,0,0,0,0,0,0,0,0,1,0
1334,0.211538461538462,1,"Pants","Clothing",0.6125,"Idaho",2,"Lavender","Winter",0.0800000000000001,0,"Next Day Air",1,1,0.163265306122449,"Bank Transfer","Quarterly","Adult",0,1,0,0,0,0,0,1,0,0,0,1,0,0,1,0,0,0,0,0,0,0,0,0,0,1,0
1335,0.538461538461538,1,"Coat","Outerwear",0.4,"West Virginia",1,"White","Spring",0.52,0,"Store Pickup",1,1,0.224489795918367,"Venmo","Monthly","Middle Age",0,0,0,1,0,1,0,0,0,0,0,0,0,1,0,0,0,0,0,1,0,0,0,0,1,0,0
1336,0.730769230769231,1,"Boots","Footwear",0.3625,"Nevada",2,"Lavender","Fall",0.92,0,"2-Day Shipping",1,1,0.510204081632653,"Credit Card","Weekly","Senior",0,0,1,0,1,0,0,0,1,0,0,0,0,0,0,0,1,0,0,0,0,0,0,0,0,0,1
1337,0.0961538461538462,1,"Sneakers","Footwear",0.8125,"Oregon",2,"Charcoal","Spring",0.92,0,"Store Pickup",1,1,0.877551020408163,"Debit Card","Fortnightly","Young Adult",0,0,1,0,0,1,0,0,0,0,0,0,0,1,0,0,0,1,0,0,0,0,0,1,0,0,0
1338,0.365384615384615,1,"Sweater","Clothing",0.825,"Tennessee",3,"Silver","Spring",0.36,0,"Express",1,1,0.36734693877551,"Credit Card","Bi-Weekly","Middle Age",0,1,0,0,0,1,0,0,0,1,0,0,0,0,0,0,1,0,0,0,0,1,0,0,0,0,0
1339,0.730769230769231,1,"Handbag","Accessories",0.3875,"Alabama",1,"Yellow","Winter",0.04,0,"Standard",1,1,0.857142857142857,"PayPal","Fortnightly","Senior",1,0,0,0,0,0,0,1,0,0,0,0,1,0,0,0,0,0,1,0,0,0,0,1,0,0,0
1340,0.346153846153846,1,"Belt","Accessories",0.45,"Indiana",3,"Olive","Winter",1,0,"Next Day Air",1,1,0.0816326530612245,"Bank Transfer","Every 3 Months","Middle Age",1,0,0,0,0,0,0,1,0,0,0,1,0,0,1,0,0,0,0,0,0,0,1,0,0,0,0
1341,0.423076923076923,1,"Belt","Accessories",0.65,"Idaho",2,"Peach","Fall",0.76,0,"Next Day Air",1,1,0.0816326530612245,"Debit Card","Every 3 Months","Middle Age",1,0,0,0,1,0,0,0,0,0,0,1,0,0,0,0,0,1,0,0,0,0,1,0,0,0,0
1342,0.153846153846154,1,"Hoodie","Clothing",0.0875,"Rhode Island",4,"Yellow","Fall",0.52,0,"Standard",1,1,0.612244897959184,"Bank Transfer","Quarterly","Adult",0,1,0,0,1,0,0,0,0,0,0,0,1,0,1,0,0,0,0,0,0,0,0,0,0,1,0
1343,0.75,1,"Sunglasses","Accessories",0.2875,"Arizona",4,"Yellow","Summer",0.36,0,"2-Day Shipping",1,1,0.204081632653061,"Bank Transfer","Monthly","Senior",1,0,0,0,0,0,1,0,1,0,0,0,0,0,1,0,0,0,0,0,0,0,0,0,1,0,0
1344,0.961538461538462,1,"Sneakers","Footwear",0.45,"Florida",2,"Indigo","Spring",0.36,0,"Standard",1,1,0.673469387755102,"Bank Transfer","Monthly","Senior",0,0,1,0,0,1,0,0,0,0,0,0,1,0,1,0,0,0,0,0,0,0,0,0,1,0,0
1345,0.730769230769231,1,"T-shirt","Clothing",0.2125,"New York",1,"Violet","Fall",0.96,0,"Next Day Air",1,1,0.26530612244898,"Cash","Annually","Senior",0,1,0,0,1,0,0,0,0,0,0,1,0,0,0,1,0,0,0,0,1,0,0,0,0,0,0
1346,0.423076923076923,1,"Dress","Clothing",0.0125,"Nebraska",2,"White","Fall",0.44,0,"Standard",1,1,0.836734693877551,"Venmo","Weekly","Middle Age",0,1,0,0,1,0,0,0,0,0,0,0,1,0,0,0,0,0,0,1,0,0,0,0,0,0,1
1347,0.5,1,"Hoodie","Clothing",0.8875,"Mississippi",3,"White","Winter",0.2,0,"Free Shipping",1,1,0.285714285714286,"Venmo","Bi-Weekly","Middle Age",0,1,0,0,0,0,0,1,0,0,1,0,0,0,0,0,0,0,0,1,0,1,0,0,0,0,0
1348,0.5,1,"Sweater","Clothing",0.9375,"Vermont",2,"Cyan","Summer",0.56,0,"2-Day Shipping",1,1,0.938775510204082,"Bank Transfer","Monthly","Middle Age",0,1,0,0,0,0,1,0,1,0,0,0,0,0,1,0,0,0,0,0,0,0,0,0,1,0,0
1349,0.0192307692307692,1,"Belt","Accessories",0.425,"Nebraska",4,"Purple","Spring",0.28,0,"Standard",1,1,0.448979591836735,"Credit Card","Fortnightly","Young Adult",1,0,0,0,0,1,0,0,0,0,0,0,1,0,0,0,1,0,0,0,0,0,0,1,0,0,0
1350,0.0576923076923077,1,"Socks","Clothing",0.2,"South Carolina",4,"Black","Spring",0.28,0,"Next Day Air",1,1,0.448979591836735,"Cash","Bi-Weekly","Young Adult",0,1,0,0,0,1,0,0,0,0,0,1,0,0,0,1,0,0,0,0,0,1,0,0,0,0,0
1351,0.25,1,"Sunglasses","Accessories",0.6375,"Delaware",2,"Orange","Fall",0.72,0,"Next Day Air",1,1,0,"Cash","Every 3 Months","Adult",1,0,0,0,1,0,0,0,0,0,0,1,0,0,0,1,0,0,0,0,0,0,1,0,0,0,0
1352,0.230769230769231,1,"Coat","Outerwear",0.1375,"Vermont",3,"Maroon","Summer",0.12,0,"2-Day Shipping",1,1,0.551020408163265,"Bank Transfer","Quarterly","Adult",0,0,0,1,0,0,1,0,1,0,0,0,0,0,1,0,0,0,0,0,0,0,0,0,0,1,0
1353,0.903846153846154,1,"Hat","Accessories",0.8625,"Indiana",4,"Orange","Spring",0.8,0,"Next Day Air",1,1,0.73469387755102,"Credit Card","Bi-Weekly","Senior",1,0,0,0,0,1,0,0,0,0,0,1,0,0,0,0,1,0,0,0,0,1,0,0,0,0,0
1354,0.403846153846154,1,"Pants","Clothing",0.7875,"Oregon",2,"Teal","Winter",0.64,0,"Next Day Air",1,1,0.0612244897959184,"Cash","Every 3 Months","Middle Age",0,1,0,0,0,0,0,1,0,0,0,1,0,0,0,1,0,0,0,0,0,0,1,0,0,0,0
1355,0.884615384615385,1,"Backpack","Accessories",0.275,"Maryland",2,"Gray","Spring",0.44,0,"2-Day Shipping",1,1,0.408163265306122,"Bank Transfer","Quarterly","Senior",1,0,0,0,0,1,0,0,1,0,0,0,0,0,1,0,0,0,0,0,0,0,0,0,0,1,0
1356,0.788461538461538,1,"Shorts","Clothing",0.8875,"Florida",2,"Blue","Summer",0.2,0,"2-Day Shipping",1,1,1,"PayPal","Bi-Weekly","Senior",0,1,0,0,0,0,1,0,1,0,0,0,0,0,0,0,0,0,1,0,0,1,0,0,0,0,0
1357,0.596153846153846,1,"Jacket","Outerwear",0.5125,"Indiana",2,"Cyan","Spring",0.6,0,"Free Shipping",1,1,0.673469387755102,"Bank Transfer","Annually","Middle Age",0,0,0,1,0,1,0,0,0,0,1,0,0,0,1,0,0,0,0,0,1,0,0,0,0,0,0
1358,0.115384615384615,1,"Backpack","Accessories",0.575,"Texas",1,"Red","Summer",0.4,0,"Next Day Air",1,1,0.387755102040816,"Cash","Quarterly","Young Adult",1,0,0,0,0,0,1,0,0,0,0,1,0,0,0,1,0,0,0,0,0,0,0,0,0,1,0
1359,0.0192307692307692,1,"Scarf","Accessories",0.025,"Nebraska",4,"Pink","Spring",0,0,"Store Pickup",1,1,0.489795918367347,"Venmo","Every 3 Months","Young Adult",1,0,0,0,0,1,0,0,0,0,0,0,0,1,0,0,0,0,0,1,0,0,1,0,0,0,0
1360,0.173076923076923,1,"Hoodie","Clothing",0.6,"North Carolina",1,"Cyan","Winter",0.72,0,"Store Pickup",1,1,0.510204081632653,"Bank Transfer","Fortnightly","Adult",0,1,0,0,0,0,0,1,0,0,0,0,0,1,1,0,0,0,0,0,0,0,0,1,0,0,0
1361,0.730769230769231,1,"Skirt","Clothing",0.2875,"Alabama",3,"Black","Fall",0.12,0,"Express",1,1,0.0612244897959184,"Bank Transfer","Annually","Senior",0,1,0,0,1,0,0,0,0,1,0,0,0,0,1,0,0,0,0,0,1,0,0,0,0,0,0
1362,0.596153846153846,1,"Dress","Clothing",0.15,"Alabama",2,"Beige","Fall",0.48,0,"Next Day Air",1,1,0.775510204081633,"Debit Card","Monthly","Middle Age",0,1,0,0,1,0,0,0,0,0,0,1,0,0,0,0,0,1,0,0,0,0,0,0,1,0,0
1363,0.442307692307692,1,"Coat","Outerwear",0.325,"Colorado",2,"Gray","Fall",0.72,0,"Express",1,1,0.571428571428571,"Cash","Weekly","Middle Age",0,0,0,1,1,0,0,0,0,1,0,0,0,0,0,1,0,0,0,0,0,0,0,0,0,0,1
1364,0.346153846153846,1,"Blouse","Clothing",0.875,"Wisconsin",3,"Red","Summer",0.6,0,"Express",1,1,0.938775510204082,"PayPal","Quarterly","Middle Age",0,1,0,0,0,0,1,0,0,1,0,0,0,0,0,0,0,0,1,0,0,0,0,0,0,1,0
1365,0.961538461538462,1,"Hat","Accessories",0.6875,"Delaware",3,"Yellow","Fall",0.88,0,"Express",1,1,0.0816326530612245,"Cash","Every 3 Months","Senior",1,0,0,0,1,0,0,0,0,1,0,0,0,0,0,1,0,0,0,0,0,0,1,0,0,0,0
1366,0.192307692307692,1,"Handbag","Accessories",0.6125,"Indiana",2,"Magenta","Winter",0.8,0,"Store Pickup",1,1,0.346938775510204,"Bank Transfer","Fortnightly","Adult",1,0,0,0,0,0,0,1,0,0,0,0,0,1,1,0,0,0,0,0,0,0,0,1,0,0,0
1367,0.519230769230769,1,"Belt","Accessories",0.25,"Iowa",2,"Magenta","Fall",0.24,0,"Free Shipping",1,1,0.183673469387755,"Credit Card","Fortnightly","Middle Age",1,0,0,0,1,0,0,0,0,0,1,0,0,0,0,0,1,0,0,0,0,0,0,1,0,0,0
1368,0.807692307692308,1,"Belt","Accessories",0.5375,"Iowa",1,"Black","Fall",0.52,0,"Express",1,1,0.489795918367347,"Cash","Quarterly","Senior",1,0,0,0,1,0,0,0,0,1,0,0,0,0,0,1,0,0,0,0,0,0,0,0,0,1,0
1369,0.0576923076923077,1,"Shirt","Clothing",0.2,"Wisconsin",3,"Orange","Summer",0.96,0,"Express",1,1,0.0204081632653061,"Cash","Weekly","Young Adult",0,1,0,0,0,0,1,0,0,1,0,0,0,0,0,1,0,0,0,0,0,0,0,0,0,0,1
1370,0.269230769230769,1,"Shoes","Footwear",0.6875,"Iowa",2,"Green","Winter",0.28,0,"Standard",1,1,0.959183673469388,"Venmo","Fortnightly","Adult",0,0,1,0,0,0,0,1,0,0,0,0,1,0,0,0,0,0,0,1,0,0,0,1,0,0,0
1371,0.173076923076923,1,"Scarf","Accessories",0.5875,"Montana",3,"Peach","Summer",0.52,0,"2-Day Shipping",1,1,0.816326530612245,"Bank Transfer","Every 3 Months","Adult",1,0,0,0,0,0,1,0,1,0,0,0,0,0,1,0,0,0,0,0,0,0,1,0,0,0,0
1372,0.423076923076923,1,"Pants","Clothing",0.55,"Mississippi",2,"Charcoal","Spring",0.12,0,"Store Pickup",1,1,0.836734693877551,"Credit Card","Monthly","Middle Age",0,1,0,0,0,1,0,0,0,0,0,0,0,1,0,0,1,0,0,0,0,0,0,0,1,0,0
1373,0.884615384615385,1,"Blouse","Clothing",0.5125,"Michigan",2,"Gray","Fall",0.6,0,"2-Day Shipping",1,1,0.877551020408163,"PayPal","Bi-Weekly","Senior",0,1,0,0,1,0,0,0,1,0,0,0,0,0,0,0,0,0,1,0,0,1,0,0,0,0,0
1374,0,1,"Gloves","Accessories",0.25,"Virginia",3,"Turquoise","Winter",0.04,0,"Store Pickup",1,1,0.102040816326531,"Cash","Quarterly","Young Adult",1,0,0,0,0,0,0,1,0,0,0,0,0,1,0,1,0,0,0,0,0,0,0,0,0,1,0
1375,0.0769230769230769,1,"Handbag","Accessories",0.9625,"New York",2,"Red","Fall",0.0800000000000001,0,"Free Shipping",1,1,0.0816326530612245,"Bank Transfer","Quarterly","Young Adult",1,0,0,0,1,0,0,0,0,0,1,0,0,0,1,0,0,0,0,0,0,0,0,0,0,1,0
1376,0.461538461538462,1,"Sneakers","Footwear",0.1375,"Maine",3,"Brown","Spring",0.64,0,"2-Day Shipping",1,1,0.142857142857143,"Credit Card","Annually","Middle Age",0,0,1,0,0,1,0,0,1,0,0,0,0,0,0,0,1,0,0,0,1,0,0,0,0,0,0
1377,0.75,1,"Sandals","Footwear",0.5625,"New Jersey",3,"Pink","Spring",1,0,"Free Shipping",1,1,0.469387755102041,"PayPal","Annually","Senior",0,0,1,0,0,1,0,0,0,0,1,0,0,0,0,0,0,0,1,0,1,0,0,0,0,0,0
1378,0.288461538461538,1,"Sunglasses","Accessories",0.425,"Maryland",3,"Olive","Spring",0.2,0,"Next Day Air",1,1,0.836734693877551,"Venmo","Monthly","Adult",1,0,0,0,0,1,0,0,0,0,0,1,0,0,0,0,0,0,0,1,0,0,0,0,1,0,0
1379,0.365384615384615,1,"Jacket","Outerwear",0.3625,"Kentucky",4,"Lavender","Fall",0.44,0,"Free Shipping",1,1,0.469387755102041,"Venmo","Weekly","Middle Age",0,0,0,1,1,0,0,0,0,0,1,0,0,0,0,0,0,0,0,1,0,0,0,0,0,0,1
1380,0.0576923076923077,1,"T-shirt","Clothing",0.55,"Minnesota",3,"Purple","Fall",0.12,0,"2-Day Shipping",1,1,0.755102040816326,"Venmo","Bi-Weekly","Young Adult",0,1,0,0,1,0,0,0,1,0,0,0,0,0,0,0,0,0,0,1,0,1,0,0,0,0,0
1381,0.634615384615385,1,"Sneakers","Footwear",0.1875,"Massachusetts",1,"Beige","Winter",0.84,0,"Standard",1,1,0.816326530612245,"Cash","Fortnightly","Senior",0,0,1,0,0,0,0,1,0,0,0,0,1,0,0,1,0,0,0,0,0,0,0,1,0,0,0
1382,0.230769230769231,1,"Shoes","Footwear",0.825,"Illinois",3,"Green","Winter",0.16,0,"Standard",1,1,0.959183673469388,"Venmo","Quarterly","Adult",0,0,1,0,0,0,0,1,0,0,0,0,1,0,0,0,0,0,0,1,0,0,0,0,0,1,0
1383,0.961538461538462,1,"Jacket","Outerwear",0.4375,"Michigan",3,"Brown","Winter",0.92,0,"Express",1,1,0.306122448979592,"Bank Transfer","Quarterly","Senior",0,0,0,1,0,0,0,1,0,1,0,0,0,0,1,0,0,0,0,0,0,0,0,0,0,1,0
1384,0.346153846153846,1,"Scarf","Accessories",0.475,"Wisconsin",2,"Beige","Spring",0.32,0,"Express",1,1,0.0612244897959184,"Venmo","Monthly","Middle Age",1,0,0,0,0,1,0,0,0,1,0,0,0,0,0,0,0,0,0,1,0,0,0,0,1,0,0
1385,0.538461538461538,1,"Sneakers","Footwear",0.95,"Alaska",2,"Beige","Fall",0.84,0,"Standard",1,1,0.142857142857143,"Bank Transfer","Weekly","Middle Age",0,0,1,0,1,0,0,0,0,0,0,0,1,0,1,0,0,0,0,0,0,0,0,0,0,0,1
1386,0.442307692307692,1,"Jewelry","Accessories",0.55,"Mississippi",2,"Indigo","Fall",0.04,0,"Store Pickup",1,1,0,"Bank Transfer","Bi-Weekly","Middle Age",1,0,0,0,1,0,0,0,0,0,0,0,0,1,1,0,0,0,0,0,0,1,0,0,0,0,0
1387,0.961538461538462,1,"Jacket","Outerwear",0.45,"Oregon",2,"Silver","Fall",0.6,0,"Next Day Air",1,1,0.0612244897959184,"Debit Card","Quarterly","Senior",0,0,0,1,1,0,0,0,0,0,0,1,0,0,0,0,0,1,0,0,0,0,0,0,0,1,0
1388,0.0576923076923077,1,"Blouse","Clothing",0.8125,"Maryland",2,"Gold","Winter",0.52,0,"Standard",1,1,0.387755102040816,"Credit Card","Monthly","Young Adult",0,1,0,0,0,0,0,1,0,0,0,0,1,0,0,0,1,0,0,0,0,0,0,0,1,0,0
1389,0.846153846153846,1,"Dress","Clothing",0.0375,"Arkansas",2,"Lavender","Spring",0.56,0,"Express",1,1,0.795918367346939,"Cash","Quarterly","Senior",0,1,0,0,0,1,0,0,0,1,0,0,0,0,0,1,0,0,0,0,0,0,0,0,0,1,0
1390,0.788461538461538,1,"Scarf","Accessories",0.65,"Illinois",3,"Orange","Fall",0.04,0,"Store Pickup",1,1,0.142857142857143,"Debit Card","Fortnightly","Senior",1,0,0,0,1,0,0,0,0,0,0,0,0,1,0,0,0,1,0,0,0,0,0,1,0,0,0
1391,0.134615384615385,1,"Hat","Accessories",0.225,"Arkansas",2,"Maroon","Summer",0.72,0,"Standard",1,1,0.836734693877551,"Debit Card","Weekly","Young Adult",1,0,0,0,0,0,1,0,0,0,0,0,1,0,0,0,0,1,0,0,0,0,0,0,0,0,1
1392,0.673076923076923,1,"Blouse","Clothing",0.1125,"Mississippi",1,"White","Winter",0.44,0,"Express",1,1,0.755102040816326,"Credit Card","Annually","Senior",0,1,0,0,0,0,0,1,0,1,0,0,0,0,0,0,1,0,0,0,1,0,0,0,0,0,0
1393,0.25,1,"Gloves","Accessories",0.325,"Arkansas",2,"Yellow","Spring",0.68,0,"Express",1,1,0.673469387755102,"Venmo","Every 3 Months","Adult",1,0,0,0,0,1,0,0,0,1,0,0,0,0,0,0,0,0,0,1,0,0,1,0,0,0,0
1394,0.538461538461538,1,"Gloves","Accessories",0.475,"Idaho",3,"Yellow","Spring",0.56,0,"Express",1,1,0.26530612244898,"PayPal","Fortnightly","Middle Age",1,0,0,0,0,1,0,0,0,1,0,0,0,0,0,0,0,0,1,0,0,0,0,1,0,0,0
1395,0.153846153846154,1,"Coat","Outerwear",0.2875,"Iowa",3,"Magenta","Fall",0.88,0,"Next Day Air",1,1,0.775510204081633,"Cash","Weekly","Adult",0,0,0,1,1,0,0,0,0,0,0,1,0,0,0,1,0,0,0,0,0,0,0,0,0,0,1
1396,0.557692307692308,1,"Scarf","Accessories",0.15,"West Virginia",3,"Turquoise","Spring",0.12,0,"Next Day Air",1,1,0.795918367346939,"PayPal","Bi-Weekly","Middle Age",1,0,0,0,0,1,0,0,0,0,0,1,0,0,0,0,0,0,1,0,0,1,0,0,0,0,0
1397,0.365384615384615,1,"Pants","Clothing",0.125,"Wisconsin",4,"Lavender","Winter",0.2,0,"Next Day Air",1,1,0.979591836734694,"Debit Card","Monthly","Middle Age",0,1,0,0,0,0,0,1,0,0,0,1,0,0,0,0,0,1,0,0,0,0,0,0,1,0,0
1398,0.711538461538462,1,"Sunglasses","Accessories",0.5875,"Massachusetts",1,"Magenta","Summer",0.88,0,"Store Pickup",1,1,0.653061224489796,"PayPal","Annually","Senior",1,0,0,0,0,0,1,0,0,0,0,0,0,1,0,0,0,0,1,0,1,0,0,0,0,0,0
1399,0.230769230769231,1,"Dress","Clothing",0.3125,"Texas",2,"Cyan","Summer",0,0,"Free Shipping",1,1,0.489795918367347,"Credit Card","Weekly","Adult",0,1,0,0,0,0,1,0,0,0,1,0,0,0,0,0,1,0,0,0,0,0,0,0,0,0,1
1400,0.0192307692307692,1,"Hat","Accessories",0.7625,"Nebraska",2,"Olive","Winter",0.24,0,"Store Pickup",1,1,0.959183673469388,"Venmo","Annually","Young Adult",1,0,0,0,0,0,0,1,0,0,0,0,0,1,0,0,0,0,0,1,1,0,0,0,0,0,0
1401,0.346153846153846,1,"Backpack","Accessories",0.0375,"Nevada",2,"Red","Fall",0.44,0,"Next Day Air",1,1,0.428571428571429,"Credit Card","Every 3 Months","Middle Age",1,0,0,0,1,0,0,0,0,0,0,1,0,0,0,0,1,0,0,0,0,0,1,0,0,0,0
1402,0.0961538461538462,1,"Sandals","Footwear",0.4875,"Indiana",2,"Blue","Fall",0.4,0,"2-Day Shipping",1,1,0,"PayPal","Weekly","Young Adult",0,0,1,0,1,0,0,0,1,0,0,0,0,0,0,0,0,0,1,0,0,0,0,0,0,0,1
1403,0.846153846153846,1,"Sunglasses","Accessories",0.0125,"North Dakota",3,"White","Summer",0.24,0,"Express",1,1,0.938775510204082,"PayPal","Monthly","Senior",1,0,0,0,0,0,1,0,0,1,0,0,0,0,0,0,0,0,1,0,0,0,0,0,1,0,0
1404,0.153846153846154,1,"Backpack","Accessories",0,"Georgia",2,"Peach","Spring",0.44,0,"Store Pickup",1,1,0.387755102040816,"Credit Card","Bi-Weekly","Adult",1,0,0,0,0,1,0,0,0,0,0,0,0,1,0,0,1,0,0,0,0,1,0,0,0,0,0
1405,0.346153846153846,1,"Jewelry","Accessories",0.1,"New Mexico",2,"Charcoal","Winter",0.4,0,"Next Day Air",1,1,0.183673469387755,"Debit Card","Weekly","Middle Age",1,0,0,0,0,0,0,1,0,0,0,1,0,0,0,0,0,1,0,0,0,0,0,0,0,0,1
1406,0.288461538461538,1,"Socks","Clothing",1,"New Hampshire",2,"Peach","Winter",0.0800000000000001,0,"Store Pickup",1,1,0.775510204081633,"Credit Card","Monthly","Adult",0,1,0,0,0,0,0,1,0,0,0,0,0,1,0,0,1,0,0,0,0,0,0,0,1,0,0
1407,0.269230769230769,1,"Shirt","Clothing",0.325,"Washington",3,"Turquoise","Spring",0.44,0,"Express",1,1,0.285714285714286,"Debit Card","Monthly","Adult",0,1,0,0,0,1,0,0,0,1,0,0,0,0,0,0,0,1,0,0,0,0,0,0,1,0,0
1408,0.730769230769231,1,"Handbag","Accessories",0.5125,"Nevada",4,"Charcoal","Spring",0.8,0,"Express",1,1,0.204081632653061,"Credit Card","Annually","Senior",1,0,0,0,0,1,0,0,0,1,0,0,0,0,0,0,1,0,0,0,1,0,0,0,0,0,0
1409,0.769230769230769,1,"Blouse","Clothing",0.475,"Maine",2,"Yellow","Winter",0.64,0,"Free Shipping",1,1,0.755102040816326,"Venmo","Weekly","Senior",0,1,0,0,0,0,0,1,0,0,1,0,0,0,0,0,0,0,0,1,0,0,0,0,0,0,1
1410,0.307692307692308,1,"Backpack","Accessories",0.375,"Idaho",2,"Blue","Spring",0.68,0,"Standard",1,1,0.816326530612245,"Cash","Fortnightly","Adult",1,0,0,0,0,1,0,0,0,0,0,0,1,0,0,1,0,0,0,0,0,0,0,1,0,0,0
1411,0.826923076923077,1,"Hat","Accessories",0.9125,"Tennessee",2,"Purple","Summer",0.6,0,"Store Pickup",1,1,0.346938775510204,"Debit Card","Annually","Senior",1,0,0,0,0,0,1,0,0,0,0,0,0,1,0,0,0,1,0,0,1,0,0,0,0,0,0
1412,0.576923076923077,1,"Skirt","Clothing",0.05,"Louisiana",3,"Green","Summer",0.12,0,"Store Pickup",1,1,0.244897959183673,"Venmo","Quarterly","Middle Age",0,1,0,0,0,0,1,0,0,0,0,0,0,1,0,0,0,0,0,1,0,0,0,0,0,1,0
1413,0.134615384615385,1,"Shorts","Clothing",1,"Michigan",2,"Charcoal","Summer",0.04,0,"2-Day Shipping",1,1,0.857142857142857,"Venmo","Annually","Young Adult",0,1,0,0,0,0,1,0,1,0,0,0,0,0,0,0,0,0,0,1,1,0,0,0,0,0,0
1414,0.634615384615385,1,"Blouse","Clothing",0.7375,"New Hampshire",1,"Indigo","Fall",0.0800000000000001,0,"Store Pickup",1,1,0.224489795918367,"Bank Transfer","Quarterly","Senior",0,1,0,0,1,0,0,0,0,0,0,0,0,1,1,0,0,0,0,0,0,0,0,0,0,1,0
1415,0.211538461538462,1,"Socks","Clothing",0.3875,"Minnesota",2,"Black","Summer",0.8,0,"Store Pickup",1,1,0.0408163265306122,"Credit Card","Bi-Weekly","Adult",0,1,0,0,0,0,1,0,0,0,0,0,0,1,0,0,1,0,0,0,0,1,0,0,0,0,0
1416,0.692307692307692,1,"Belt","Accessories",0.875,"Illinois",2,"Blue","Winter",0.48,0,"Free Shipping",1,1,0.224489795918367,"Credit Card","Every 3 Months","Senior",1,0,0,0,0,0,0,1,0,0,1,0,0,0,0,0,1,0,0,0,0,0,1,0,0,0,0
1417,0.576923076923077,1,"Boots","Footwear",0.45,"Idaho",3,"Silver","Summer",0.36,0,"Free Shipping",1,1,0.918367346938776,"Cash","Quarterly","Middle Age",0,0,1,0,0,0,1,0,0,0,1,0,0,0,0,1,0,0,0,0,0,0,0,0,0,1,0
1418,0.846153846153846,1,"Shorts","Clothing",0.0625,"Montana",1,"Brown","Spring",0.84,0,"Standard",1,1,0.408163265306122,"Debit Card","Fortnightly","Senior",0,1,0,0,0,1,0,0,0,0,0,0,1,0,0,0,0,1,0,0,0,0,0,1,0,0,0
1419,0,1,"Shirt","Clothing",0.6875,"Alabama",2,"Violet","Summer",0.64,0,"2-Day Shipping",1,1,0.448979591836735,"Venmo","Every 3 Months","Young Adult",0,1,0,0,0,0,1,0,1,0,0,0,0,0,0,0,0,0,0,1,0,0,1,0,0,0,0
1420,0.480769230769231,1,"Handbag","Accessories",0.6875,"Montana",2,"Orange","Summer",0.04,0,"Free Shipping",1,1,0.0612244897959184,"Debit Card","Quarterly","Middle Age",1,0,0,0,0,0,1,0,0,0,1,0,0,0,0,0,0,1,0,0,0,0,0,0,0,1,0
1421,0.0769230769230769,1,"Jeans","Clothing",0.4125,"California",4,"Gray","Summer",0.84,0,"Store Pickup",1,1,0.897959183673469,"PayPal","Every 3 Months","Young Adult",0,1,0,0,0,0,1,0,0,0,0,0,0,1,0,0,0,0,1,0,0,0,1,0,0,0,0
1422,0.961538461538462,1,"Dress","Clothing",1,"Pennsylvania",1,"Gold","Spring",0.2,0,"Standard",1,1,0.469387755102041,"Bank Transfer","Fortnightly","Senior",0,1,0,0,0,1,0,0,0,0,0,0,1,0,1,0,0,0,0,0,0,0,0,1,0,0,0
1423,0.5,1,"Dress","Clothing",0.0875,"Texas",3,"Charcoal","Fall",0.36,0,"Free Shipping",1,1,0.0408163265306122,"PayPal","Bi-Weekly","Middle Age",0,1,0,0,1,0,0,0,0,0,1,0,0,0,0,0,0,0,1,0,0,1,0,0,0,0,0
1424,0.634615384615385,1,"Sandals","Footwear",0.5,"Michigan",1,"Black","Fall",0.4,0,"Free Shipping",1,1,0.224489795918367,"Venmo","Every 3 Months","Senior",0,0,1,0,1,0,0,0,0,0,1,0,0,0,0,0,0,0,0,1,0,0,1,0,0,0,0
1425,0.923076923076923,1,"Jacket","Outerwear",0.0375,"Connecticut",1,"Indigo","Fall",0.4,0,"Standard",1,1,0.673469387755102,"Bank Transfer","Every 3 Months","Senior",0,0,0,1,1,0,0,0,0,0,0,0,1,0,1,0,0,0,0,0,0,0,1,0,0,0,0
1426,0.788461538461538,1,"Coat","Outerwear",0.25,"Wyoming",1,"White","Winter",0.48,0,"Next Day Air",1,1,0.775510204081633,"Credit Card","Annually","Senior",0,0,0,1,0,0,0,1,0,0,0,1,0,0,0,0,1,0,0,0,1,0,0,0,0,0,0
1427,0.807692307692308,1,"Pants","Clothing",0.225,"Michigan",2,"Yellow","Summer",0.92,0,"Free Shipping",1,1,0.693877551020408,"PayPal","Every 3 Months","Senior",0,1,0,0,0,0,1,0,0,0,1,0,0,0,0,0,0,0,1,0,0,0,1,0,0,0,0
1428,0.25,1,"Backpack","Accessories",0.875,"South Dakota",1,"Orange","Summer",0.96,0,"Store Pickup",1,1,0.142857142857143,"Credit Card","Annually","Adult",1,0,0,0,0,0,1,0,0,0,0,0,0,1,0,0,1,0,0,0,1,0,0,0,0,0,0
1429,0.0384615384615385,1,"Blouse","Clothing",0.9625,"North Dakota",1,"Green","Summer",0.96,0,"Express",1,1,0.836734693877551,"PayPal","Quarterly","Young Adult",0,1,0,0,0,0,1,0,0,1,0,0,0,0,0,0,0,0,1,0,0,0,0,0,0,1,0
1430,0.115384615384615,1,"Skirt","Clothing",0.225,"Maryland",3,"Gold","Fall",0.88,0,"Standard",1,1,0.102040816326531,"Credit Card","Every 3 Months","Young Adult",0,1,0,0,1,0,0,0,0,0,0,0,1,0,0,0,1,0,0,0,0,0,1,0,0,0,0
1431,0.576923076923077,1,"Sandals","Footwear",0.125,"Michigan",1,"Orange","Summer",0.96,0,"Free Shipping",1,1,0.0408163265306122,"Credit Card","Fortnightly","Middle Age",0,0,1,0,0,0,1,0,0,0,1,0,0,0,0,0,1,0,0,0,0,0,0,1,0,0,0
1432,0.403846153846154,1,"Pants","Clothing",0.85,"South Dakota",2,"Cyan","Fall",0.16,0,"Express",1,1,0.571428571428571,"Venmo","Quarterly","Middle Age",0,1,0,0,1,0,0,0,0,1,0,0,0,0,0,0,0,0,0,1,0,0,0,0,0,1,0
1433,0.307692307692308,1,"Hat","Accessories",0.1625,"Florida",3,"Black","Winter",0.76,0,"Express",1,1,0.63265306122449,"Debit Card","Quarterly","Adult",1,0,0,0,0,0,0,1,0,1,0,0,0,0,0,0,0,1,0,0,0,0,0,0,0,1,0
1434,1,1,"Hoodie","Clothing",0.5,"Minnesota",3,"Yellow","Winter",0.28,0,"Next Day Air",1,1,0.897959183673469,"Debit Card","Weekly","Senior",0,1,0,0,0,0,0,1,0,0,0,1,0,0,0,0,0,1,0,0,0,0,0,0,0,0,1
1435,0.788461538461538,1,"Sweater","Clothing",0.55,"New York",3,"Maroon","Summer",0.84,0,"Free Shipping",1,1,0.408163265306122,"Debit Card","Bi-Weekly","Senior",0,1,0,0,0,0,1,0,0,0,1,0,0,0,0,0,0,1,0,0,0,1,0,0,0,0,0
1436,0.519230769230769,1,"Scarf","Accessories",0.9375,"Oregon",4,"Black","Fall",0.6,0,"Standard",1,1,0.816326530612245,"Cash","Weekly","Middle Age",1,0,0,0,1,0,0,0,0,0,0,0,1,0,0,1,0,0,0,0,0,0,0,0,0,0,1
1437,0.326923076923077,1,"Sneakers","Footwear",0.7875,"Minnesota",2,"Gray","Winter",0.48,0,"Free Shipping",1,1,0.448979591836735,"PayPal","Fortnightly","Adult",0,0,1,0,0,0,0,1,0,0,1,0,0,0,0,0,0,0,1,0,0,0,0,1,0,0,0
1438,0.980769230769231,1,"Boots","Footwear",0.9625,"Montana",4,"Orange","Winter",0.68,0,"Free Shipping",1,1,0.26530612244898,"Cash","Annually","Senior",0,0,1,0,0,0,0,1,0,0,1,0,0,0,0,1,0,0,0,0,1,0,0,0,0,0,0
1439,0.769230769230769,1,"Coat","Outerwear",0.225,"Washington",2,"Cyan","Spring",0.16,0,"Standard",1,1,0.469387755102041,"Debit Card","Monthly","Senior",0,0,0,1,0,1,0,0,0,0,0,0,1,0,0,0,0,1,0,0,0,0,0,0,1,0,0
1440,0.134615384615385,1,"Boots","Footwear",0.35,"New Mexico",2,"Magenta","Summer",0.92,0,"Next Day Air",1,1,0.489795918367347,"Cash","Fortnightly","Young Adult",0,0,1,0,0,0,1,0,0,0,0,1,0,0,0,1,0,0,0,0,0,0,0,1,0,0,0
1441,0.173076923076923,1,"Sandals","Footwear",0.7,"Arizona",2,"Pink","Spring",0.76,0,"Standard",1,1,0.244897959183673,"Venmo","Monthly","Adult",0,0,1,0,0,1,0,0,0,0,0,0,1,0,0,0,0,0,0,1,0,0,0,0,1,0,0
1442,0.307692307692308,1,"Pants","Clothing",0.0625,"Nebraska",1,"Turquoise","Summer",0.36,0,"Free Shipping",1,1,0.0408163265306122,"Venmo","Every 3 Months","Adult",0,1,0,0,0,0,1,0,0,0,1,0,0,0,0,0,0,0,0,1,0,0,1,0,0,0,0
1443,0.673076923076923,1,"Hoodie","Clothing",0.9,"Idaho",1,"Violet","Spring",0.12,0,"2-Day Shipping",1,1,0.836734693877551,"Credit Card","Annually","Senior",0,1,0,0,0,1,0,0,1,0,0,0,0,0,0,0,1,0,0,0,1,0,0,0,0,0,0
1444,0.769230769230769,1,"Sandals","Footwear",0.3375,"Idaho",3,"Teal","Fall",0.68,0,"Next Day Air",1,1,0.0204081632653061,"Cash","Monthly","Senior",0,0,1,0,1,0,0,0,0,0,0,1,0,0,0,1,0,0,0,0,0,0,0,0,1,0,0
1445,0.269230769230769,1,"Sweater","Clothing",0.2,"Vermont",3,"Pink","Fall",0.52,0,"Express",1,1,0.510204081632653,"Cash","Quarterly","Adult",0,1,0,0,1,0,0,0,0,1,0,0,0,0,0,1,0,0,0,0,0,0,0,0,0,1,0
1446,0.884615384615385,1,"Belt","Accessories",0.3875,"Arkansas",2,"Gold","Fall",0.24,0,"2-Day Shipping",1,1,0.469387755102041,"Credit Card","Annually","Senior",1,0,0,0,1,0,0,0,1,0,0,0,0,0,0,0,1,0,0,0,1,0,0,0,0,0,0
1447,0.865384615384615,1,"Jeans","Clothing",0.1875,"Wyoming",4,"Red","Summer",0.28,0,"Express",1,1,0.102040816326531,"Credit Card","Quarterly","Senior",0,1,0,0,0,0,1,0,0,1,0,0,0,0,0,0,1,0,0,0,0,0,0,0,0,1,0
1448,0.0961538461538462,1,"Hoodie","Clothing",0.4625,"New Mexico",1,"Beige","Summer",0.2,0,"Next Day Air",1,1,0.489795918367347,"PayPal","Monthly","Young Adult",0,1,0,0,0,0,1,0,0,0,0,1,0,0,0,0,0,0,1,0,0,0,0,0,1,0,0
1449,0.884615384615385,1,"Boots","Footwear",0.9375,"West Virginia",2,"Black","Summer",0.44,0,"Free Shipping",1,1,0.204081632653061,"Credit Card","Every 3 Months","Senior",0,0,1,0,0,0,1,0,0,0,1,0,0,0,0,0,1,0,0,0,0,0,1,0,0,0,0
1450,0,1,"Socks","Clothing",0.2625,"New York",3,"Lavender","Winter",0,0,"Store Pickup",1,1,0.387755102040816,"Cash","Every 3 Months","Young Adult",0,1,0,0,0,0,0,1,0,0,0,0,0,1,0,1,0,0,0,0,0,0,1,0,0,0,0
1451,0.134615384615385,1,"Dress","Clothing",0.3,"Illinois",1,"Teal","Winter",0.36,0,"Free Shipping",1,1,0.489795918367347,"Cash","Quarterly","Young Adult",0,1,0,0,0,0,0,1,0,0,1,0,0,0,0,1,0,0,0,0,0,0,0,0,0,1,0
1452,0.692307692307692,1,"Jacket","Outerwear",0.175,"Utah",2,"Maroon","Fall",0,0,"Next Day Air",1,1,0.693877551020408,"PayPal","Quarterly","Senior",0,0,0,1,1,0,0,0,0,0,0,1,0,0,0,0,0,0,1,0,0,0,0,0,0,1,0
1453,0.807692307692308,1,"Jacket","Outerwear",0.0625,"Colorado",3,"Blue","Spring",0.88,0,"2-Day Shipping",1,1,0.204081632653061,"Bank Transfer","Quarterly","Senior",0,0,0,1,0,1,0,0,1,0,0,0,0,0,1,0,0,0,0,0,0,0,0,0,0,1,0
1454,0.346153846153846,1,"Boots","Footwear",0.9125,"Virginia",1,"Teal","Winter",0.28,0,"2-Day Shipping",1,1,0.816326530612245,"Bank Transfer","Fortnightly","Middle Age",0,0,1,0,0,0,0,1,1,0,0,0,0,0,1,0,0,0,0,0,0,0,0,1,0,0,0
1455,0.923076923076923,1,"Sneakers","Footwear",0.375,"Georgia",3,"Maroon","Winter",0.16,0,"Free Shipping",1,1,0.326530612244898,"Credit Card","Annually","Senior",0,0,1,0,0,0,0,1,0,0,1,0,0,0,0,0,1,0,0,0,1,0,0,0,0,0,0
1456,0.807692307692308,1,"Pants","Clothing",0.7375,"Alabama",3,"Silver","Fall",0.96,0,"Express",1,1,0,"PayPal","Every 3 Months","Senior",0,1,0,0,1,0,0,0,0,1,0,0,0,0,0,0,0,0,1,0,0,0,1,0,0,0,0
1457,0.788461538461538,1,"Coat","Outerwear",1,"Montana",1,"Olive","Spring",0.0800000000000001,0,"Store Pickup",1,1,0.591836734693878,"PayPal","Every 3 Months","Senior",0,0,0,1,0,1,0,0,0,0,0,0,0,1,0,0,0,0,1,0,0,0,1,0,0,0,0
1458,0.769230769230769,1,"Shirt","Clothing",0.4625,"Pennsylvania",1,"Gray","Spring",0.88,0,"Express",1,1,0.938775510204082,"Venmo","Fortnightly","Senior",0,1,0,0,0,1,0,0,0,1,0,0,0,0,0,0,0,0,0,1,0,0,0,1,0,0,0
1459,0.326923076923077,1,"Sweater","Clothing",0.1,"Missouri",2,"Peach","Spring",0.16,0,"2-Day Shipping",1,1,0.673469387755102,"Venmo","Weekly","Adult",0,1,0,0,0,1,0,0,1,0,0,0,0,0,0,0,0,0,0,1,0,0,0,0,0,0,1
1460,0.0384615384615385,1,"Shoes","Footwear",0.1875,"Maine",3,"Yellow","Winter",0.92,0,"Express",1,1,0.346938775510204,"Venmo","Fortnightly","Young Adult",0,0,1,0,0,0,0,1,0,1,0,0,0,0,0,0,0,0,0,1,0,0,0,1,0,0,0
1461,1,1,"Boots","Footwear",0.8125,"Pennsylvania",3,"Violet","Fall",0.84,0,"Standard",1,1,0.653061224489796,"Venmo","Bi-Weekly","Senior",0,0,1,0,1,0,0,0,0,0,0,0,1,0,0,0,0,0,0,1,0,1,0,0,0,0,0
1462,0.692307692307692,1,"Sunglasses","Accessories",0.9375,"Oregon",1,"Red","Summer",1,0,"2-Day Shipping",1,1,0.836734693877551,"Venmo","Quarterly","Senior",1,0,0,0,0,0,1,0,1,0,0,0,0,0,0,0,0,0,0,1,0,0,0,0,0,1,0
1463,0.384615384615385,1,"Sneakers","Footwear",0.875,"Utah",1,"Charcoal","Summer",0.92,0,"2-Day Shipping",1,1,0.0204081632653061,"Venmo","Quarterly","Middle Age",0,0,1,0,0,0,1,0,1,0,0,0,0,0,0,0,0,0,0,1,0,0,0,0,0,1,0
1464,0.692307692307692,1,"Jewelry","Accessories",0.3625,"Oklahoma",2,"Beige","Summer",0.96,0,"Store Pickup",1,1,0,"Bank Transfer","Monthly","Senior",1,0,0,0,0,0,1,0,0,0,0,0,0,1,1,0,0,0,0,0,0,0,0,0,1,0,0
1465,0.288461538461538,1,"Belt","Accessories",0.9,"Montana",2,"Peach","Winter",0.84,0,"2-Day Shipping",1,1,0.448979591836735,"Bank Transfer","Quarterly","Adult",1,0,0,0,0,0,0,1,1,0,0,0,0,0,1,0,0,0,0,0,0,0,0,0,0,1,0
1466,0.538461538461538,1,"Gloves","Accessories",0.65,"Nebraska",4,"Violet","Winter",0.56,0,"Store Pickup",1,1,0.836734693877551,"Cash","Bi-Weekly","Middle Age",1,0,0,0,0,0,0,1,0,0,0,0,0,1,0,1,0,0,0,0,0,1,0,0,0,0,0
1467,0.769230769230769,1,"Shorts","Clothing",0.6375,"Alabama",2,"Green","Summer",0.8,0,"Store Pickup",1,1,0.0408163265306122,"PayPal","Annually","Senior",0,1,0,0,0,0,1,0,0,0,0,0,0,1,0,0,0,0,1,0,1,0,0,0,0,0,0
1468,0.230769230769231,1,"Jewelry","Accessories",0.0875,"Ohio",4,"Olive","Winter",0.88,0,"Store Pickup",1,1,0.306122448979592,"Debit Card","Fortnightly","Adult",1,0,0,0,0,0,0,1,0,0,0,0,0,1,0,0,0,1,0,0,0,0,0,1,0,0,0
1469,0.461538461538462,1,"Gloves","Accessories",0.2375,"Arkansas",1,"Silver","Fall",0.56,0,"Express",1,1,0.918367346938776,"Cash","Fortnightly","Middle Age",1,0,0,0,1,0,0,0,0,1,0,0,0,0,0,1,0,0,0,0,0,0,0,1,0,0,0
1470,0.192307692307692,1,"Jewelry","Accessories",0.975,"Mississippi",2,"Purple","Winter",0.76,0,"Standard",1,1,0.612244897959184,"PayPal","Every 3 Months","Adult",1,0,0,0,0,0,0,1,0,0,0,0,1,0,0,0,0,0,1,0,0,0,1,0,0,0,0
1471,0.480769230769231,1,"Sandals","Footwear",0.0875,"California",2,"Silver","Spring",0.56,0,"Next Day Air",1,1,0.285714285714286,"Cash","Every 3 Months","Middle Age",0,0,1,0,0,1,0,0,0,0,0,1,0,0,0,1,0,0,0,0,0,0,1,0,0,0,0
1472,0.25,1,"Jewelry","Accessories",0.6375,"Alaska",1,"Gray","Spring",0.12,0,"2-Day Shipping",1,1,0.959183673469388,"Venmo","Every 3 Months","Adult",1,0,0,0,0,1,0,0,1,0,0,0,0,0,0,0,0,0,0,1,0,0,1,0,0,0,0
1473,0.403846153846154,1,"Hat","Accessories",0.05,"Indiana",3,"Turquoise","Spring",0.4,0,"Store Pickup",1,1,0.204081632653061,"Cash","Weekly","Middle Age",1,0,0,0,0,1,0,0,0,0,0,0,0,1,0,1,0,0,0,0,0,0,0,0,0,0,1
1474,0.980769230769231,1,"Shorts","Clothing",0.5375,"Wisconsin",2,"Violet","Fall",0.72,0,"Express",1,1,0.387755102040816,"Credit Card","Every 3 Months","Senior",0,1,0,0,1,0,0,0,0,1,0,0,0,0,0,0,1,0,0,0,0,0,1,0,0,0,0
1475,0.25,1,"Sweater","Clothing",0.65,"New Jersey",1,"Pink","Fall",0.56,0,"Next Day Air",1,1,0.102040816326531,"Credit Card","Monthly","Adult",0,1,0,0,1,0,0,0,0,0,0,1,0,0,0,0,1,0,0,0,0,0,0,0,1,0,0
1476,0.5,1,"Blouse","Clothing",0.5125,"Rhode Island",2,"Teal","Spring",0.6,0,"Express",1,1,0.469387755102041,"Cash","Monthly","Middle Age",0,1,0,0,0,1,0,0,0,1,0,0,0,0,0,1,0,0,0,0,0,0,0,0,1,0,0
1477,0.403846153846154,1,"Hat","Accessories",0.45,"Wyoming",2,"Magenta","Fall",0.64,0,"Next Day Air",1,1,0.346938775510204,"Credit Card","Monthly","Middle Age",1,0,0,0,1,0,0,0,0,0,0,1,0,0,0,0,1,0,0,0,0,0,0,0,1,0,0
1478,0.115384615384615,1,"Belt","Accessories",0.15,"Oregon",4,"Silver","Summer",0.72,0,"Standard",1,1,0,"PayPal","Every 3 Months","Young Adult",1,0,0,0,0,0,1,0,0,0,0,0,1,0,0,0,0,0,1,0,0,0,1,0,0,0,0
1479,0.192307692307692,1,"Gloves","Accessories",0.0375,"Washington",2,"Blue","Summer",0.68,0,"Free Shipping",1,1,0.244897959183673,"Venmo","Bi-Weekly","Adult",1,0,0,0,0,0,1,0,0,0,1,0,0,0,0,0,0,0,0,1,0,1,0,0,0,0,0
1480,0.576923076923077,1,"Coat","Outerwear",1,"Washington",3,"Black","Spring",0.6,0,"Standard",1,1,0.0204081632653061,"Bank Transfer","Weekly","Middle Age",0,0,0,1,0,1,0,0,0,0,0,0,1,0,1,0,0,0,0,0,0,0,0,0,0,0,1
1481,0.403846153846154,1,"Jewelry","Accessories",0.675,"New Hampshire",2,"Gold","Fall",0.44,0,"Express",1,1,0.510204081632653,"Cash","Quarterly","Middle Age",1,0,0,0,1,0,0,0,0,1,0,0,0,0,0,1,0,0,0,0,0,0,0,0,0,1,0
1482,0.884615384615385,1,"Skirt","Clothing",0.1625,"Maryland",1,"Gray","Spring",0.32,0,"Standard",1,1,0.612244897959184,"PayPal","Quarterly","Senior",0,1,0,0,0,1,0,0,0,0,0,0,1,0,0,0,0,0,1,0,0,0,0,0,0,1,0
1483,0.192307692307692,1,"Gloves","Accessories",0.5875,"Wisconsin",1,"Magenta","Spring",0.64,0,"2-Day Shipping",1,1,0.857142857142857,"Bank Transfer","Weekly","Adult",1,0,0,0,0,1,0,0,1,0,0,0,0,0,1,0,0,0,0,0,0,0,0,0,0,0,1
1484,0.403846153846154,1,"Jewelry","Accessories",0.5125,"Massachusetts",1,"Yellow","Summer",0.88,0,"Next Day Air",1,1,0.224489795918367,"Debit Card","Bi-Weekly","Middle Age",1,0,0,0,0,0,1,0,0,0,0,1,0,0,0,0,0,1,0,0,0,1,0,0,0,0,0
1485,0.596153846153846,1,"Shorts","Clothing",0.325,"Nebraska",2,"Teal","Summer",0.76,0,"Store Pickup",1,1,0.428571428571429,"Venmo","Every 3 Months","Middle Age",0,1,0,0,0,0,1,0,0,0,0,0,0,1,0,0,0,0,0,1,0,0,1,0,0,0,0
1486,0.0769230769230769,1,"Gloves","Accessories",0.45,"Nebraska",3,"Red","Spring",0.36,0,"Standard",1,1,0.0408163265306122,"Cash","Fortnightly","Young Adult",1,0,0,0,0,1,0,0,0,0,0,0,1,0,0,1,0,0,0,0,0,0,0,1,0,0,0
1487,0.134615384615385,1,"Sneakers","Footwear",0.6625,"Idaho",1,"Yellow","Spring",1,0,"Free Shipping",1,1,0.448979591836735,"Venmo","Every 3 Months","Young Adult",0,0,1,0,0,1,0,0,0,0,1,0,0,0,0,0,0,0,0,1,0,0,1,0,0,0,0
1488,0.423076923076923,1,"Skirt","Clothing",0.3,"Arizona",3,"Black","Summer",0.84,0,"Store Pickup",1,1,0.510204081632653,"PayPal","Annually","Middle Age",0,1,0,0,0,0,1,0,0,0,0,0,0,1,0,0,0,0,1,0,1,0,0,0,0,0,0
1489,0.0961538461538462,1,"Hat","Accessories",0.3,"Hawaii",3,"Pink","Winter",0.6,0,"Standard",1,1,0.73469387755102,"Credit Card","Weekly","Young Adult",1,0,0,0,0,0,0,1,0,0,0,0,1,0,0,0,1,0,0,0,0,0,0,0,0,0,1
1490,0.115384615384615,1,"Jewelry","Accessories",0.075,"Missouri",4,"Magenta","Summer",0.64,0,"Next Day Air",1,1,0.836734693877551,"Venmo","Quarterly","Young Adult",1,0,0,0,0,0,1,0,0,0,0,1,0,0,0,0,0,0,0,1,0,0,0,0,0,1,0
1491,0.923076923076923,1,"Sneakers","Footwear",0.4,"Louisiana",3,"Olive","Spring",0.96,0,"Express",1,1,0.285714285714286,"Venmo","Bi-Weekly","Senior",0,0,1,0,0,1,0,0,0,1,0,0,0,0,0,0,0,0,0,1,0,1,0,0,0,0,0
1492,0.173076923076923,1,"Shirt","Clothing",0.425,"Arkansas",1,"Black","Summer",0.0800000000000001,0,"Free Shipping",1,1,0.183673469387755,"Bank Transfer","Quarterly","Adult",0,1,0,0,0,0,1,0,0,0,1,0,0,0,1,0,0,0,0,0,0,0,0,0,0,1,0
1493,0.846153846153846,1,"Jacket","Outerwear",0.225,"North Carolina",2,"Maroon","Summer",0.8,0,"Free Shipping",1,1,0.0408163265306122,"Venmo","Quarterly","Senior",0,0,0,1,0,0,1,0,0,0,1,0,0,0,0,0,0,0,0,1,0,0,0,0,0,1,0
1494,1,1,"Belt","Accessories",0.3,"North Dakota",1,"Gold","Fall",0.0800000000000001,0,"Standard",1,1,0.877551020408163,"Credit Card","Quarterly","Senior",1,0,0,0,1,0,0,0,0,0,0,0,1,0,0,0,1,0,0,0,0,0,0,0,0,1,0
1495,0.480769230769231,1,"T-shirt","Clothing",0.7,"Montana",2,"Gray","Spring",0.2,0,"Next Day Air",1,1,0.448979591836735,"Bank Transfer","Fortnightly","Middle Age",0,1,0,0,0,1,0,0,0,0,0,1,0,0,1,0,0,0,0,0,0,0,0,1,0,0,0
1496,0.519230769230769,1,"Jewelry","Accessories",0.0375,"Rhode Island",2,"Brown","Winter",0.8,0,"Next Day Air",1,1,0.102040816326531,"PayPal","Weekly","Middle Age",1,0,0,0,0,0,0,1,0,0,0,1,0,0,0,0,0,0,1,0,0,0,0,0,0,0,1
1497,0.865384615384615,1,"T-shirt","Clothing",0.975,"Idaho",2,"Purple","Winter",1,0,"Standard",1,1,0.163265306122449,"Venmo","Bi-Weekly","Senior",0,1,0,0,0,0,0,1,0,0,0,0,1,0,0,0,0,0,0,1,0,1,0,0,0,0,0
1498,0.980769230769231,1,"Jacket","Outerwear",0.1625,"Michigan",1,"Magenta","Spring",0.52,0,"2-Day Shipping",1,1,0.306122448979592,"Debit Card","Every 3 Months","Senior",0,0,0,1,0,1,0,0,1,0,0,0,0,0,0,0,0,1,0,0,0,0,1,0,0,0,0
1499,0.788461538461538,1,"Sweater","Clothing",0.15,"Illinois",2,"Teal","Summer",0.24,0,"Standard",1,1,0.918367346938776,"Venmo","Fortnightly","Senior",0,1,0,0,0,0,1,0,0,0,0,0,1,0,0,0,0,0,0,1,0,0,0,1,0,0,0
1500,0.0192307692307692,1,"Boots","Footwear",0.8125,"Georgia",1,"Olive","Fall",0.36,0,"Free Shipping",1,1,0.469387755102041,"Credit Card","Every 3 Months","Young Adult",0,0,1,0,1,0,0,0,0,0,1,0,0,0,0,0,1,0,0,0,0,0,1,0,0,0,0
1501,0.865384615384615,1,"Jeans","Clothing",0.6125,"Alabama",3,"Maroon","Summer",0.92,0,"Next Day Air",1,1,0.428571428571429,"Debit Card","Monthly","Senior",0,1,0,0,0,0,1,0,0,0,0,1,0,0,0,0,0,1,0,0,0,0,0,0,1,0,0
1502,0.365384615384615,1,"Jeans","Clothing",0.4375,"Alaska",4,"Silver","Spring",0.0800000000000001,0,"Standard",1,1,0.244897959183673,"Debit Card","Every 3 Months","Middle Age",0,1,0,0,0,1,0,0,0,0,0,0,1,0,0,0,0,1,0,0,0,0,1,0,0,0,0
1503,0.365384615384615,1,"Pants","Clothing",0.575,"Massachusetts",2,"Black","Summer",0.28,0,"Store Pickup",1,1,0.387755102040816,"Cash","Fortnightly","Middle Age",0,1,0,0,0,0,1,0,0,0,0,0,0,1,0,1,0,0,0,0,0,0,0,1,0,0,0
1504,0.615384615384615,1,"Jacket","Outerwear",0.125,"Michigan",2,"Maroon","Fall",0.56,0,"2-Day Shipping",1,1,0.918367346938776,"Cash","Quarterly","Middle Age",0,0,0,1,1,0,0,0,1,0,0,0,0,0,0,1,0,0,0,0,0,0,0,0,0,1,0
1505,0.807692307692308,1,"Jacket","Outerwear",0.75,"Alaska",2,"Teal","Winter",0.68,0,"Next Day Air",1,1,0.183673469387755,"Bank Transfer","Monthly","Senior",0,0,0,1,0,0,0,1,0,0,0,1,0,0,1,0,0,0,0,0,0,0,0,0,1,0,0
1506,0.538461538461538,1,"Belt","Accessories",0,"North Dakota",2,"Teal","Summer",0.2,0,"Express",1,1,0.775510204081633,"Cash","Monthly","Middle Age",1,0,0,0,0,0,1,0,0,1,0,0,0,0,0,1,0,0,0,0,0,0,0,0,1,0,0
1507,0.326923076923077,1,"Shirt","Clothing",0.125,"South Carolina",3,"Beige","Fall",0.2,0,"2-Day Shipping",1,1,0.877551020408163,"PayPal","Quarterly","Adult",0,1,0,0,1,0,0,0,1,0,0,0,0,0,0,0,0,0,1,0,0,0,0,0,0,1,0
1508,0.923076923076923,1,"Dress","Clothing",0.825,"Pennsylvania",1,"Maroon","Winter",0.48,0,"2-Day Shipping",1,1,0.122448979591837,"Venmo","Annually","Senior",0,1,0,0,0,0,0,1,1,0,0,0,0,0,0,0,0,0,0,1,1,0,0,0,0,0,0
1509,0.326923076923077,1,"Blouse","Clothing",0.8,"Colorado",3,"Beige","Spring",0.76,0,"Store Pickup",1,1,0.0408163265306122,"Cash","Every 3 Months","Adult",0,1,0,0,0,1,0,0,0,0,0,0,0,1,0,1,0,0,0,0,0,0,1,0,0,0,0
1510,0.0384615384615385,1,"Dress","Clothing",0.425,"New Hampshire",4,"White","Summer",0.84,0,"Free Shipping",1,1,0.877551020408163,"Debit Card","Annually","Young Adult",0,1,0,0,0,0,1,0,0,0,1,0,0,0,0,0,0,1,0,0,1,0,0,0,0,0,0
1511,0.711538461538462,1,"Blouse","Clothing",0.125,"Maryland",4,"Gray","Fall",0.2,0,"Free Shipping",1,1,0.612244897959184,"Venmo","Annually","Senior",0,1,0,0,1,0,0,0,0,0,1,0,0,0,0,0,0,0,0,1,1,0,0,0,0,0,0
1512,0.307692307692308,1,"Dress","Clothing",0.8875,"Georgia",2,"Violet","Winter",0.44,0,"Express",1,1,0.959183673469388,"Credit Card","Weekly","Adult",0,1,0,0,0,0,0,1,0,1,0,0,0,0,0,0,1,0,0,0,0,0,0,0,0,0,1
1513,0.807692307692308,1,"Sneakers","Footwear",0.0375,"Wisconsin",3,"Silver","Winter",0.56,0,"Standard",1,1,0.346938775510204,"PayPal","Bi-Weekly","Senior",0,0,1,0,0,0,0,1,0,0,0,0,1,0,0,0,0,0,1,0,0,1,0,0,0,0,0
1514,0.0769230769230769,1,"Socks","Clothing",0.1875,"Texas",2,"Red","Spring",0.64,0,"Free Shipping",1,1,0.530612244897959,"Cash","Monthly","Young Adult",0,1,0,0,0,1,0,0,0,0,1,0,0,0,0,1,0,0,0,0,0,0,0,0,1,0,0
1515,0.153846153846154,1,"Shoes","Footwear",0.875,"Utah",3,"Brown","Winter",0.56,0,"2-Day Shipping",1,1,0,"Venmo","Weekly","Adult",0,0,1,0,0,0,0,1,1,0,0,0,0,0,0,0,0,0,0,1,0,0,0,0,0,0,1
1516,0.403846153846154,1,"Jeans","Clothing",0.9125,"Indiana",1,"Turquoise","Fall",0.56,0,"2-Day Shipping",1,1,0.673469387755102,"Cash","Weekly","Middle Age",0,1,0,0,1,0,0,0,1,0,0,0,0,0,0,1,0,0,0,0,0,0,0,0,0,0,1
1517,0.0384615384615385,1,"Jeans","Clothing",0.6,"Nevada",3,"Indigo","Winter",0.8,0,"Express",1,1,0.0816326530612245,"Bank Transfer","Bi-Weekly","Young Adult",0,1,0,0,0,0,0,1,0,1,0,0,0,0,1,0,0,0,0,0,0,1,0,0,0,0,0
1518,0.75,1,"Gloves","Accessories",0.2625,"New Hampshire",2,"Violet","Spring",0.36,0,"Standard",1,1,0.224489795918367,"Cash","Quarterly","Senior",1,0,0,0,0,1,0,0,0,0,0,0,1,0,0,1,0,0,0,0,0,0,0,0,0,1,0
1519,0.961538461538462,1,"Belt","Accessories",0.6625,"New York",2,"Yellow","Winter",0.64,0,"Next Day Air",1,1,0.26530612244898,"Venmo","Fortnightly","Senior",1,0,0,0,0,0,0,1,0,0,0,1,0,0,0,0,0,0,0,1,0,0,0,1,0,0,0
1520,0.615384615384615,1,"Sunglasses","Accessories",0.6625,"Texas",3,"Cyan","Fall",0.96,0,"Next Day Air",1,1,0.795918367346939,"PayPal","Weekly","Middle Age",1,0,0,0,1,0,0,0,0,0,0,1,0,0,0,0,0,0,1,0,0,0,0,0,0,0,1
1521,0.0576923076923077,1,"Hat","Accessories",0.575,"Iowa",2,"Brown","Summer",0.76,0,"2-Day Shipping",1,1,0.775510204081633,"Cash","Quarterly","Young Adult",1,0,0,0,0,0,1,0,1,0,0,0,0,0,0,1,0,0,0,0,0,0,0,0,0,1,0
1522,0.211538461538462,1,"Backpack","Accessories",0.4875,"Washington",2,"White","Summer",0.0800000000000001,0,"2-Day Shipping",1,1,1,"Bank Transfer","Weekly","Adult",1,0,0,0,0,0,1,0,1,0,0,0,0,0,1,0,0,0,0,0,0,0,0,0,0,0,1
1523,0.384615384615385,1,"Shorts","Clothing",0.65,"Tennessee",3,"Yellow","Spring",0.92,0,"Free Shipping",1,1,0.0816326530612245,"Debit Card","Monthly","Middle Age",0,1,0,0,0,1,0,0,0,0,1,0,0,0,0,0,0,1,0,0,0,0,0,0,1,0,0
1524,0.692307692307692,1,"Socks","Clothing",0.85,"Georgia",2,"White","Summer",0.32,0,"2-Day Shipping",1,1,0.693877551020408,"Debit Card","Annually","Senior",0,1,0,0,0,0,1,0,1,0,0,0,0,0,0,0,0,1,0,0,1,0,0,0,0,0,0
1525,0.0769230769230769,1,"Socks","Clothing",0.7,"Massachusetts",3,"Pink","Summer",0.76,0,"Free Shipping",1,1,0.102040816326531,"Cash","Bi-Weekly","Young Adult",0,1,0,0,0,0,1,0,0,0,1,0,0,0,0,1,0,0,0,0,0,1,0,0,0,0,0
1526,0.211538461538462,1,"Belt","Accessories",0.1375,"Oregon",2,"Indigo","Winter",0.84,0,"2-Day Shipping",1,1,0.428571428571429,"Cash","Fortnightly","Adult",1,0,0,0,0,0,0,1,1,0,0,0,0,0,0,1,0,0,0,0,0,0,0,1,0,0,0
1527,0.442307692307692,1,"Jacket","Outerwear",0.025,"Oklahoma",3,"White","Summer",0.24,0,"Next Day Air",1,1,0.530612244897959,"PayPal","Monthly","Middle Age",0,0,0,1,0,0,1,0,0,0,0,1,0,0,0,0,0,0,1,0,0,0,0,0,1,0,0
1528,0.153846153846154,1,"Hat","Accessories",0.6875,"Wisconsin",3,"Red","Fall",0.8,0,"2-Day Shipping",1,1,0.653061224489796,"Debit Card","Fortnightly","Adult",1,0,0,0,1,0,0,0,1,0,0,0,0,0,0,0,0,1,0,0,0,0,0,1,0,0,0
1529,0.980769230769231,1,"T-shirt","Clothing",0.6875,"Oregon",1,"Red","Spring",0.6,0,"Store Pickup",1,1,0.938775510204082,"Venmo","Bi-Weekly","Senior",0,1,0,0,0,1,0,0,0,0,0,0,0,1,0,0,0,0,0,1,0,1,0,0,0,0,0
1530,0.0384615384615385,1,"Backpack","Accessories",0.5375,"Georgia",2,"Lavender","Winter",0.24,0,"Free Shipping",1,1,0.959183673469388,"Credit Card","Bi-Weekly","Young Adult",1,0,0,0,0,0,0,1,0,0,1,0,0,0,0,0,1,0,0,0,0,1,0,0,0,0,0
1531,0.788461538461538,1,"Coat","Outerwear",0.0125,"New Mexico",2,"Teal","Spring",0.56,0,"Next Day Air",1,1,0.428571428571429,"Bank Transfer","Quarterly","Senior",0,0,0,1,0,1,0,0,0,0,0,1,0,0,1,0,0,0,0,0,0,0,0,0,0,1,0
1532,0.865384615384615,1,"Backpack","Accessories",0.7875,"Mississippi",1,"Violet","Spring",0.8,0,"Next Day Air",1,1,0.142857142857143,"PayPal","Bi-Weekly","Senior",1,0,0,0,0,1,0,0,0,0,0,1,0,0,0,0,0,0,1,0,0,1,0,0,0,0,0
1533,0.961538461538462,1,"Jacket","Outerwear",0.325,"Wisconsin",1,"Silver","Winter",0.76,0,"Next Day Air",1,1,0.0816326530612245,"PayPal","Every 3 Months","Senior",0,0,0,1,0,0,0,1,0,0,0,1,0,0,0,0,0,0,1,0,0,0,1,0,0,0,0
1534,0.615384615384615,1,"Shoes","Footwear",0.4875,"New Hampshire",2,"Gold","Summer",0.44,0,"2-Day Shipping",1,1,0.306122448979592,"Bank Transfer","Quarterly","Middle Age",0,0,1,0,0,0,1,0,1,0,0,0,0,0,1,0,0,0,0,0,0,0,0,0,0,1,0
1535,0.711538461538462,1,"Blouse","Clothing",0.575,"Wyoming",2,"Green","Summer",0.36,0,"Free Shipping",1,1,0.510204081632653,"Venmo","Fortnightly","Senior",0,1,0,0,0,0,1,0,0,0,1,0,0,0,0,0,0,0,0,1,0,0,0,1,0,0,0
1536,0.346153846153846,1,"Sandals","Footwear",0.675,"West Virginia",1,"Turquoise","Fall",0.6,0,"2-Day Shipping",1,1,0.142857142857143,"Venmo","Monthly","Middle Age",0,0,1,0,1,0,0,0,1,0,0,0,0,0,0,0,0,0,0,1,0,0,0,0,1,0,0
1537,0,1,"Sunglasses","Accessories",0.775,"Michigan",2,"Indigo","Summer",0.04,0,"Store Pickup",1,1,0.326530612244898,"Cash","Quarterly","Young Adult",1,0,0,0,0,0,1,0,0,0,0,0,0,1,0,1,0,0,0,0,0,0,0,0,0,1,0
1538,0.961538461538462,1,"Shoes","Footwear",0.8625,"Alaska",3,"Black","Spring",0.28,0,"Next Day Air",1,1,1,"Venmo","Annually","Senior",0,0,1,0,0,1,0,0,0,0,0,1,0,0,0,0,0,0,0,1,1,0,0,0,0,0,0
1539,0.730769230769231,1,"Dress","Clothing",0.5625,"Illinois",3,"Charcoal","Fall",0.28,0,"Standard",1,1,0.428571428571429,"Venmo","Bi-Weekly","Senior",0,1,0,0,1,0,0,0,0,0,0,0,1,0,0,0,0,0,0,1,0,1,0,0,0,0,0
1540,0.269230769230769,1,"Belt","Accessories",0.4375,"Hawaii",2,"Turquoise","Spring",1,0,"2-Day Shipping",1,1,0.36734693877551,"Cash","Every 3 Months","Adult",1,0,0,0,0,1,0,0,1,0,0,0,0,0,0,1,0,0,0,0,0,0,1,0,0,0,0
1541,0.192307692307692,1,"Shorts","Clothing",0.9375,"Colorado",2,"Red","Winter",0.16,0,"Next Day Air",1,1,0.26530612244898,"Bank Transfer","Monthly","Adult",0,1,0,0,0,0,0,1,0,0,0,1,0,0,1,0,0,0,0,0,0,0,0,0,1,0,0
1542,0.115384615384615,1,"Handbag","Accessories",0.7125,"Illinois",1,"Indigo","Winter",0.16,0,"Store Pickup",1,1,0.693877551020408,"Cash","Bi-Weekly","Young Adult",1,0,0,0,0,0,0,1,0,0,0,0,0,1,0,1,0,0,0,0,0,1,0,0,0,0,0
1543,0.788461538461538,1,"Blouse","Clothing",0.3,"Hawaii",2,"Maroon","Winter",0.4,0,"Next Day Air",1,1,0.857142857142857,"PayPal","Weekly","Senior",0,1,0,0,0,0,0,1,0,0,0,1,0,0,0,0,0,0,1,0,0,0,0,0,0,0,1
1544,0.730769230769231,1,"Jeans","Clothing",0.8625,"Wisconsin",2,"Indigo","Fall",0.6,0,"Standard",1,1,0.469387755102041,"Venmo","Annually","Senior",0,1,0,0,1,0,0,0,0,0,0,0,1,0,0,0,0,0,0,1,1,0,0,0,0,0,0
1545,0.230769230769231,1,"Jewelry","Accessories",0.05,"Arkansas",2,"Maroon","Spring",0.56,0,"Standard",1,1,0.326530612244898,"Debit Card","Bi-Weekly","Adult",1,0,0,0,0,1,0,0,0,0,0,0,1,0,0,0,0,1,0,0,0,1,0,0,0,0,0
1546,0.576923076923077,1,"Belt","Accessories",0.2875,"Delaware",2,"Black","Winter",0.96,0,"Store Pickup",1,1,0.979591836734694,"Bank Transfer","Annually","Middle Age",1,0,0,0,0,0,0,1,0,0,0,0,0,1,1,0,0,0,0,0,1,0,0,0,0,0,0
1547,0.807692307692308,1,"Sneakers","Footwear",0.3875,"Oregon",4,"Purple","Summer",0.52,0,"Express",1,1,0.326530612244898,"Bank Transfer","Annually","Senior",0,0,1,0,0,0,1,0,0,1,0,0,0,0,1,0,0,0,0,0,1,0,0,0,0,0,0
1548,0.538461538461538,1,"Hat","Accessories",0.325,"South Carolina",3,"Teal","Summer",0.4,0,"Standard",1,1,0.795918367346939,"Cash","Quarterly","Middle Age",1,0,0,0,0,0,1,0,0,0,0,0,1,0,0,1,0,0,0,0,0,0,0,0,0,1,0
1549,0.980769230769231,1,"Dress","Clothing",0.15,"Maryland",2,"Silver","Summer",0.48,0,"Store Pickup",1,1,0.857142857142857,"Bank Transfer","Weekly","Senior",0,1,0,0,0,0,1,0,0,0,0,0,0,1,1,0,0,0,0,0,0,0,0,0,0,0,1
1550,0.0192307692307692,1,"Sneakers","Footwear",0.4375,"Kansas",2,"Black","Spring",0.16,0,"2-Day Shipping",1,1,0.36734693877551,"Debit Card","Every 3 Months","Young Adult",0,0,1,0,0,1,0,0,1,0,0,0,0,0,0,0,0,1,0,0,0,0,1,0,0,0,0
1551,0.923076923076923,1,"Sunglasses","Accessories",0.075,"Arkansas",1,"Black","Summer",0.12,0,"Free Shipping",1,1,0.795918367346939,"Bank Transfer","Quarterly","Senior",1,0,0,0,0,0,1,0,0,0,1,0,0,0,1,0,0,0,0,0,0,0,0,0,0,1,0
1552,0.884615384615385,1,"Handbag","Accessories",0.1125,"Minnesota",2,"Olive","Summer",0.48,0,"2-Day Shipping",1,1,0.244897959183673,"Credit Card","Monthly","Senior",1,0,0,0,0,0,1,0,1,0,0,0,0,0,0,0,1,0,0,0,0,0,0,0,1,0,0
1553,0.692307692307692,1,"Blouse","Clothing",0.3625,"New Mexico",3,"Purple","Spring",0.2,0,"Express",1,1,0.387755102040816,"Credit Card","Monthly","Senior",0,1,0,0,0,1,0,0,0,1,0,0,0,0,0,0,1,0,0,0,0,0,0,0,1,0,0
1554,0.173076923076923,1,"Blouse","Clothing",0.3125,"Delaware",2,"Indigo","Spring",0.92,0,"Free Shipping",1,1,0.408163265306122,"Debit Card","Quarterly","Adult",0,1,0,0,0,1,0,0,0,0,1,0,0,0,0,0,0,1,0,0,0,0,0,0,0,1,0
1555,0.884615384615385,1,"Shorts","Clothing",0.35,"Utah",1,"Lavender","Winter",0.0800000000000001,0,"Standard",1,1,0.346938775510204,"Cash","Bi-Weekly","Senior",0,1,0,0,0,0,0,1,0,0,0,0,1,0,0,1,0,0,0,0,0,1,0,0,0,0,0
1556,0.480769230769231,1,"Shorts","Clothing",0.3375,"Ohio",1,"Cyan","Winter",0.8,0,"Free Shipping",1,1,0.877551020408163,"Cash","Quarterly","Middle Age",0,1,0,0,0,0,0,1,0,0,1,0,0,0,0,1,0,0,0,0,0,0,0,0,0,1,0
1557,0.480769230769231,1,"Hoodie","Clothing",0.4625,"Alabama",2,"Gold","Fall",0.0800000000000001,0,"Standard",1,1,0.510204081632653,"Credit Card","Quarterly","Middle Age",0,1,0,0,1,0,0,0,0,0,0,0,1,0,0,0,1,0,0,0,0,0,0,0,0,1,0
1558,0.173076923076923,1,"Backpack","Accessories",0.175,"South Dakota",3,"Magenta","Fall",0.4,0,"Next Day Air",1,1,0.673469387755102,"PayPal","Quarterly","Adult",1,0,0,0,1,0,0,0,0,0,0,1,0,0,0,0,0,0,1,0,0,0,0,0,0,1,0
1559,0.326923076923077,1,"Sunglasses","Accessories",0.6875,"New Mexico",4,"Teal","Fall",0.4,0,"Express",1,1,0.469387755102041,"Credit Card","Every 3 Months","Adult",1,0,0,0,1,0,0,0,0,1,0,0,0,0,0,0,1,0,0,0,0,0,1,0,0,0,0
1560,0.480769230769231,1,"Scarf","Accessories",0.925,"Oregon",3,"Beige","Fall",0.8,0,"Store Pickup",1,1,0.448979591836735,"PayPal","Fortnightly","Middle Age",1,0,0,0,1,0,0,0,0,0,0,0,0,1,0,0,0,0,1,0,0,0,0,1,0,0,0
1561,0.75,1,"Hat","Accessories",0.8,"Oregon",2,"Teal","Winter",0.52,0,"Free Shipping",1,1,0.0408163265306122,"Debit Card","Weekly","Senior",1,0,0,0,0,0,0,1,0,0,1,0,0,0,0,0,0,1,0,0,0,0,0,0,0,0,1
1562,0.615384615384615,1,"Scarf","Accessories",0.225,"Mississippi",2,"Indigo","Summer",0.52,0,"Standard",1,1,0.0204081632653061,"Bank Transfer","Quarterly","Middle Age",1,0,0,0,0,0,1,0,0,0,0,0,1,0,1,0,0,0,0,0,0,0,0,0,0,1,0
1563,0.365384615384615,1,"Scarf","Accessories",0.6875,"Alabama",2,"Purple","Winter",0.28,0,"Next Day Air",1,1,0.448979591836735,"Venmo","Bi-Weekly","Middle Age",1,0,0,0,0,0,0,1,0,0,0,1,0,0,0,0,0,0,0,1,0,1,0,0,0,0,0
1564,0.961538461538462,1,"Pants","Clothing",0.3,"Kansas",2,"Teal","Fall",0.72,0,"Next Day Air",1,1,0.142857142857143,"Cash","Weekly","Senior",0,1,0,0,1,0,0,0,0,0,0,1,0,0,0,1,0,0,0,0,0,0,0,0,0,0,1
1565,0.0769230769230769,1,"Backpack","Accessories",0.1625,"California",4,"Turquoise","Summer",0.8,0,"Next Day Air",1,1,0.591836734693878,"Debit Card","Every 3 Months","Young Adult",1,0,0,0,0,0,1,0,0,0,0,1,0,0,0,0,0,1,0,0,0,0,1,0,0,0,0
1566,0.769230769230769,1,"Sunglasses","Accessories",0.9125,"Idaho",3,"Peach","Fall",0.68,0,"Free Shipping",1,1,0.959183673469388,"PayPal","Annually","Senior",1,0,0,0,1,0,0,0,0,0,1,0,0,0,0,0,0,0,1,0,1,0,0,0,0,0,0
1567,0.576923076923077,1,"Sneakers","Footwear",0.9875,"Wyoming",1,"Green","Winter",0.2,0,"Free Shipping",1,1,0.408163265306122,"Cash","Bi-Weekly","Middle Age",0,0,1,0,0,0,0,1,0,0,1,0,0,0,0,1,0,0,0,0,0,1,0,0,0,0,0
1568,0.230769230769231,1,"Backpack","Accessories",0.1625,"Minnesota",2,"Turquoise","Spring",0.64,0,"Standard",1,1,0.163265306122449,"Cash","Monthly","Adult",1,0,0,0,0,1,0,0,0,0,0,0,1,0,0,1,0,0,0,0,0,0,0,0,1,0,0
1569,0.634615384615385,1,"Sneakers","Footwear",0.7,"Washington",3,"Yellow","Spring",0.84,0,"Store Pickup",1,1,0.142857142857143,"Debit Card","Monthly","Senior",0,0,1,0,0,1,0,0,0,0,0,0,0,1,0,0,0,1,0,0,0,0,0,0,1,0,0
1570,0.0384615384615385,1,"Skirt","Clothing",0.5375,"Hawaii",2,"Orange","Summer",0.16,0,"Standard",1,1,0.571428571428571,"Debit Card","Weekly","Young Adult",0,1,0,0,0,0,1,0,0,0,0,0,1,0,0,0,0,1,0,0,0,0,0,0,0,0,1
1571,0.230769230769231,1,"Pants","Clothing",0.2625,"Missouri",3,"Brown","Winter",0.92,0,"Next Day Air",1,1,0.0408163265306122,"Bank Transfer","Every 3 Months","Adult",0,1,0,0,0,0,0,1,0,0,0,1,0,0,1,0,0,0,0,0,0,0,1,0,0,0,0
1572,0.192307692307692,1,"Jewelry","Accessories",0.85,"Colorado",3,"Silver","Winter",0.8,0,"Next Day Air",1,1,0.204081632653061,"Bank Transfer","Fortnightly","Adult",1,0,0,0,0,0,0,1,0,0,0,1,0,0,1,0,0,0,0,0,0,0,0,1,0,0,0
1573,0.365384615384615,1,"Skirt","Clothing",0.9,"Washington",3,"White","Summer",0.36,0,"2-Day Shipping",1,1,0.306122448979592,"Debit Card","Monthly","Middle Age",0,1,0,0,0,0,1,0,1,0,0,0,0,0,0,0,0,1,0,0,0,0,0,0,1,0,0
1574,0.346153846153846,1,"T-shirt","Clothing",0.1375,"North Dakota",3,"Indigo","Summer",0.72,0,"2-Day Shipping",1,1,0.489795918367347,"Debit Card","Weekly","Middle Age",0,1,0,0,0,0,1,0,1,0,0,0,0,0,0,0,0,1,0,0,0,0,0,0,0,0,1
1575,0,1,"Skirt","Clothing",0.0625,"Minnesota",1,"Magenta","Spring",0.68,0,"Free Shipping",1,1,0.63265306122449,"PayPal","Bi-Weekly","Young Adult",0,1,0,0,0,1,0,0,0,0,1,0,0,0,0,0,0,0,1,0,0,1,0,0,0,0,0
1576,0.653846153846154,1,"Shirt","Clothing",0.1,"California",2,"Turquoise","Spring",0.44,0,"Next Day Air",1,1,0.551020408163265,"Cash","Fortnightly","Senior",0,1,0,0,0,1,0,0,0,0,0,1,0,0,0,1,0,0,0,0,0,0,0,1,0,0,0
1577,0.730769230769231,1,"Dress","Clothing",0.6875,"Michigan",2,"White","Spring",0.48,0,"2-Day Shipping",1,1,0.714285714285714,"PayPal","Monthly","Senior",0,1,0,0,0,1,0,0,1,0,0,0,0,0,0,0,0,0,1,0,0,0,0,0,1,0,0
1578,0.961538461538462,1,"Boots","Footwear",0.175,"Delaware",1,"Olive","Spring",0.6,0,"Standard",1,1,0.122448979591837,"Venmo","Fortnightly","Senior",0,0,1,0,0,1,0,0,0,0,0,0,1,0,0,0,0,0,0,1,0,0,0,1,0,0,0
1579,0.846153846153846,1,"Pants","Clothing",0.9625,"California",1,"Maroon","Winter",0.96,0,"2-Day Shipping",1,1,0.0204081632653061,"PayPal","Quarterly","Senior",0,1,0,0,0,0,0,1,1,0,0,0,0,0,0,0,0,0,1,0,0,0,0,0,0,1,0
1580,0.326923076923077,1,"Jacket","Outerwear",0.75,"Oklahoma",2,"Violet","Summer",0.24,0,"Free Shipping",1,1,0.102040816326531,"Bank Transfer","Monthly","Adult",0,0,0,1,0,0,1,0,0,0,1,0,0,0,1,0,0,0,0,0,0,0,0,0,1,0,0
1581,0.903846153846154,1,"Sneakers","Footwear",0.6375,"North Dakota",3,"Cyan","Summer",0.48,0,"Standard",1,1,0.591836734693878,"Cash","Annually","Senior",0,0,1,0,0,0,1,0,0,0,0,0,1,0,0,1,0,0,0,0,1,0,0,0,0,0,0
1582,0.980769230769231,1,"Jewelry","Accessories",0.7125,"Ohio",3,"Teal","Fall",0.68,0,"Free Shipping",1,1,0.918367346938776,"Cash","Quarterly","Senior",1,0,0,0,1,0,0,0,0,0,1,0,0,0,0,1,0,0,0,0,0,0,0,0,0,1,0
1583,0.192307692307692,1,"Belt","Accessories",0.2625,"Hawaii",3,"Red","Spring",0,0,"Next Day Air",1,1,0.775510204081633,"Cash","Monthly","Adult",1,0,0,0,0,1,0,0,0,0,0,1,0,0,0,1,0,0,0,0,0,0,0,0,1,0,0
1584,0.365384615384615,1,"Scarf","Accessories",0.9,"Maryland",4,"Yellow","Summer",0.72,0,"Next Day Air",1,1,0.142857142857143,"Venmo","Annually","Middle Age",1,0,0,0,0,0,1,0,0,0,0,1,0,0,0,0,0,0,0,1,1,0,0,0,0,0,0
1585,0.442307692307692,1,"Blouse","Clothing",0.9375,"Hawaii",1,"Silver","Spring",0.24,0,"Store Pickup",1,1,0.918367346938776,"Credit Card","Quarterly","Middle Age",0,1,0,0,0,1,0,0,0,0,0,0,0,1,0,0,1,0,0,0,0,0,0,0,0,1,0
1586,0.365384615384615,1,"Sweater","Clothing",0.0625,"Alabama",2,"Charcoal","Fall",0.2,0,"Next Day Air",1,1,0.795918367346939,"Debit Card","Fortnightly","Middle Age",0,1,0,0,1,0,0,0,0,0,0,1,0,0,0,0,0,1,0,0,0,0,0,1,0,0,0
1587,0.134615384615385,1,"Boots","Footwear",0.7125,"Oklahoma",2,"Purple","Fall",0.6,0,"Express",1,1,0.408163265306122,"Bank Transfer","Weekly","Young Adult",0,0,1,0,1,0,0,0,0,1,0,0,0,0,1,0,0,0,0,0,0,0,0,0,0,0,1
1588,0.442307692307692,1,"Socks","Clothing",0.9875,"Alabama",2,"Beige","Summer",0.4,0,"Free Shipping",1,1,0.653061224489796,"Credit Card","Fortnightly","Middle Age",0,1,0,0,0,0,1,0,0,0,1,0,0,0,0,0,1,0,0,0,0,0,0,1,0,0,0
1589,0.576923076923077,1,"Belt","Accessories",0.05,"Vermont",3,"Cyan","Winter",0.28,0,"Next Day Air",1,1,0.0408163265306122,"Venmo","Monthly","Middle Age",1,0,0,0,0,0,0,1,0,0,0,1,0,0,0,0,0,0,0,1,0,0,0,0,1,0,0
1590,0.461538461538462,1,"Sneakers","Footwear",0.65,"Ohio",2,"Silver","Summer",0.0800000000000001,0,"Store Pickup",1,1,0.959183673469388,"Cash","Weekly","Middle Age",0,0,1,0,0,0,1,0,0,0,0,0,0,1,0,1,0,0,0,0,0,0,0,0,0,0,1
1591,0.692307692307692,1,"Jeans","Clothing",0.75,"Wisconsin",1,"Pink","Winter",0.2,0,"Free Shipping",1,1,0.142857142857143,"PayPal","Annually","Senior",0,1,0,0,0,0,0,1,0,0,1,0,0,0,0,0,0,0,1,0,1,0,0,0,0,0,0
1592,0,1,"Skirt","Clothing",1,"South Dakota",3,"Gold","Winter",0.16,0,"Next Day Air",1,1,0.469387755102041,"PayPal","Annually","Young Adult",0,1,0,0,0,0,0,1,0,0,0,1,0,0,0,0,0,0,1,0,1,0,0,0,0,0,0
1593,0.730769230769231,1,"Shoes","Footwear",0.7875,"Iowa",2,"Cyan","Summer",0.32,0,"Free Shipping",1,1,0.183673469387755,"Bank Transfer","Every 3 Months","Senior",0,0,1,0,0,0,1,0,0,0,1,0,0,0,1,0,0,0,0,0,0,0,1,0,0,0,0
1594,0.826923076923077,1,"Dress","Clothing",0.9375,"Maryland",2,"Black","Spring",0.96,0,"2-Day Shipping",1,1,0.489795918367347,"Bank Transfer","Monthly","Senior",0,1,0,0,0,1,0,0,1,0,0,0,0,0,1,0,0,0,0,0,0,0,0,0,1,0,0
1595,0.423076923076923,1,"Handbag","Accessories",0.2625,"Colorado",4,"Charcoal","Summer",0.48,0,"Store Pickup",1,1,0.0408163265306122,"Cash","Fortnightly","Middle Age",1,0,0,0,0,0,1,0,0,0,0,0,0,1,0,1,0,0,0,0,0,0,0,1,0,0,0
1596,0.307692307692308,1,"Backpack","Accessories",0.1875,"Wisconsin",1,"Magenta","Spring",0.4,0,"Standard",1,1,0.897959183673469,"Debit Card","Fortnightly","Adult",1,0,0,0,0,1,0,0,0,0,0,0,1,0,0,0,0,1,0,0,0,0,0,1,0,0,0
1597,0.461538461538462,1,"Jewelry","Accessories",0.125,"Mississippi",1,"Pink","Fall",0.88,0,"Store Pickup",1,1,0.285714285714286,"Debit Card","Monthly","Middle Age",1,0,0,0,1,0,0,0,0,0,0,0,0,1,0,0,0,1,0,0,0,0,0,0,1,0,0
1598,0.480769230769231,1,"Hat","Accessories",0.0125,"Mississippi",4,"Maroon","Winter",0.04,0,"Store Pickup",1,1,0.673469387755102,"Bank Transfer","Quarterly","Middle Age",1,0,0,0,0,0,0,1,0,0,0,0,0,1,1,0,0,0,0,0,0,0,0,0,0,1,0
1599,0.557692307692308,1,"Jewelry","Accessories",0.8125,"California",2,"Teal","Fall",0.64,0,"Express",1,1,0.408163265306122,"Venmo","Bi-Weekly","Middle Age",1,0,0,0,1,0,0,0,0,1,0,0,0,0,0,0,0,0,0,1,0,1,0,0,0,0,0
1600,0.576923076923077,1,"Shirt","Clothing",0.425,"Delaware",2,"Orange","Winter",0.12,0,"2-Day Shipping",1,1,0.428571428571429,"Debit Card","Bi-Weekly","Middle Age",0,1,0,0,0,0,0,1,1,0,0,0,0,0,0,0,0,1,0,0,0,1,0,0,0,0,0
1601,0.0384615384615385,1,"Boots","Footwear",0.075,"Montana",1,"Yellow","Spring",0.88,0,"Next Day Air",1,1,0.469387755102041,"PayPal","Weekly","Young Adult",0,0,1,0,0,1,0,0,0,0,0,1,0,0,0,0,0,0,1,0,0,0,0,0,0,0,1
1602,0.903846153846154,1,"Shirt","Clothing",0.4875,"Indiana",4,"Red","Spring",0.16,0,"Store Pickup",1,1,0.653061224489796,"Credit Card","Monthly","Senior",0,1,0,0,0,1,0,0,0,0,0,0,0,1,0,0,1,0,0,0,0,0,0,0,1,0,0
1603,0.692307692307692,1,"Sunglasses","Accessories",0.35,"West Virginia",1,"Charcoal","Winter",0.12,0,"Free Shipping",1,1,0.244897959183673,"Venmo","Fortnightly","Senior",1,0,0,0,0,0,0,1,0,0,1,0,0,0,0,0,0,0,0,1,0,0,0,1,0,0,0
1604,0.0961538461538462,1,"Shorts","Clothing",0.975,"Iowa",3,"Black","Summer",0.72,0,"Next Day Air",1,1,0.326530612244898,"Debit Card","Bi-Weekly","Young Adult",0,1,0,0,0,0,1,0,0,0,0,1,0,0,0,0,0,1,0,0,0,1,0,0,0,0,0
1605,0,1,"Sweater","Clothing",0.9,"Maine",2,"White","Summer",0.92,0,"2-Day Shipping",1,1,0.489795918367347,"Credit Card","Every 3 Months","Young Adult",0,1,0,0,0,0,1,0,1,0,0,0,0,0,0,0,1,0,0,0,0,0,1,0,0,0,0
1606,1,1,"Belt","Accessories",0.325,"Connecticut",2,"Lavender","Winter",0.36,0,"Next Day Air",1,1,0.285714285714286,"Credit Card","Bi-Weekly","Senior",1,0,0,0,0,0,0,1,0,0,0,1,0,0,0,0,1,0,0,0,0,1,0,0,0,0,0
1607,0.711538461538462,1,"T-shirt","Clothing",0.0125,"Kansas",1,"White","Spring",0.72,0,"Standard",1,1,0.0612244897959184,"PayPal","Fortnightly","Senior",0,1,0,0,0,1,0,0,0,0,0,0,1,0,0,0,0,0,1,0,0,0,0,1,0,0,0
1608,0.596153846153846,1,"Shorts","Clothing",0.65,"Vermont",1,"Gray","Fall",0.0800000000000001,0,"Free Shipping",1,1,0.857142857142857,"Debit Card","Quarterly","Middle Age",0,1,0,0,1,0,0,0,0,0,1,0,0,0,0,0,0,1,0,0,0,0,0,0,0,1,0
1609,0.153846153846154,1,"Sandals","Footwear",0.475,"Nebraska",4,"Cyan","Fall",0.84,0,"Next Day Air",1,1,0.224489795918367,"Bank Transfer","Bi-Weekly","Adult",0,0,1,0,1,0,0,0,0,0,0,1,0,0,1,0,0,0,0,0,0,1,0,0,0,0,0
1610,0.288461538461538,1,"Shirt","Clothing",0.9125,"Nevada",1,"Brown","Fall",0.64,0,"Standard",1,1,0.0408163265306122,"Venmo","Monthly","Adult",0,1,0,0,1,0,0,0,0,0,0,0,1,0,0,0,0,0,0,1,0,0,0,0,1,0,0
1611,0.0384615384615385,1,"Socks","Clothing",0.1375,"Tennessee",3,"Purple","Spring",0.36,0,"2-Day Shipping",1,1,0,"PayPal","Annually","Young Adult",0,1,0,0,0,1,0,0,1,0,0,0,0,0,0,0,0,0,1,0,1,0,0,0,0,0,0
1612,0.442307692307692,1,"Pants","Clothing",0.075,"Arkansas",3,"Yellow","Winter",0.8,0,"Next Day Air",1,1,0.102040816326531,"Debit Card","Monthly","Middle Age",0,1,0,0,0,0,0,1,0,0,0,1,0,0,0,0,0,1,0,0,0,0,0,0,1,0,0
1613,0,1,"Skirt","Clothing",0.6,"Wisconsin",2,"Indigo","Summer",0.76,0,"Standard",1,1,0.510204081632653,"Venmo","Monthly","Young Adult",0,1,0,0,0,0,1,0,0,0,0,0,1,0,0,0,0,0,0,1,0,0,0,0,1,0,0
1614,0.153846153846154,1,"Jewelry","Accessories",0.1375,"Illinois",1,"Black","Summer",0.6,0,"Next Day Air",1,1,0.102040816326531,"Credit Card","Fortnightly","Adult",1,0,0,0,0,0,1,0,0,0,0,1,0,0,0,0,1,0,0,0,0,0,0,1,0,0,0
1615,0.230769230769231,1,"T-shirt","Clothing",0.2625,"Kansas",1,"Gray","Summer",0.36,0,"Free Shipping",1,1,0.428571428571429,"Cash","Bi-Weekly","Adult",0,1,0,0,0,0,1,0,0,0,1,0,0,0,0,1,0,0,0,0,0,1,0,0,0,0,0
1616,0.884615384615385,1,"Jewelry","Accessories",0.525,"New York",2,"Indigo","Fall",0.28,0,"Standard",1,1,0.897959183673469,"Cash","Bi-Weekly","Senior",1,0,0,0,1,0,0,0,0,0,0,0,1,0,0,1,0,0,0,0,0,1,0,0,0,0,0
1617,0.153846153846154,1,"Hat","Accessories",0.2625,"Colorado",2,"Green","Spring",0.36,0,"Standard",1,1,1,"Cash","Quarterly","Adult",1,0,0,0,0,1,0,0,0,0,0,0,1,0,0,1,0,0,0,0,0,0,0,0,0,1,0
1618,0.480769230769231,1,"Blouse","Clothing",0.55,"Wisconsin",2,"Peach","Winter",0.72,0,"Standard",1,1,1,"Credit Card","Fortnightly","Middle Age",0,1,0,0,0,0,0,1,0,0,0,0,1,0,0,0,1,0,0,0,0,0,0,1,0,0,0
1619,0.865384615384615,1,"Sandals","Footwear",0.65,"Michigan",3,"Purple","Summer",1,0,"Standard",1,1,0.775510204081633,"Debit Card","Quarterly","Senior",0,0,1,0,0,0,1,0,0,0,0,0,1,0,0,0,0,1,0,0,0,0,0,0,0,1,0
1620,0.75,1,"Handbag","Accessories",0.725,"Hawaii",3,"Beige","Winter",0.4,0,"Store Pickup",1,1,1,"Venmo","Bi-Weekly","Senior",1,0,0,0,0,0,0,1,0,0,0,0,0,1,0,0,0,0,0,1,0,1,0,0,0,0,0
1621,0.134615384615385,1,"Hat","Accessories",0.3375,"Virginia",2,"Charcoal","Winter",0.24,0,"2-Day Shipping",1,1,0.530612244897959,"PayPal","Every 3 Months","Young Adult",1,0,0,0,0,0,0,1,1,0,0,0,0,0,0,0,0,0,1,0,0,0,1,0,0,0,0
1622,0.961538461538462,1,"Scarf","Accessories",0.325,"Ohio",3,"Gray","Summer",0.56,0,"2-Day Shipping",1,1,0.755102040816326,"Debit Card","Fortnightly","Senior",1,0,0,0,0,0,1,0,1,0,0,0,0,0,0,0,0,1,0,0,0,0,0,1,0,0,0
1623,0.25,1,"Shorts","Clothing",0.2875,"Missouri",1,"Brown","Winter",0.6,0,"Store Pickup",1,1,0.73469387755102,"Bank Transfer","Every 3 Months","Adult",0,1,0,0,0,0,0,1,0,0,0,0,0,1,1,0,0,0,0,0,0,0,1,0,0,0,0
1624,0.884615384615385,1,"Backpack","Accessories",0.475,"Indiana",2,"Cyan","Summer",0.4,0,"Next Day Air",1,1,1,"Debit Card","Annually","Senior",1,0,0,0,0,0,1,0,0,0,0,1,0,0,0,0,0,1,0,0,1,0,0,0,0,0,0
1625,0.384615384615385,1,"Sweater","Clothing",0.15,"Florida",2,"White","Winter",0.44,0,"Free Shipping",1,1,0.795918367346939,"PayPal","Every 3 Months","Middle Age",0,1,0,0,0,0,0,1,0,0,1,0,0,0,0,0,0,0,1,0,0,0,1,0,0,0,0
1626,0.307692307692308,1,"Skirt","Clothing",0.3125,"Minnesota",3,"Beige","Winter",0.2,0,"Next Day Air",1,1,0.0408163265306122,"PayPal","Bi-Weekly","Adult",0,1,0,0,0,0,0,1,0,0,0,1,0,0,0,0,0,0,1,0,0,1,0,0,0,0,0
1627,0.269230769230769,1,"Sneakers","Footwear",0.1875,"Nevada",3,"Orange","Summer",0.04,0,"Next Day Air",1,1,0.897959183673469,"Credit Card","Bi-Weekly","Adult",0,0,1,0,0,0,1,0,0,0,0,1,0,0,0,0,1,0,0,0,0,1,0,0,0,0,0
1628,0.980769230769231,1,"Sunglasses","Accessories",0.0125,"Maine",2,"Olive","Winter",0.16,0,"Next Day Air",1,1,0.142857142857143,"Credit Card","Annually","Senior",1,0,0,0,0,0,0,1,0,0,0,1,0,0,0,0,1,0,0,0,1,0,0,0,0,0,0
1629,0.519230769230769,1,"Dress","Clothing",0.55,"Massachusetts",1,"Teal","Winter",0.24,0,"Next Day Air",1,1,0.122448979591837,"Cash","Monthly","Middle Age",0,1,0,0,0,0,0,1,0,0,0,1,0,0,0,1,0,0,0,0,0,0,0,0,1,0,0
1630,0.326923076923077,1,"Blouse","Clothing",0.85,"North Dakota",1,"Silver","Spring",0.32,0,"Next Day Air",1,1,0.244897959183673,"Venmo","Quarterly","Adult",0,1,0,0,0,1,0,0,0,0,0,1,0,0,0,0,0,0,0,1,0,0,0,0,0,1,0
1631,0.865384615384615,1,"Shoes","Footwear",0.35,"New Jersey",2,"Gold","Summer",0.16,0,"Store Pickup",1,1,0.571428571428571,"Venmo","Every 3 Months","Senior",0,0,1,0,0,0,1,0,0,0,0,0,0,1,0,0,0,0,0,1,0,0,1,0,0,0,0
1632,0.903846153846154,1,"Sweater","Clothing",0.2,"Indiana",3,"Violet","Summer",0.56,0,"2-Day Shipping",1,1,0.122448979591837,"Bank Transfer","Fortnightly","Senior",0,1,0,0,0,0,1,0,1,0,0,0,0,0,1,0,0,0,0,0,0,0,0,1,0,0,0
1633,0.326923076923077,1,"Gloves","Accessories",0.1,"Oregon",1,"White","Summer",0.88,0,"2-Day Shipping",1,1,1,"Debit Card","Every 3 Months","Adult",1,0,0,0,0,0,1,0,1,0,0,0,0,0,0,0,0,1,0,0,0,0,1,0,0,0,0
1634,0.692307692307692,1,"Socks","Clothing",0.75,"North Dakota",2,"Peach","Spring",0.76,0,"2-Day Shipping",1,1,0.653061224489796,"Debit Card","Bi-Weekly","Senior",0,1,0,0,0,1,0,0,1,0,0,0,0,0,0,0,0,1,0,0,0,1,0,0,0,0,0
1635,0.192307692307692,1,"Coat","Outerwear",0.0375,"South Carolina",1,"Orange","Summer",0.44,0,"Store Pickup",1,1,0.591836734693878,"Cash","Every 3 Months","Adult",0,0,0,1,0,0,1,0,0,0,0,0,0,1,0,1,0,0,0,0,0,0,1,0,0,0,0
1636,0.961538461538462,1,"Sunglasses","Accessories",0.05,"North Carolina",3,"Violet","Summer",0.28,0,"Standard",1,1,0.795918367346939,"Cash","Annually","Senior",1,0,0,0,0,0,1,0,0,0,0,0,1,0,0,1,0,0,0,0,1,0,0,0,0,0,0
1637,0.769230769230769,1,"Boots","Footwear",0.025,"North Dakota",3,"Green","Fall",0.6,0,"Free Shipping",1,1,0.979591836734694,"Cash","Fortnightly","Senior",0,0,1,0,1,0,0,0,0,0,1,0,0,0,0,1,0,0,0,0,0,0,0,1,0,0,0
1638,0.326923076923077,1,"Dress","Clothing",0.0125,"Massachusetts",2,"Peach","Spring",0.4,0,"Next Day Air",1,1,0.63265306122449,"Venmo","Fortnightly","Adult",0,1,0,0,0,1,0,0,0,0,0,1,0,0,0,0,0,0,0,1,0,0,0,1,0,0,0
1639,0.961538461538462,1,"Jacket","Outerwear",0.3875,"Tennessee",2,"Black","Spring",0.84,0,"Free Shipping",1,1,0.346938775510204,"Venmo","Weekly","Senior",0,0,0,1,0,1,0,0,0,0,1,0,0,0,0,0,0,0,0,1,0,0,0,0,0,0,1
1640,0.442307692307692,1,"Gloves","Accessories",0.5625,"Missouri",3,"Blue","Summer",0.32,0,"Free Shipping",1,1,1,"PayPal","Annually","Middle Age",1,0,0,0,0,0,1,0,0,0,1,0,0,0,0,0,0,0,1,0,1,0,0,0,0,0,0
1641,0.903846153846154,1,"Scarf","Accessories",0.3875,"Tennessee",1,"Magenta","Spring",0.6,0,"2-Day Shipping",1,1,0.244897959183673,"PayPal","Weekly","Senior",1,0,0,0,0,1,0,0,1,0,0,0,0,0,0,0,0,0,1,0,0,0,0,0,0,0,1
1642,0.615384615384615,1,"Hoodie","Clothing",0.15,"Colorado",3,"Violet","Summer",0.36,0,"Free Shipping",1,1,0,"Bank Transfer","Every 3 Months","Middle Age",0,1,0,0,0,0,1,0,0,0,1,0,0,0,1,0,0,0,0,0,0,0,1,0,0,0,0
1643,0,1,"Coat","Outerwear",0.625,"Mississippi",2,"Beige","Spring",0.68,0,"Store Pickup",1,1,0.306122448979592,"PayPal","Fortnightly","Young Adult",0,0,0,1,0,1,0,0,0,0,0,0,0,1,0,0,0,0,1,0,0,0,0,1,0,0,0
1644,0.384615384615385,1,"Scarf","Accessories",0.7125,"Ohio",3,"Pink","Summer",0.56,0,"2-Day Shipping",1,1,0.102040816326531,"PayPal","Monthly","Middle Age",1,0,0,0,0,0,1,0,1,0,0,0,0,0,0,0,0,0,1,0,0,0,0,0,1,0,0
1645,0.961538461538462,1,"Coat","Outerwear",0.875,"North Carolina",1,"Beige","Summer",0.56,0,"Next Day Air",1,1,0.408163265306122,"Debit Card","Monthly","Senior",0,0,0,1,0,0,1,0,0,0,0,1,0,0,0,0,0,1,0,0,0,0,0,0,1,0,0
1646,0.673076923076923,1,"Scarf","Accessories",0.2,"Ohio",3,"Green","Summer",0.12,0,"Standard",1,1,0.714285714285714,"Venmo","Every 3 Months","Senior",1,0,0,0,0,0,1,0,0,0,0,0,1,0,0,0,0,0,0,1,0,0,1,0,0,0,0
1647,0.769230769230769,1,"Handbag","Accessories",0.7125,"Nebraska",1,"Silver","Summer",0.48,0,"Standard",1,1,0.387755102040816,"Bank Transfer","Every 3 Months","Senior",1,0,0,0,0,0,1,0,0,0,0,0,1,0,1,0,0,0,0,0,0,0,1,0,0,0,0
1648,0.307692307692308,1,"Boots","Footwear",0.725,"Hawaii",2,"Purple","Summer",0.96,0,"Store Pickup",1,1,0.142857142857143,"Debit Card","Quarterly","Adult",0,0,1,0,0,0,1,0,0,0,0,0,0,1,0,0,0,1,0,0,0,0,0,0,0,1,0
1649,0.346153846153846,1,"Pants","Clothing",0.6125,"Oklahoma",2,"Gray","Summer",0.04,0,"Express",1,1,0.428571428571429,"Credit Card","Monthly","Middle Age",0,1,0,0,0,0,1,0,0,1,0,0,0,0,0,0,1,0,0,0,0,0,0,0,1,0,0
1650,0.769230769230769,1,"T-shirt","Clothing",0.5375,"Wisconsin",2,"White","Summer",0.96,0,"Free Shipping",1,1,0.0408163265306122,"Credit Card","Quarterly","Senior",0,1,0,0,0,0,1,0,0,0,1,0,0,0,0,0,1,0,0,0,0,0,0,0,0,1,0
1651,0.807692307692308,1,"Scarf","Accessories",0.2,"Arkansas",2,"Silver","Winter",0.36,0,"Next Day Air",1,1,0.918367346938776,"Credit Card","Fortnightly","Senior",1,0,0,0,0,0,0,1,0,0,0,1,0,0,0,0,1,0,0,0,0,0,0,1,0,0,0
1652,0.788461538461538,1,"Coat","Outerwear",0.75,"Texas",2,"Blue","Winter",0.56,0,"Standard",1,1,0.836734693877551,"Debit Card","Monthly","Senior",0,0,0,1,0,0,0,1,0,0,0,0,1,0,0,0,0,1,0,0,0,0,0,0,1,0,0
1653,0.903846153846154,1,"Sweater","Clothing",0.1875,"New Mexico",2,"Orange","Summer",0.6,0,"Next Day Air",1,1,0,"Bank Transfer","Fortnightly","Senior",0,1,0,0,0,0,1,0,0,0,0,1,0,0,1,0,0,0,0,0,0,0,0,1,0,0,0
1654,0.25,1,"Belt","Accessories",0.9125,"Colorado",3,"Silver","Winter",0.2,0,"2-Day Shipping",1,1,0.571428571428571,"Debit Card","Bi-Weekly","Adult",1,0,0,0,0,0,0,1,1,0,0,0,0,0,0,0,0,1,0,0,0,1,0,0,0,0,0
1655,0.480769230769231,1,"Belt","Accessories",0.0625,"Indiana",3,"Gray","Spring",0.04,0,"Store Pickup",1,1,0.26530612244898,"Credit Card","Quarterly","Middle Age",1,0,0,0,0,1,0,0,0,0,0,0,0,1,0,0,1,0,0,0,0,0,0,0,0,1,0
1656,0.365384615384615,1,"Sweater","Clothing",0.7625,"Arizona",3,"Gold","Spring",0.28,0,"Next Day Air",1,1,0.0612244897959184,"PayPal","Monthly","Middle Age",0,1,0,0,0,1,0,0,0,0,0,1,0,0,0,0,0,0,1,0,0,0,0,0,1,0,0
1657,0.0576923076923077,1,"Blouse","Clothing",0.275,"Indiana",3,"Brown","Spring",0.04,0,"2-Day Shipping",1,1,0.816326530612245,"PayPal","Every 3 Months","Young Adult",0,1,0,0,0,1,0,0,1,0,0,0,0,0,0,0,0,0,1,0,0,0,1,0,0,0,0
1658,0.980769230769231,1,"Skirt","Clothing",0.2,"Indiana",3,"Turquoise","Spring",0.28,0,"Store Pickup",1,1,0.0612244897959184,"Debit Card","Bi-Weekly","Senior",0,1,0,0,0,1,0,0,0,0,0,0,0,1,0,0,0,1,0,0,0,1,0,0,0,0,0
1659,0.269230769230769,1,"Jewelry","Accessories",0.575,"Alaska",1,"Pink","Spring",0.64,0,"Store Pickup",1,1,0.938775510204082,"Cash","Weekly","Adult",1,0,0,0,0,1,0,0,0,0,0,0,0,1,0,1,0,0,0,0,0,0,0,0,0,0,1
1660,0.673076923076923,1,"Gloves","Accessories",0.2125,"Utah",2,"Black","Fall",0.56,0,"Next Day Air",1,1,0.877551020408163,"Venmo","Annually","Senior",1,0,0,0,1,0,0,0,0,0,0,1,0,0,0,0,0,0,0,1,1,0,0,0,0,0,0
1661,0.788461538461538,1,"T-shirt","Clothing",0.3125,"Louisiana",3,"Yellow","Winter",0.64,0,"Standard",1,1,0.73469387755102,"Venmo","Monthly","Senior",0,1,0,0,0,0,0,1,0,0,0,0,1,0,0,0,0,0,0,1,0,0,0,0,1,0,0
1662,0.884615384615385,1,"Gloves","Accessories",0.825,"Iowa",1,"Beige","Summer",0.0800000000000001,0,"2-Day Shipping",1,1,0.408163265306122,"Debit Card","Quarterly","Senior",1,0,0,0,0,0,1,0,1,0,0,0,0,0,0,0,0,1,0,0,0,0,0,0,0,1,0
1663,0.865384615384615,1,"Sunglasses","Accessories",0.05,"New Mexico",2,"Olive","Winter",0.84,0,"Free Shipping",1,1,0.918367346938776,"Debit Card","Fortnightly","Senior",1,0,0,0,0,0,0,1,0,0,1,0,0,0,0,0,0,1,0,0,0,0,0,1,0,0,0
1664,0.480769230769231,1,"Shirt","Clothing",0.025,"Maine",4,"Gold","Summer",0.4,0,"Standard",1,1,0,"Cash","Bi-Weekly","Middle Age",0,1,0,0,0,0,1,0,0,0,0,0,1,0,0,1,0,0,0,0,0,1,0,0,0,0,0
1665,0.0192307692307692,1,"Handbag","Accessories",0.4125,"Minnesota",2,"Purple","Spring",1,0,"Next Day Air",1,1,0.693877551020408,"PayPal","Weekly","Young Adult",1,0,0,0,0,1,0,0,0,0,0,1,0,0,0,0,0,0,1,0,0,0,0,0,0,0,1
1666,0.423076923076923,1,"Jacket","Outerwear",0.2625,"New Mexico",3,"Pink","Fall",0.36,0,"Next Day Air",1,1,0.979591836734694,"Venmo","Monthly","Middle Age",0,0,0,1,1,0,0,0,0,0,0,1,0,0,0,0,0,0,0,1,0,0,0,0,1,0,0
1667,0.634615384615385,1,"Skirt","Clothing",0.55,"Arkansas",2,"Blue","Summer",0.24,0,"Store Pickup",1,1,0.938775510204082,"PayPal","Annually","Senior",0,1,0,0,0,0,1,0,0,0,0,0,0,1,0,0,0,0,1,0,1,0,0,0,0,0,0
1668,0.634615384615385,1,"Handbag","Accessories",0.25,"Oklahoma",3,"Brown","Winter",0.36,0,"2-Day Shipping",1,1,0.469387755102041,"Bank Transfer","Every 3 Months","Senior",1,0,0,0,0,0,0,1,1,0,0,0,0,0,1,0,0,0,0,0,0,0,1,0,0,0,0
1669,0.923076923076923,1,"Blouse","Clothing",0.1625,"Utah",3,"Charcoal","Summer",0.6,0,"Standard",1,1,0.551020408163265,"Debit Card","Fortnightly","Senior",0,1,0,0,0,0,1,0,0,0,0,0,1,0,0,0,0,1,0,0,0,0,0,1,0,0,0
1670,0.461538461538462,1,"T-shirt","Clothing",0.4875,"Wisconsin",3,"Maroon","Winter",0.0800000000000001,0,"Store Pickup",1,1,0.428571428571429,"Bank Transfer","Quarterly","Middle Age",0,1,0,0,0,0,0,1,0,0,0,0,0,1,1,0,0,0,0,0,0,0,0,0,0,1,0
1671,0.0769230769230769,1,"Pants","Clothing",0.6625,"Utah",3,"Cyan","Fall",0.44,0,"Free Shipping",1,1,0.387755102040816,"Cash","Weekly","Young Adult",0,1,0,0,1,0,0,0,0,0,1,0,0,0,0,1,0,0,0,0,0,0,0,0,0,0,1
1672,0.25,1,"Hoodie","Clothing",0.025,"Utah",2,"Olive","Winter",0.6,0,"Free Shipping",1,1,0.489795918367347,"Bank Transfer","Weekly","Adult",0,1,0,0,0,0,0,1,0,0,1,0,0,0,1,0,0,0,0,0,0,0,0,0,0,0,1
1673,0,1,"Boots","Footwear",0.6625,"South Carolina",3,"Gold","Fall",0.52,0,"Free Shipping",1,1,0.285714285714286,"Venmo","Quarterly","Young Adult",0,0,1,0,1,0,0,0,0,0,1,0,0,0,0,0,0,0,0,1,0,0,0,0,0,1,0
1674,0.0576923076923077,1,"Blouse","Clothing",0.525,"Hawaii",2,"Violet","Fall",0.36,0,"Next Day Air",1,1,0.979591836734694,"Venmo","Bi-Weekly","Young Adult",0,1,0,0,1,0,0,0,0,0,0,1,0,0,0,0,0,0,0,1,0,1,0,0,0,0,0
1675,0.326923076923077,1,"Coat","Outerwear",0.45,"Alaska",2,"Peach","Winter",0.28,0,"Free Shipping",1,1,0.183673469387755,"Debit Card","Fortnightly","Adult",0,0,0,1,0,0,0,1,0,0,1,0,0,0,0,0,0,1,0,0,0,0,0,1,0,0,0
1676,0.326923076923077,1,"Pants","Clothing",0.875,"Colorado",2,"Beige","Spring",0.88,0,"Next Day Air",1,1,0.408163265306122,"Credit Card","Annually","Adult",0,1,0,0,0,1,0,0,0,0,0,1,0,0,0,0,1,0,0,0,1,0,0,0,0,0,0
1677,0.173076923076923,1,"Sunglasses","Accessories",0.3,"West Virginia",2,"Cyan","Winter",0.24,0,"Next Day Air",1,1,0.673469387755102,"Bank Transfer","Weekly","Adult",1,0,0,0,0,0,0,1,0,0,0,1,0,0,1,0,0,0,0,0,0,0,0,0,0,0,1
1678,0.903846153846154,1,"Jeans","Clothing",0.1875,"Oregon",3,"Silver","Summer",0.32,0,"Next Day Air",0,0,0.816326530612245,"Debit Card","Weekly","Senior",0,1,0,0,0,0,1,0,0,0,0,1,0,0,0,0,0,1,0,0,0,0,0,0,0,0,1
1679,0.442307692307692,1,"Pants","Clothing",0.6375,"Ohio",1,"Magenta","Summer",0.92,0,"2-Day Shipping",0,0,0.591836734693878,"Venmo","Fortnightly","Middle Age",0,1,0,0,0,0,1,0,1,0,0,0,0,0,0,0,0,0,0,1,0,0,0,1,0,0,0
1680,0.807692307692308,1,"Dress","Clothing",0.4,"Massachusetts",1,"Black","Fall",0.8,0,"Next Day Air",0,0,0.469387755102041,"Debit Card","Bi-Weekly","Senior",0,1,0,0,1,0,0,0,0,0,0,1,0,0,0,0,0,1,0,0,0,1,0,0,0,0,0
1681,0.826923076923077,1,"Shoes","Footwear",0.2125,"Louisiana",2,"Olive","Summer",0.36,0,"Store Pickup",0,0,0.102040816326531,"Credit Card","Annually","Senior",0,0,1,0,0,0,1,0,0,0,0,0,0,1,0,0,1,0,0,0,1,0,0,0,0,0,0
1682,0.115384615384615,1,"Sneakers","Footwear",0.9375,"Virginia",3,"Green","Winter",0.48,0,"2-Day Shipping",0,0,0.26530612244898,"Credit Card","Bi-Weekly","Young Adult",0,0,1,0,0,0,0,1,1,0,0,0,0,0,0,0,1,0,0,0,0,1,0,0,0,0,0
1683,0.903846153846154,1,"Socks","Clothing",0.9625,"New York",2,"Yellow","Fall",0.96,0,"2-Day Shipping",0,0,0.73469387755102,"Credit Card","Bi-Weekly","Senior",0,1,0,0,1,0,0,0,1,0,0,0,0,0,0,0,1,0,0,0,0,1,0,0,0,0,0
1684,0.0961538461538462,1,"Coat","Outerwear",0.4625,"Arkansas",1,"Lavender","Spring",0.4,0,"Next Day Air",0,0,0.73469387755102,"Venmo","Quarterly","Young Adult",0,0,0,1,0,1,0,0,0,0,0,1,0,0,0,0,0,0,0,1,0,0,0,0,0,1,0
1685,0.230769230769231,1,"Shirt","Clothing",0.9125,"New Mexico",2,"Indigo","Spring",0.84,0,"Standard",0,0,0.551020408163265,"PayPal","Weekly","Adult",0,1,0,0,0,1,0,0,0,0,0,0,1,0,0,0,0,0,1,0,0,0,0,0,0,0,1
1686,0.288461538461538,1,"Blouse","Clothing",0.35,"Minnesota",2,"Pink","Winter",0.84,0,"Standard",0,0,0.857142857142857,"PayPal","Bi-Weekly","Adult",0,1,0,0,0,0,0,1,0,0,0,0,1,0,0,0,0,0,1,0,0,1,0,0,0,0,0
1687,0.0769230769230769,1,"Gloves","Accessories",0.6875,"Illinois",3,"Red","Fall",0.68,0,"Store Pickup",0,0,0.489795918367347,"Cash","Annually","Young Adult",1,0,0,0,1,0,0,0,0,0,0,0,0,1,0,1,0,0,0,0,1,0,0,0,0,0,0
1688,0.942307692307692,1,"Skirt","Clothing",0.625,"Georgia",1,"Magenta","Winter",0.48,0,"Free Shipping",0,0,0.0612244897959184,"PayPal","Annually","Senior",0,1,0,0,0,0,0,1,0,0,1,0,0,0,0,0,0,0,1,0,1,0,0,0,0,0,0
1689,0.192307692307692,1,"Handbag","Accessories",0.075,"Mississippi",1,"Peach","Winter",0.2,0,"Next Day Air",0,0,0.244897959183673,"Venmo","Fortnightly","Adult",1,0,0,0,0,0,0,1,0,0,0,1,0,0,0,0,0,0,0,1,0,0,0,1,0,0,0
1690,0.269230769230769,1,"Shirt","Clothing",0.6625,"North Carolina",3,"Turquoise","Winter",0.84,0,"Store Pickup",0,0,0.63265306122449,"Bank Transfer","Monthly","Adult",0,1,0,0,0,0,0,1,0,0,0,0,0,1,1,0,0,0,0,0,0,0,0,0,1,0,0
1691,0.423076923076923,1,"Coat","Outerwear",0.125,"Nevada",2,"Black","Summer",0.28,0,"Free Shipping",0,0,0,"Cash","Annually","Middle Age",0,0,0,1,0,0,1,0,0,0,1,0,0,0,0,1,0,0,0,0,1,0,0,0,0,0,0
1692,0.884615384615385,1,"Shoes","Footwear",0.5125,"Connecticut",3,"Blue","Summer",0.4,0,"Next Day Air",0,0,0.0612244897959184,"Cash","Annually","Senior",0,0,1,0,0,0,1,0,0,0,0,1,0,0,0,1,0,0,0,0,1,0,0,0,0,0,0
1693,0.730769230769231,1,"Handbag","Accessories",0.6875,"Utah",2,"Beige","Winter",0.04,0,"Standard",0,0,0.653061224489796,"Cash","Bi-Weekly","Senior",1,0,0,0,0,0,0,1,0,0,0,0,1,0,0,1,0,0,0,0,0,1,0,0,0,0,0
1694,0.865384615384615,1,"Jacket","Outerwear",0.85,"Tennessee",4,"Olive","Fall",0.96,0,"Standard",0,0,0.897959183673469,"Bank Transfer","Fortnightly","Senior",0,0,0,1,1,0,0,0,0,0,0,0,1,0,1,0,0,0,0,0,0,0,0,1,0,0,0
1695,0.0384615384615385,1,"Shirt","Clothing",0.5875,"Mississippi",2,"Turquoise","Summer",0.0800000000000001,0,"Express",0,0,0.387755102040816,"Debit Card","Fortnightly","Young Adult",0,1,0,0,0,0,1,0,0,1,0,0,0,0,0,0,0,1,0,0,0,0,0,1,0,0,0
1696,0.692307692307692,1,"Hat","Accessories",0.9375,"Nebraska",1,"Yellow","Fall",0.88,0,"2-Day Shipping",0,0,0,"PayPal","Fortnightly","Senior",1,0,0,0,1,0,0,0,1,0,0,0,0,0,0,0,0,0,1,0,0,0,0,1,0,0,0
1697,0.25,1,"Sunglasses","Accessories",0.6125,"West Virginia",1,"Turquoise","Spring",0.6,0,"Free Shipping",0,0,0.122448979591837,"Credit Card","Bi-Weekly","Adult",1,0,0,0,0,1,0,0,0,0,1,0,0,0,0,0,1,0,0,0,0,1,0,0,0,0,0
1698,0.346153846153846,1,"Shirt","Clothing",0.8375,"South Carolina",3,"Lavender","Fall",0.4,0,"Next Day Air",0,0,0.959183673469388,"Credit Card","Every 3 Months","Middle Age",0,1,0,0,1,0,0,0,0,0,0,1,0,0,0,0,1,0,0,0,0,0,1,0,0,0,0
1699,0.134615384615385,1,"Belt","Accessories",0.2625,"Iowa",4,"Turquoise","Winter",0.92,0,"Standard",0,0,0.918367346938776,"Bank Transfer","Quarterly","Young Adult",1,0,0,0,0,0,0,1,0,0,0,0,1,0,1,0,0,0,0,0,0,0,0,0,0,1,0
1700,0.0384615384615385,1,"Sweater","Clothing",0.5875,"North Dakota",3,"Teal","Spring",0.6,0,"Free Shipping",0,0,0.673469387755102,"Debit Card","Annually","Young Adult",0,1,0,0,0,1,0,0,0,0,1,0,0,0,0,0,0,1,0,0,1,0,0,0,0,0,0
1701,0.846153846153846,1,"Hoodie","Clothing",0.625,"West Virginia",3,"Black","Fall",0.64,0,"Express",0,0,0.714285714285714,"Bank Transfer","Monthly","Senior",0,1,0,0,1,0,0,0,0,1,0,0,0,0,1,0,0,0,0,0,0,0,0,0,1,0,0
1702,0.980769230769231,1,"Handbag","Accessories",0.2625,"Mississippi",4,"Blue","Winter",0.52,0,"Next Day Air",0,0,0.877551020408163,"Debit Card","Every 3 Months","Senior",1,0,0,0,0,0,0,1,0,0,0,1,0,0,0,0,0,1,0,0,0,0,1,0,0,0,0
1703,0.692307692307692,1,"Jeans","Clothing",0.7875,"Alabama",4,"Yellow","Summer",1,0,"Express",0,0,0.959183673469388,"Bank Transfer","Weekly","Senior",0,1,0,0,0,0,1,0,0,1,0,0,0,0,1,0,0,0,0,0,0,0,0,0,0,0,1
1704,0.403846153846154,1,"Backpack","Accessories",0.025,"California",2,"Black","Spring",0.6,0,"Next Day Air",0,0,0.224489795918367,"Bank Transfer","Annually","Middle Age",1,0,0,0,0,1,0,0,0,0,0,1,0,0,1,0,0,0,0,0,1,0,0,0,0,0,0
1705,0.730769230769231,1,"Sneakers","Footwear",0,"Idaho",2,"Lavender","Summer",0.56,0,"Store Pickup",0,0,0.36734693877551,"Cash","Every 3 Months","Senior",0,0,1,0,0,0,1,0,0,0,0,0,0,1,0,1,0,0,0,0,0,0,1,0,0,0,0
1706,0.403846153846154,1,"Jewelry","Accessories",0.1125,"South Dakota",3,"Cyan","Summer",0.36,0,"2-Day Shipping",0,0,0.979591836734694,"Venmo","Bi-Weekly","Middle Age",1,0,0,0,0,0,1,0,1,0,0,0,0,0,0,0,0,0,0,1,0,1,0,0,0,0,0
1707,0.365384615384615,1,"Sunglasses","Accessories",0.8375,"North Dakota",2,"Brown","Spring",0.2,0,"Standard",0,0,0.489795918367347,"Venmo","Fortnightly","Middle Age",1,0,0,0,0,1,0,0,0,0,0,0,1,0,0,0,0,0,0,1,0,0,0,1,0,0,0
1708,0.134615384615385,1,"Shorts","Clothing",0.7625,"Nevada",3,"Maroon","Fall",0.96,0,"2-Day Shipping",0,0,0.489795918367347,"Cash","Bi-Weekly","Young Adult",0,1,0,0,1,0,0,0,1,0,0,0,0,0,0,1,0,0,0,0,0,1,0,0,0,0,0
1709,0.326923076923077,1,"Boots","Footwear",0.475,"Florida",3,"Cyan","Spring",0.28,0,"Express",0,0,0,"Credit Card","Quarterly","Adult",0,0,1,0,0,1,0,0,0,1,0,0,0,0,0,0,1,0,0,0,0,0,0,0,0,1,0
1710,0.519230769230769,1,"Skirt","Clothing",0.7875,"Indiana",2,"Pink","Winter",0.52,0,"Standard",0,0,0.36734693877551,"Bank Transfer","Annually","Middle Age",0,1,0,0,0,0,0,1,0,0,0,0,1,0,1,0,0,0,0,0,1,0,0,0,0,0,0
1711,0.0192307692307692,1,"Pants","Clothing",0.4875,"Arkansas",4,"Orange","Fall",0.52,0,"Store Pickup",0,0,0.122448979591837,"Credit Card","Quarterly","Young Adult",0,1,0,0,1,0,0,0,0,0,0,0,0,1,0,0,1,0,0,0,0,0,0,0,0,1,0
1712,0.0576923076923077,1,"T-shirt","Clothing",0.9125,"North Carolina",2,"Lavender","Spring",0.88,0,"Express",0,0,0.36734693877551,"Credit Card","Monthly","Young Adult",0,1,0,0,0,1,0,0,0,1,0,0,0,0,0,0,1,0,0,0,0,0,0,0,1,0,0
1713,0.903846153846154,1,"T-shirt","Clothing",0.8375,"Illinois",1,"Beige","Fall",0.52,0,"2-Day Shipping",0,0,0.163265306122449,"Cash","Fortnightly","Senior",0,1,0,0,1,0,0,0,1,0,0,0,0,0,0,1,0,0,0,0,0,0,0,1,0,0,0
1714,0.596153846153846,1,"Jacket","Outerwear",0.025,"Missouri",2,"Pink","Winter",0.84,0,"Free Shipping",0,0,0.73469387755102,"PayPal","Quarterly","Middle Age",0,0,0,1,0,0,0,1,0,0,1,0,0,0,0,0,0,0,1,0,0,0,0,0,0,1,0
1715,0.230769230769231,1,"Jeans","Clothing",0.6375,"South Dakota",1,"Charcoal","Summer",0.76,0,"Standard",0,0,0.285714285714286,"Cash","Monthly","Adult",0,1,0,0,0,0,1,0,0,0,0,0,1,0,0,1,0,0,0,0,0,0,0,0,1,0,0
1716,0.0961538461538462,1,"Dress","Clothing",0.6125,"Idaho",4,"Gray","Spring",0.36,0,"2-Day Shipping",0,0,0.591836734693878,"PayPal","Bi-Weekly","Young Adult",0,1,0,0,0,1,0,0,1,0,0,0,0,0,0,0,0,0,1,0,0,1,0,0,0,0,0
1717,0.980769230769231,1,"Blouse","Clothing",0.3375,"Connecticut",2,"Cyan","Winter",0.88,0,"Standard",0,0,0.591836734693878,"Cash","Every 3 Months","Senior",0,1,0,0,0,0,0,1,0,0,0,0,1,0,0,1,0,0,0,0,0,0,1,0,0,0,0
1718,0.211538461538462,1,"Hoodie","Clothing",0.375,"Hawaii",3,"Orange","Summer",0.16,0,"Express",0,0,0.306122448979592,"Debit Card","Bi-Weekly","Adult",0,1,0,0,0,0,1,0,0,1,0,0,0,0,0,0,0,1,0,0,0,1,0,0,0,0,0
1719,0.692307692307692,1,"T-shirt","Clothing",0.95,"Maryland",3,"Pink","Winter",0.36,0,"2-Day Shipping",0,0,0.26530612244898,"PayPal","Every 3 Months","Senior",0,1,0,0,0,0,0,1,1,0,0,0,0,0,0,0,0,0,1,0,0,0,1,0,0,0,0
1720,0.519230769230769,1,"Sweater","Clothing",0.2375,"Maryland",2,"White","Winter",0.28,0,"Free Shipping",0,0,0.142857142857143,"Venmo","Quarterly","Middle Age",0,1,0,0,0,0,0,1,0,0,1,0,0,0,0,0,0,0,0,1,0,0,0,0,0,1,0
1721,0.134615384615385,1,"Shorts","Clothing",0.8,"Massachusetts",1,"Beige","Winter",0.12,0,"Express",0,0,0.795918367346939,"Debit Card","Bi-Weekly","Young Adult",0,1,0,0,0,0,0,1,0,1,0,0,0,0,0,0,0,1,0,0,0,1,0,0,0,0,0
1722,0.307692307692308,1,"Jewelry","Accessories",0.1,"Delaware",1,"Magenta","Spring",0.72,0,"Free Shipping",0,0,0.469387755102041,"Credit Card","Monthly","Adult",1,0,0,0,0,1,0,0,0,0,1,0,0,0,0,0,1,0,0,0,0,0,0,0,1,0,0
1723,0.538461538461538,1,"T-shirt","Clothing",0.3875,"Massachusetts",3,"Violet","Summer",0.32,0,"Standard",0,0,0.26530612244898,"Cash","Fortnightly","Middle Age",0,1,0,0,0,0,1,0,0,0,0,0,1,0,0,1,0,0,0,0,0,0,0,1,0,0,0
1724,1,1,"Scarf","Accessories",0,"New York",4,"Gold","Spring",0.32,0,"Standard",0,0,0.775510204081633,"PayPal","Annually","Senior",1,0,0,0,0,1,0,0,0,0,0,0,1,0,0,0,0,0,1,0,1,0,0,0,0,0,0
1725,0.461538461538462,1,"Shoes","Footwear",0.65,"Delaware",1,"Teal","Winter",0.32,0,"Free Shipping",0,0,0.408163265306122,"PayPal","Weekly","Middle Age",0,0,1,0,0,0,0,1,0,0,1,0,0,0,0,0,0,0,1,0,0,0,0,0,0,0,1
1726,0.519230769230769,1,"Sunglasses","Accessories",0.1625,"Massachusetts",2,"Indigo","Spring",0.2,0,"Next Day Air",0,0,0.63265306122449,"Venmo","Quarterly","Middle Age",1,0,0,0,0,1,0,0,0,0,0,1,0,0,0,0,0,0,0,1,0,0,0,0,0,1,0
1727,0.75,1,"Coat","Outerwear",0.1,"Indiana",1,"Olive","Summer",0.12,0,"Express",0,0,0.897959183673469,"Debit Card","Weekly","Senior",0,0,0,1,0,0,1,0,0,1,0,0,0,0,0,0,0,1,0,0,0,0,0,0,0,0,1
1728,0.596153846153846,1,"Blouse","Clothing",0.4125,"Virginia",1,"Violet","Spring",0.6,0,"Express",0,0,0.36734693877551,"PayPal","Monthly","Middle Age",0,1,0,0,0,1,0,0,0,1,0,0,0,0,0,0,0,0,1,0,0,0,0,0,1,0,0
1729,0.0961538461538462,1,"Jeans","Clothing",0.35,"Wyoming",3,"Black","Fall",0.72,0,"Express",0,0,0,"Debit Card","Every 3 Months","Young Adult",0,1,0,0,1,0,0,0,0,1,0,0,0,0,0,0,0,1,0,0,0,0,1,0,0,0,0
1730,0.557692307692308,1,"Shorts","Clothing",0.0125,"Illinois",2,"Brown","Winter",0.52,0,"Store Pickup",0,0,0.224489795918367,"Venmo","Fortnightly","Middle Age",0,1,0,0,0,0,0,1,0,0,0,0,0,1,0,0,0,0,0,1,0,0,0,1,0,0,0
1731,0.0961538461538462,1,"Shirt","Clothing",0.025,"Alabama",1,"Silver","Fall",0.68,0,"Free Shipping",0,0,0.510204081632653,"Credit Card","Weekly","Young Adult",0,1,0,0,1,0,0,0,0,0,1,0,0,0,0,0,1,0,0,0,0,0,0,0,0,0,1
1732,0.0576923076923077,1,"Backpack","Accessories",0.8375,"Idaho",2,"Gray","Fall",0.24,0,"Next Day Air",0,0,0.224489795918367,"Cash","Monthly","Young Adult",1,0,0,0,1,0,0,0,0,0,0,1,0,0,0,1,0,0,0,0,0,0,0,0,1,0,0
1733,0.519230769230769,1,"Belt","Accessories",0.375,"Rhode Island",1,"Charcoal","Winter",0.04,0,"Free Shipping",0,0,0.714285714285714,"Cash","Every 3 Months","Middle Age",1,0,0,0,0,0,0,1,0,0,1,0,0,0,0,1,0,0,0,0,0,0,1,0,0,0,0
1734,0.942307692307692,1,"Blouse","Clothing",0.8125,"New York",3,"Black","Summer",0.36,0,"Express",0,0,0.428571428571429,"Credit Card","Annually","Senior",0,1,0,0,0,0,1,0,0,1,0,0,0,0,0,0,1,0,0,0,1,0,0,0,0,0,0
1735,0.25,1,"Jeans","Clothing",0.975,"Missouri",3,"Brown","Spring",0.24,0,"Next Day Air",0,0,0.306122448979592,"PayPal","Quarterly","Adult",0,1,0,0,0,1,0,0,0,0,0,1,0,0,0,0,0,0,1,0,0,0,0,0,0,1,0
1736,0.769230769230769,1,"Dress","Clothing",0.175,"Texas",2,"Purple","Winter",0.44,0,"Express",0,0,0.612244897959184,"Venmo","Annually","Senior",0,1,0,0,0,0,0,1,0,1,0,0,0,0,0,0,0,0,0,1,1,0,0,0,0,0,0
1737,0.75,1,"Shorts","Clothing",0.5125,"Tennessee",2,"Purple","Summer",0.04,0,"2-Day Shipping",0,0,0.857142857142857,"Cash","Quarterly","Senior",0,1,0,0,0,0,1,0,1,0,0,0,0,0,0,1,0,0,0,0,0,0,0,0,0,1,0
1738,0.461538461538462,1,"Jewelry","Accessories",0.975,"Ohio",3,"Gray","Summer",0.68,0,"Store Pickup",0,0,1,"Venmo","Bi-Weekly","Middle Age",1,0,0,0,0,0,1,0,0,0,0,0,0,1,0,0,0,0,0,1,0,1,0,0,0,0,0
1739,0.807692307692308,1,"Handbag","Accessories",0.5125,"Tennessee",2,"Green","Spring",0.16,0,"2-Day Shipping",0,0,0.73469387755102,"Credit Card","Weekly","Senior",1,0,0,0,0,1,0,0,1,0,0,0,0,0,0,0,1,0,0,0,0,0,0,0,0,0,1
1740,0.0576923076923077,1,"Jewelry","Accessories",0.975,"Minnesota",3,"Silver","Winter",0.68,0,"Express",0,0,0.448979591836735,"Cash","Weekly","Young Adult",1,0,0,0,0,0,0,1,0,1,0,0,0,0,0,1,0,0,0,0,0,0,0,0,0,0,1
1741,0.980769230769231,1,"Pants","Clothing",0.0125,"Wisconsin",3,"Charcoal","Fall",0.32,0,"Next Day Air",0,0,0.183673469387755,"Bank Transfer","Every 3 Months","Senior",0,1,0,0,1,0,0,0,0,0,0,1,0,0,1,0,0,0,0,0,0,0,1,0,0,0,0
1742,0.442307692307692,1,"Pants","Clothing",0.3875,"Delaware",4,"Teal","Winter",0.44,0,"Next Day Air",0,0,0.387755102040816,"Bank Transfer","Monthly","Middle Age",0,1,0,0,0,0,0,1,0,0,0,1,0,0,1,0,0,0,0,0,0,0,0,0,1,0,0
1743,0.634615384615385,1,"Sandals","Footwear",0.75,"Kansas",4,"White","Spring",0.72,0,"Express",0,0,0.346938775510204,"Venmo","Every 3 Months","Senior",0,0,1,0,0,1,0,0,0,1,0,0,0,0,0,0,0,0,0,1,0,0,1,0,0,0,0
1744,0.0961538461538462,1,"Skirt","Clothing",0.65,"Missouri",4,"Brown","Winter",0.32,0,"Standard",0,0,0.0408163265306122,"Bank Transfer","Weekly","Young Adult",0,1,0,0,0,0,0,1,0,0,0,0,1,0,1,0,0,0,0,0,0,0,0,0,0,0,1
1745,0.75,1,"Sunglasses","Accessories",0.5375,"Michigan",3,"Teal","Winter",0.2,0,"Standard",0,0,0.448979591836735,"PayPal","Weekly","Senior",1,0,0,0,0,0,0,1,0,0,0,0,1,0,0,0,0,0,1,0,0,0,0,0,0,0,1
1746,0.423076923076923,1,"Skirt","Clothing",0.0875,"West Virginia",3,"Red","Winter",0.44,0,"Store Pickup",0,0,0.530612244897959,"Cash","Weekly","Middle Age",0,1,0,0,0,0,0,1,0,0,0,0,0,1,0,1,0,0,0,0,0,0,0,0,0,0,1
1747,0.903846153846154,1,"Handbag","Accessories",0.3,"Alabama",3,"Brown","Summer",0.24,0,"Store Pickup",0,0,0.877551020408163,"Bank Transfer","Fortnightly","Senior",1,0,0,0,0,0,1,0,0,0,0,0,0,1,1,0,0,0,0,0,0,0,0,1,0,0,0
1748,0.826923076923077,1,"Coat","Outerwear",0.0375,"New Hampshire",2,"Yellow","Winter",0.16,0,"Express",0,0,0.816326530612245,"Venmo","Quarterly","Senior",0,0,0,1,0,0,0,1,0,1,0,0,0,0,0,0,0,0,0,1,0,0,0,0,0,1,0
1749,0.307692307692308,1,"Skirt","Clothing",0.9125,"Montana",3,"Teal","Winter",0.56,0,"2-Day Shipping",0,0,0.816326530612245,"Bank Transfer","Annually","Adult",0,1,0,0,0,0,0,1,1,0,0,0,0,0,1,0,0,0,0,0,1,0,0,0,0,0,0
1750,0.480769230769231,1,"Hoodie","Clothing",0.625,"Wyoming",3,"Pink","Fall",0.28,0,"2-Day Shipping",0,0,0.714285714285714,"Debit Card","Every 3 Months","Middle Age",0,1,0,0,1,0,0,0,1,0,0,0,0,0,0,0,0,1,0,0,0,0,1,0,0,0,0
1751,0.25,1,"Sunglasses","Accessories",0.8125,"Missouri",2,"White","Fall",0.24,0,"Express",0,0,0.755102040816326,"Venmo","Every 3 Months","Adult",1,0,0,0,1,0,0,0,0,1,0,0,0,0,0,0,0,0,0,1,0,0,1,0,0,0,0
1752,0.75,1,"Sweater","Clothing",0.25,"Ohio",2,"Silver","Winter",0.28,0,"2-Day Shipping",0,0,0.673469387755102,"Cash","Annually","Senior",0,1,0,0,0,0,0,1,1,0,0,0,0,0,0,1,0,0,0,0,1,0,0,0,0,0,0
1753,0.307692307692308,1,"Boots","Footwear",0.1125,"South Dakota",3,"Blue","Winter",0.32,0,"Store Pickup",0,0,0.26530612244898,"Venmo","Quarterly","Adult",0,0,1,0,0,0,0,1,0,0,0,0,0,1,0,0,0,0,0,1,0,0,0,0,0,1,0
1754,0.134615384615385,1,"Skirt","Clothing",0.0875,"Colorado",3,"Black","Fall",0.92,0,"Next Day Air",0,0,0.448979591836735,"Credit Card","Fortnightly","Young Adult",0,1,0,0,1,0,0,0,0,0,0,1,0,0,0,0,1,0,0,0,0,0,0,1,0,0,0
1755,0.923076923076923,1,"Dress","Clothing",0.9125,"Massachusetts",1,"Beige","Fall",0.52,0,"2-Day Shipping",0,0,0.346938775510204,"Credit Card","Fortnightly","Senior",0,1,0,0,1,0,0,0,1,0,0,0,0,0,0,0,1,0,0,0,0,0,0,1,0,0,0
1756,0.730769230769231,1,"Belt","Accessories",0,"Delaware",4,"Charcoal","Spring",0.84,0,"Next Day Air",0,0,0.897959183673469,"Cash","Monthly","Senior",1,0,0,0,0,1,0,0,0,0,0,1,0,0,0,1,0,0,0,0,0,0,0,0,1,0,0
1757,0.596153846153846,1,"Jewelry","Accessories",0.4375,"New Hampshire",1,"Cyan","Fall",0.12,0,"Free Shipping",0,0,0.26530612244898,"Bank Transfer","Weekly","Middle Age",1,0,0,0,1,0,0,0,0,0,1,0,0,0,1,0,0,0,0,0,0,0,0,0,0,0,1
1758,0.0192307692307692,1,"Dress","Clothing",0.925,"Michigan",3,"Yellow","Fall",0.44,0,"Standard",0,0,0.959183673469388,"Debit Card","Annually","Young Adult",0,1,0,0,1,0,0,0,0,0,0,0,1,0,0,0,0,1,0,0,1,0,0,0,0,0,0
1759,0.173076923076923,1,"Hat","Accessories",0.45,"Pennsylvania",2,"Silver","Winter",0.72,0,"Free Shipping",0,0,0.326530612244898,"Venmo","Bi-Weekly","Adult",1,0,0,0,0,0,0,1,0,0,1,0,0,0,0,0,0,0,0,1,0,1,0,0,0,0,0
1760,0.961538461538462,1,"Sweater","Clothing",0.475,"Louisiana",3,"Green","Spring",0.6,0,"Next Day Air",0,0,0,"PayPal","Weekly","Senior",0,1,0,0,0,1,0,0,0,0,0,1,0,0,0,0,0,0,1,0,0,0,0,0,0,0,1
1761,0.0384615384615385,1,"Skirt","Clothing",0.3,"Minnesota",4,"Peach","Spring",0.4,0,"Standard",0,0,0.775510204081633,"PayPal","Weekly","Young Adult",0,1,0,0,0,1,0,0,0,0,0,0,1,0,0,0,0,0,1,0,0,0,0,0,0,0,1
1762,0.0576923076923077,1,"Hoodie","Clothing",0.9375,"Hawaii",1,"Green","Fall",0.96,0,"2-Day Shipping",0,0,0.469387755102041,"Cash","Weekly","Young Adult",0,1,0,0,1,0,0,0,1,0,0,0,0,0,0,1,0,0,0,0,0,0,0,0,0,0,1
1763,0.346153846153846,1,"Sandals","Footwear",0.275,"Idaho",2,"Brown","Summer",0.24,0,"Express",0,0,0.816326530612245,"Bank Transfer","Fortnightly","Middle Age",0,0,1,0,0,0,1,0,0,1,0,0,0,0,1,0,0,0,0,0,0,0,0,1,0,0,0
1764,0.365384615384615,1,"Jewelry","Accessories",0.9125,"Vermont",2,"Lavender","Winter",0.56,0,"Store Pickup",0,0,0.551020408163265,"PayPal","Annually","Middle Age",1,0,0,0,0,0,0,1,0,0,0,0,0,1,0,0,0,0,1,0,1,0,0,0,0,0,0
1765,0.826923076923077,1,"Dress","Clothing",0.45,"Delaware",2,"Charcoal","Summer",0.2,0,"Store Pickup",0,0,0.673469387755102,"Venmo","Quarterly","Senior",0,1,0,0,0,0,1,0,0,0,0,0,0,1,0,0,0,0,0,1,0,0,0,0,0,1,0
1766,0.961538461538462,1,"Hoodie","Clothing",0.85,"New Mexico",2,"Orange","Spring",0.64,0,"2-Day Shipping",0,0,0.816326530612245,"Venmo","Quarterly","Senior",0,1,0,0,0,1,0,0,1,0,0,0,0,0,0,0,0,0,0,1,0,0,0,0,0,1,0
1767,0.807692307692308,1,"Sweater","Clothing",0.425,"Alaska",1,"Cyan","Winter",0.72,0,"2-Day Shipping",0,0,0.530612244897959,"Cash","Bi-Weekly","Senior",0,1,0,0,0,0,0,1,1,0,0,0,0,0,0,1,0,0,0,0,0,1,0,0,0,0,0
1768,0.980769230769231,1,"Jewelry","Accessories",0.8625,"Minnesota",3,"Lavender","Fall",0.52,0,"2-Day Shipping",0,0,0.918367346938776,"Debit Card","Fortnightly","Senior",1,0,0,0,1,0,0,0,1,0,0,0,0,0,0,0,0,1,0,0,0,0,0,1,0,0,0
1769,0.134615384615385,1,"Sandals","Footwear",0.3125,"Nebraska",2,"Indigo","Summer",0.56,0,"2-Day Shipping",0,0,0.0204081632653061,"PayPal","Every 3 Months","Young Adult",0,0,1,0,0,0,1,0,1,0,0,0,0,0,0,0,0,0,1,0,0,0,1,0,0,0,0
1770,0.269230769230769,1,"Socks","Clothing",0.6875,"Alaska",3,"Brown","Winter",0.72,0,"Free Shipping",0,0,0.897959183673469,"Cash","Monthly","Adult",0,1,0,0,0,0,0,1,0,0,1,0,0,0,0,1,0,0,0,0,0,0,0,0,1,0,0
1771,0.673076923076923,1,"Backpack","Accessories",0.025,"Michigan",2,"Pink","Fall",0.72,0,"Express",0,0,0.673469387755102,"Bank Transfer","Weekly","Senior",1,0,0,0,1,0,0,0,0,1,0,0,0,0,1,0,0,0,0,0,0,0,0,0,0,0,1
1772,0.538461538461538,1,"Shirt","Clothing",0.775,"Indiana",4,"Turquoise","Fall",0.88,0,"Store Pickup",0,0,0.163265306122449,"Credit Card","Annually","Middle Age",0,1,0,0,1,0,0,0,0,0,0,0,0,1,0,0,1,0,0,0,1,0,0,0,0,0,0
1773,0.769230769230769,1,"Shoes","Footwear",0.175,"Hawaii",2,"Gold","Summer",0.24,0,"2-Day Shipping",0,0,0,"Bank Transfer","Annually","Senior",0,0,1,0,0,0,1,0,1,0,0,0,0,0,1,0,0,0,0,0,1,0,0,0,0,0,0
1774,0.0576923076923077,1,"Coat","Outerwear",0.9,"West Virginia",2,"Blue","Summer",0.0800000000000001,0,"Free Shipping",0,0,0.326530612244898,"PayPal","Annually","Young Adult",0,0,0,1,0,0,1,0,0,0,1,0,0,0,0,0,0,0,1,0,1,0,0,0,0,0,0
1775,0.538461538461538,1,"Sweater","Clothing",0.725,"New York",2,"Lavender","Spring",0.48,0,"Express",0,0,0.102040816326531,"PayPal","Weekly","Middle Age",0,1,0,0,0,1,0,0,0,1,0,0,0,0,0,0,0,0,1,0,0,0,0,0,0,0,1
1776,0,1,"Jacket","Outerwear",0.3375,"Iowa",2,"Violet","Spring",0.32,0,"2-Day Shipping",0,0,0.224489795918367,"Cash","Bi-Weekly","Young Adult",0,0,0,1,0,1,0,0,1,0,0,0,0,0,0,1,0,0,0,0,0,1,0,0,0,0,0
1777,0.730769230769231,1,"Jacket","Outerwear",0.55,"Arizona",3,"Cyan","Summer",0.36,0,"Free Shipping",0,0,0.183673469387755,"Venmo","Every 3 Months","Senior",0,0,0,1,0,0,1,0,0,0,1,0,0,0,0,0,0,0,0,1,0,0,1,0,0,0,0
1778,0,1,"Sneakers","Footwear",0.3,"Minnesota",3,"Purple","Winter",0.88,0,"Free Shipping",0,0,0.0612244897959184,"Cash","Fortnightly","Young Adult",0,0,1,0,0,0,0,1,0,0,1,0,0,0,0,1,0,0,0,0,0,0,0,1,0,0,0
1779,0.596153846153846,1,"Belt","Accessories",0.925,"Texas",2,"Red","Winter",0.96,0,"Store Pickup",0,0,0.142857142857143,"Debit Card","Bi-Weekly","Middle Age",1,0,0,0,0,0,0,1,0,0,0,0,0,1,0,0,0,1,0,0,0,1,0,0,0,0,0
1780,0.211538461538462,1,"Scarf","Accessories",0.525,"Virginia",2,"Charcoal","Winter",0.72,0,"Free Shipping",0,0,0.816326530612245,"Venmo","Weekly","Adult",1,0,0,0,0,0,0,1,0,0,1,0,0,0,0,0,0,0,0,1,0,0,0,0,0,0,1
1781,0.942307692307692,1,"Jewelry","Accessories",0.7625,"North Dakota",1,"Gray","Summer",0.68,0,"Next Day Air",0,0,0.979591836734694,"Credit Card","Weekly","Senior",1,0,0,0,0,0,1,0,0,0,0,1,0,0,0,0,1,0,0,0,0,0,0,0,0,0,1
1782,0.25,1,"T-shirt","Clothing",0.1625,"Iowa",2,"Pink","Fall",0.48,0,"Express",0,0,0.979591836734694,"Bank Transfer","Quarterly","Adult",0,1,0,0,1,0,0,0,0,1,0,0,0,0,1,0,0,0,0,0,0,0,0,0,0,1,0
1783,0.653846153846154,1,"Pants","Clothing",0.85,"Utah",2,"Lavender","Fall",0.0800000000000001,0,"Next Day Air",0,0,0.795918367346939,"Bank Transfer","Fortnightly","Senior",0,1,0,0,1,0,0,0,0,0,0,1,0,0,1,0,0,0,0,0,0,0,0,1,0,0,0
1784,0.461538461538462,1,"Handbag","Accessories",0.3625,"Ohio",3,"Lavender","Winter",0.32,0,"Free Shipping",0,0,0.591836734693878,"Credit Card","Monthly","Middle Age",1,0,0,0,0,0,0,1,0,0,1,0,0,0,0,0,1,0,0,0,0,0,0,0,1,0,0
1785,0.269230769230769,1,"Backpack","Accessories",0.1375,"Louisiana",3,"Yellow","Summer",0.92,0,"Standard",0,0,0.0612244897959184,"Debit Card","Quarterly","Adult",1,0,0,0,0,0,1,0,0,0,0,0,1,0,0,0,0,1,0,0,0,0,0,0,0,1,0
1786,0.557692307692308,1,"Gloves","Accessories",0.1125,"Iowa",1,"Peach","Fall",0.64,0,"Next Day Air",0,0,0.428571428571429,"Venmo","Monthly","Middle Age",1,0,0,0,1,0,0,0,0,0,0,1,0,0,0,0,0,0,0,1,0,0,0,0,1,0,0
1787,0.519230769230769,1,"Jacket","Outerwear",0.175,"Maryland",2,"Brown","Spring",0.84,0,"2-Day Shipping",0,0,0.428571428571429,"Venmo","Monthly","Middle Age",0,0,0,1,0,1,0,0,1,0,0,0,0,0,0,0,0,0,0,1,0,0,0,0,1,0,0
1788,0.0384615384615385,1,"Sweater","Clothing",0.225,"Montana",3,"Gold","Fall",0.96,0,"2-Day Shipping",0,0,0.183673469387755,"Bank Transfer","Quarterly","Young Adult",0,1,0,0,1,0,0,0,1,0,0,0,0,0,1,0,0,0,0,0,0,0,0,0,0,1,0
1789,0.923076923076923,1,"Blouse","Clothing",0.2625,"Illinois",3,"Pink","Summer",0.24,0,"Store Pickup",0,0,0.448979591836735,"Cash","Bi-Weekly","Senior",0,1,0,0,0,0,1,0,0,0,0,0,0,1,0,1,0,0,0,0,0,1,0,0,0,0,0
1790,0.653846153846154,1,"Blouse","Clothing",0.175,"Arizona",3,"Peach","Spring",0.2,0,"2-Day Shipping",0,0,0.857142857142857,"Debit Card","Quarterly","Senior",0,1,0,0,0,1,0,0,1,0,0,0,0,0,0,0,0,1,0,0,0,0,0,0,0,1,0
1791,0.615384615384615,1,"Gloves","Accessories",0.075,"North Carolina",1,"Violet","Summer",0.48,0,"Store Pickup",0,0,0.612244897959184,"PayPal","Bi-Weekly","Middle Age",1,0,0,0,0,0,1,0,0,0,0,0,0,1,0,0,0,0,1,0,0,1,0,0,0,0,0
1792,0.846153846153846,1,"Jeans","Clothing",0.975,"Montana",1,"Purple","Winter",0.6,0,"Store Pickup",0,0,0.755102040816326,"Cash","Annually","Senior",0,1,0,0,0,0,0,1,0,0,0,0,0,1,0,1,0,0,0,0,1,0,0,0,0,0,0
1793,0.384615384615385,1,"Sneakers","Footwear",0.4875,"Iowa",2,"Peach","Fall",0.2,0,"Express",0,0,0.428571428571429,"Debit Card","Every 3 Months","Middle Age",0,0,1,0,1,0,0,0,0,1,0,0,0,0,0,0,0,1,0,0,0,0,1,0,0,0,0
1794,0.903846153846154,1,"Hat","Accessories",0.9,"Iowa",1,"White","Fall",0.52,0,"Store Pickup",0,0,0.897959183673469,"Cash","Every 3 Months","Senior",1,0,0,0,1,0,0,0,0,0,0,0,0,1,0,1,0,0,0,0,0,0,1,0,0,0,0
1795,0.807692307692308,1,"Backpack","Accessories",0.25,"Ohio",3,"Indigo","Spring",0.48,0,"Express",0,0,0.408163265306122,"Debit Card","Fortnightly","Senior",1,0,0,0,0,1,0,0,0,1,0,0,0,0,0,0,0,1,0,0,0,0,0,1,0,0,0
1796,0.961538461538462,1,"Jeans","Clothing",0,"Wisconsin",1,"Violet","Fall",0.6,0,"2-Day Shipping",0,0,0.163265306122449,"Debit Card","Fortnightly","Senior",0,1,0,0,1,0,0,0,1,0,0,0,0,0,0,0,0,1,0,0,0,0,0,1,0,0,0
1797,0.846153846153846,1,"Skirt","Clothing",0.1875,"South Carolina",1,"Brown","Spring",0.24,0,"Store Pickup",0,0,0.673469387755102,"Venmo","Weekly","Senior",0,1,0,0,0,1,0,0,0,0,0,0,0,1,0,0,0,0,0,1,0,0,0,0,0,0,1
1798,0.846153846153846,1,"Belt","Accessories",0.1875,"Oregon",3,"Maroon","Spring",0.56,0,"2-Day Shipping",0,0,0.510204081632653,"Venmo","Weekly","Senior",1,0,0,0,0,1,0,0,1,0,0,0,0,0,0,0,0,0,0,1,0,0,0,0,0,0,1
1799,0.423076923076923,1,"Dress","Clothing",0.775,"North Dakota",3,"Magenta","Winter",0.48,0,"Express",0,0,0,"Cash","Weekly","Middle Age",0,1,0,0,0,0,0,1,0,1,0,0,0,0,0,1,0,0,0,0,0,0,0,0,0,0,1
1800,0.269230769230769,1,"Hoodie","Clothing",0.35,"California",2,"Charcoal","Fall",0.56,0,"Express",0,0,0.938775510204082,"Venmo","Weekly","Adult",0,1,0,0,1,0,0,0,0,1,0,0,0,0,0,0,0,0,0,1,0,0,0,0,0,0,1
1801,0.0769230769230769,1,"Coat","Outerwear",0.475,"Mississippi",4,"Indigo","Winter",0.0800000000000001,0,"Express",0,0,0.591836734693878,"Credit Card","Weekly","Young Adult",0,0,0,1,0,0,0,1,0,1,0,0,0,0,0,0,1,0,0,0,0,0,0,0,0,0,1
1802,0.288461538461538,1,"Sweater","Clothing",0.4625,"New Jersey",2,"Turquoise","Spring",0.56,0,"Express",0,0,0.959183673469388,"Debit Card","Fortnightly","Adult",0,1,0,0,0,1,0,0,0,1,0,0,0,0,0,0,0,1,0,0,0,0,0,1,0,0,0
1803,0.75,1,"Shorts","Clothing",0.95,"Rhode Island",3,"Turquoise","Winter",0.04,0,"Store Pickup",0,0,0.612244897959184,"Venmo","Bi-Weekly","Senior",0,1,0,0,0,0,0,1,0,0,0,0,0,1,0,0,0,0,0,1,0,1,0,0,0,0,0
1804,0.807692307692308,1,"Sneakers","Footwear",0.9625,"New Hampshire",1,"Gray","Summer",0.4,0,"Free Shipping",0,0,0.653061224489796,"Venmo","Fortnightly","Senior",0,0,1,0,0,0,1,0,0,0,1,0,0,0,0,0,0,0,0,1,0,0,0,1,0,0,0
1805,0.230769230769231,1,"Sweater","Clothing",0.275,"Louisiana",3,"Peach","Winter",0.76,0,"Next Day Air",0,0,0.775510204081633,"Credit Card","Weekly","Adult",0,1,0,0,0,0,0,1,0,0,0,1,0,0,0,0,1,0,0,0,0,0,0,0,0,0,1
1806,0.442307692307692,1,"T-shirt","Clothing",0.525,"Arizona",3,"Gold","Spring",0.96,0,"Store Pickup",0,0,0.918367346938776,"Debit Card","Weekly","Middle Age",0,1,0,0,0,1,0,0,0,0,0,0,0,1,0,0,0,1,0,0,0,0,0,0,0,0,1
1807,0.769230769230769,1,"Handbag","Accessories",0.5875,"Rhode Island",2,"Green","Fall",0.56,0,"Standard",0,0,0.469387755102041,"Venmo","Annually","Senior",1,0,0,0,1,0,0,0,0,0,0,0,1,0,0,0,0,0,0,1,1,0,0,0,0,0,0
1808,0.307692307692308,1,"Sneakers","Footwear",0.325,"Vermont",3,"Gold","Summer",0.4,0,"Standard",0,0,0.73469387755102,"Venmo","Fortnightly","Adult",0,0,1,0,0,0,1,0,0,0,0,0,1,0,0,0,0,0,0,1,0,0,0,1,0,0,0
1809,0.942307692307692,1,"Jacket","Outerwear",0.6375,"Tennessee",2,"Lavender","Spring",0.72,0,"Next Day Air",0,0,0.122448979591837,"Debit Card","Monthly","Senior",0,0,0,1,0,1,0,0,0,0,0,1,0,0,0,0,0,1,0,0,0,0,0,0,1,0,0
1810,0.769230769230769,1,"Backpack","Accessories",0.9875,"Alaska",1,"Blue","Fall",0.36,0,"Free Shipping",0,0,0.102040816326531,"Debit Card","Fortnightly","Senior",1,0,0,0,1,0,0,0,0,0,1,0,0,0,0,0,0,1,0,0,0,0,0,1,0,0,0
1811,0.442307692307692,1,"Jeans","Clothing",0.1,"Maryland",2,"Magenta","Fall",0.0800000000000001,0,"Standard",0,0,0.306122448979592,"Cash","Bi-Weekly","Middle Age",0,1,0,0,1,0,0,0,0,0,0,0,1,0,0,1,0,0,0,0,0,1,0,0,0,0,0
1812,0.461538461538462,1,"Belt","Accessories",0.7125,"Wisconsin",3,"Blue","Summer",0.44,0,"Standard",0,0,0.653061224489796,"Bank Transfer","Annually","Middle Age",1,0,0,0,0,0,1,0,0,0,0,0,1,0,1,0,0,0,0,0,1,0,0,0,0,0,0
1813,0.615384615384615,1,"Boots","Footwear",0.5375,"Nevada",1,"Blue","Summer",0.96,0,"Express",0,0,0.346938775510204,"PayPal","Bi-Weekly","Middle Age",0,0,1,0,0,0,1,0,0,1,0,0,0,0,0,0,0,0,1,0,0,1,0,0,0,0,0
1814,0.423076923076923,1,"Shorts","Clothing",0.525,"Illinois",2,"Olive","Spring",0.4,0,"Free Shipping",0,0,0.469387755102041,"PayPal","Weekly","Middle Age",0,1,0,0,0,1,0,0,0,0,1,0,0,0,0,0,0,0,1,0,0,0,0,0,0,0,1
1815,0.269230769230769,1,"Jeans","Clothing",0.9,"Montana",2,"White","Summer",0.52,0,"Free Shipping",0,0,0.469387755102041,"Cash","Quarterly","Adult",0,1,0,0,0,0,1,0,0,0,1,0,0,0,0,1,0,0,0,0,0,0,0,0,0,1,0
1816,0.634615384615385,1,"Shoes","Footwear",0.65,"New Mexico",3,"White","Winter",0.8,0,"2-Day Shipping",0,0,0.959183673469388,"Credit Card","Every 3 Months","Senior",0,0,1,0,0,0,0,1,1,0,0,0,0,0,0,0,1,0,0,0,0,0,1,0,0,0,0
1817,0.153846153846154,1,"Hat","Accessories",0.7375,"Virginia",2,"Purple","Summer",0.6,0,"Express",0,0,0.0612244897959184,"Cash","Weekly","Adult",1,0,0,0,0,0,1,0,0,1,0,0,0,0,0,1,0,0,0,0,0,0,0,0,0,0,1
1818,0.269230769230769,1,"T-shirt","Clothing",0.0875,"Delaware",2,"White","Summer",0.88,0,"Free Shipping",0,0,0.387755102040816,"Cash","Weekly","Adult",0,1,0,0,0,0,1,0,0,0,1,0,0,0,0,1,0,0,0,0,0,0,0,0,0,0,1
1819,0.769230769230769,1,"Sunglasses","Accessories",0.2375,"North Carolina",2,"White","Fall",0.52,0,"Express",0,0,0.938775510204082,"Debit Card","Every 3 Months","Senior",1,0,0,0,1,0,0,0,0,1,0,0,0,0,0,0,0,1,0,0,0,0,1,0,0,0,0
1820,0.634615384615385,1,"Socks","Clothing",0.825,"Nevada",1,"Peach","Spring",0.8,0,"Next Day Air",0,0,1,"Cash","Quarterly","Senior",0,1,0,0,0,1,0,0,0,0,0,1,0,0,0,1,0,0,0,0,0,0,0,0,0,1,0
1821,0.0192307692307692,1,"Shirt","Clothing",0.925,"Washington",4,"Gold","Fall",1,0,"Express",0,0,0.612244897959184,"PayPal","Monthly","Young Adult",0,1,0,0,1,0,0,0,0,1,0,0,0,0,0,0,0,0,1,0,0,0,0,0,1,0,0
1822,0.75,1,"Shorts","Clothing",0.4125,"Maine",2,"Teal","Spring",0.12,0,"Express",0,0,0.571428571428571,"PayPal","Quarterly","Senior",0,1,0,0,0,1,0,0,0,1,0,0,0,0,0,0,0,0,1,0,0,0,0,0,0,1,0
1823,0.923076923076923,1,"Shirt","Clothing",0.8125,"Connecticut",1,"Cyan","Summer",0.76,0,"Standard",0,0,0.0612244897959184,"Cash","Annually","Senior",0,1,0,0,0,0,1,0,0,0,0,0,1,0,0,1,0,0,0,0,1,0,0,0,0,0,0
1824,0.846153846153846,1,"Socks","Clothing",0.375,"Louisiana",3,"Pink","Fall",0.88,0,"Free Shipping",0,0,0.795918367346939,"Bank Transfer","Bi-Weekly","Senior",0,1,0,0,1,0,0,0,0,0,1,0,0,0,1,0,0,0,0,0,0,1,0,0,0,0,0
1825,0.769230769230769,1,"Pants","Clothing",0.3375,"Illinois",4,"Magenta","Winter",0.52,0,"Express",0,0,0.612244897959184,"Cash","Monthly","Senior",0,1,0,0,0,0,0,1,0,1,0,0,0,0,0,1,0,0,0,0,0,0,0,0,1,0,0
1826,0.0961538461538462,1,"Boots","Footwear",0.6875,"South Dakota",2,"Pink","Winter",0.96,0,"Next Day Air",0,0,0.816326530612245,"Credit Card","Weekly","Young Adult",0,0,1,0,0,0,0,1,0,0,0,1,0,0,0,0,1,0,0,0,0,0,0,0,0,0,1
1827,0.519230769230769,1,"T-shirt","Clothing",0.5,"Indiana",2,"Turquoise","Winter",0.68,0,"Express",0,0,0.877551020408163,"Debit Card","Annually","Middle Age",0,1,0,0,0,0,0,1,0,1,0,0,0,0,0,0,0,1,0,0,1,0,0,0,0,0,0
1828,0.0384615384615385,1,"T-shirt","Clothing",0.2,"Vermont",1,"Pink","Spring",0.96,0,"2-Day Shipping",0,0,0.612244897959184,"Bank Transfer","Weekly","Young Adult",0,1,0,0,0,1,0,0,1,0,0,0,0,0,1,0,0,0,0,0,0,0,0,0,0,0,1
1829,0.288461538461538,1,"Coat","Outerwear",0.75,"New Hampshire",3,"Gray","Spring",0.56,0,"Express",0,0,0.897959183673469,"Cash","Every 3 Months","Adult",0,0,0,1,0,1,0,0,0,1,0,0,0,0,0,1,0,0,0,0,0,0,1,0,0,0,0
1830,0.230769230769231,1,"Hat","Accessories",0.95,"Oregon",2,"White","Spring",0.96,0,"2-Day Shipping",0,0,1,"Credit Card","Quarterly","Adult",1,0,0,0,0,1,0,0,1,0,0,0,0,0,0,0,1,0,0,0,0,0,0,0,0,1,0
1831,0.615384615384615,1,"Sunglasses","Accessories",0.75,"Kansas",2,"Blue","Winter",0.92,0,"Express",0,0,0.122448979591837,"Venmo","Annually","Middle Age",1,0,0,0,0,0,0,1,0,1,0,0,0,0,0,0,0,0,0,1,1,0,0,0,0,0,0
1832,0.846153846153846,1,"Blouse","Clothing",0.6375,"Maine",2,"Cyan","Summer",0.32,0,"Free Shipping",0,0,0.0816326530612245,"Bank Transfer","Every 3 Months","Senior",0,1,0,0,0,0,1,0,0,0,1,0,0,0,1,0,0,0,0,0,0,0,1,0,0,0,0
1833,0.980769230769231,1,"Jewelry","Accessories",0.1125,"Louisiana",2,"Blue","Fall",0.84,0,"Free Shipping",0,0,0.959183673469388,"Cash","Monthly","Senior",1,0,0,0,1,0,0,0,0,0,1,0,0,0,0,1,0,0,0,0,0,0,0,0,1,0,0
1834,0.307692307692308,1,"Jewelry","Accessories",0.4125,"Louisiana",2,"Yellow","Spring",0.8,0,"2-Day Shipping",0,0,0.36734693877551,"PayPal","Fortnightly","Adult",1,0,0,0,0,1,0,0,1,0,0,0,0,0,0,0,0,0,1,0,0,0,0,1,0,0,0
1835,0.596153846153846,1,"Skirt","Clothing",0.1875,"Indiana",2,"Charcoal","Summer",0.64,0,"2-Day Shipping",0,0,0.775510204081633,"Venmo","Fortnightly","Middle Age",0,1,0,0,0,0,1,0,1,0,0,0,0,0,0,0,0,0,0,1,0,0,0,1,0,0,0
1836,0.903846153846154,1,"Scarf","Accessories",0.6875,"Kentucky",2,"Lavender","Fall",0.28,0,"2-Day Shipping",0,0,0.897959183673469,"Credit Card","Quarterly","Senior",1,0,0,0,1,0,0,0,1,0,0,0,0,0,0,0,1,0,0,0,0,0,0,0,0,1,0
1837,0.923076923076923,1,"Pants","Clothing",0.4,"South Carolina",2,"Teal","Fall",0.68,0,"2-Day Shipping",0,0,0.693877551020408,"Credit Card","Monthly","Senior",0,1,0,0,1,0,0,0,1,0,0,0,0,0,0,0,1,0,0,0,0,0,0,0,1,0,0
1838,0.442307692307692,1,"Hat","Accessories",0.7125,"Montana",2,"Beige","Winter",0.92,0,"Free Shipping",0,0,0.142857142857143,"Venmo","Monthly","Middle Age",1,0,0,0,0,0,0,1,0,0,1,0,0,0,0,0,0,0,0,1,0,0,0,0,1,0,0
1839,0.365384615384615,1,"Gloves","Accessories",0.05,"Vermont",3,"Blue","Fall",0.64,0,"Next Day Air",0,0,0.204081632653061,"Credit Card","Quarterly","Middle Age",1,0,0,0,1,0,0,0,0,0,0,1,0,0,0,0,1,0,0,0,0,0,0,0,0,1,0
1840,0.269230769230769,1,"Shirt","Clothing",0.725,"Mississippi",4,"Purple","Winter",0.48,0,"Store Pickup",0,0,0.63265306122449,"Cash","Annually","Adult",0,1,0,0,0,0,0,1,0,0,0,0,0,1,0,1,0,0,0,0,1,0,0,0,0,0,0
1841,0.461538461538462,1,"Sandals","Footwear",0.975,"Wyoming",2,"Gold","Winter",0.04,0,"Store Pickup",0,0,0.918367346938776,"Bank Transfer","Every 3 Months","Middle Age",0,0,1,0,0,0,0,1,0,0,0,0,0,1,1,0,0,0,0,0,0,0,1,0,0,0,0
1842,0.25,1,"Socks","Clothing",0.4625,"Vermont",3,"Blue","Winter",0.2,0,"Standard",0,0,0.122448979591837,"PayPal","Every 3 Months","Adult",0,1,0,0,0,0,0,1,0,0,0,0,1,0,0,0,0,0,1,0,0,0,1,0,0,0,0
1843,0.826923076923077,1,"Handbag","Accessories",0.725,"Alabama",2,"Black","Summer",0.76,0,"Express",0,0,0,"Debit Card","Annually","Senior",1,0,0,0,0,0,1,0,0,1,0,0,0,0,0,0,0,1,0,0,1,0,0,0,0,0,0
1844,0.346153846153846,1,"Jacket","Outerwear",0.7,"Kentucky",2,"Charcoal","Fall",0.88,0,"Next Day Air",0,0,0.63265306122449,"Credit Card","Monthly","Middle Age",0,0,0,1,1,0,0,0,0,0,0,1,0,0,0,0,1,0,0,0,0,0,0,0,1,0,0
1845,0.807692307692308,1,"Shorts","Clothing",0.075,"South Dakota",2,"Purple","Spring",0.0800000000000001,0,"2-Day Shipping",0,0,0.612244897959184,"Credit Card","Annually","Senior",0,1,0,0,0,1,0,0,1,0,0,0,0,0,0,0,1,0,0,0,1,0,0,0,0,0,0
1846,0.634615384615385,1,"Sandals","Footwear",0.725,"Delaware",2,"Orange","Winter",0.12,0,"2-Day Shipping",0,0,0.775510204081633,"Bank Transfer","Quarterly","Senior",0,0,1,0,0,0,0,1,1,0,0,0,0,0,1,0,0,0,0,0,0,0,0,0,0,1,0
1847,0.961538461538462,1,"Scarf","Accessories",0.4125,"Wisconsin",2,"Yellow","Summer",0.16,0,"Standard",0,0,0.163265306122449,"Venmo","Quarterly","Senior",1,0,0,0,0,0,1,0,0,0,0,0,1,0,0,0,0,0,0,1,0,0,0,0,0,1,0
1848,0.538461538461538,1,"Sandals","Footwear",1,"Arizona",4,"Cyan","Summer",0.76,0,"Free Shipping",0,0,0.979591836734694,"Credit Card","Weekly","Middle Age",0,0,1,0,0,0,1,0,0,0,1,0,0,0,0,0,1,0,0,0,0,0,0,0,0,0,1
1849,0.0192307692307692,1,"Jeans","Clothing",0.6625,"Maine",4,"Yellow","Winter",0.0800000000000001,0,"Express",0,0,0.673469387755102,"Cash","Every 3 Months","Young Adult",0,1,0,0,0,0,0,1,0,1,0,0,0,0,0,1,0,0,0,0,0,0,1,0,0,0,0
1850,0.230769230769231,1,"Skirt","Clothing",0.25,"New Mexico",2,"Maroon","Winter",0.8,0,"Store Pickup",0,0,0.693877551020408,"Bank Transfer","Monthly","Adult",0,1,0,0,0,0,0,1,0,0,0,0,0,1,1,0,0,0,0,0,0,0,0,0,1,0,0
1851,0.634615384615385,1,"Gloves","Accessories",0.7,"Wyoming",1,"Black","Winter",0.12,0,"Store Pickup",0,0,1,"Debit Card","Weekly","Senior",1,0,0,0,0,0,0,1,0,0,0,0,0,1,0,0,0,1,0,0,0,0,0,0,0,0,1
1852,0.192307692307692,1,"Skirt","Clothing",0.75,"Delaware",1,"Lavender","Fall",0.24,0,"Free Shipping",0,0,0.0612244897959184,"Bank Transfer","Fortnightly","Adult",0,1,0,0,1,0,0,0,0,0,1,0,0,0,1,0,0,0,0,0,0,0,0,1,0,0,0
1853,0.442307692307692,1,"Sweater","Clothing",0.75,"Pennsylvania",4,"Violet","Winter",0.52,0,"Store Pickup",0,0,0.63265306122449,"Cash","Weekly","Middle Age",0,1,0,0,0,0,0,1,0,0,0,0,0,1,0,1,0,0,0,0,0,0,0,0,0,0,1
1854,0.211538461538462,1,"Blouse","Clothing",0.5875,"North Dakota",4,"Olive","Spring",0.16,0,"Express",0,0,0.204081632653061,"PayPal","Fortnightly","Adult",0,1,0,0,0,1,0,0,0,1,0,0,0,0,0,0,0,0,1,0,0,0,0,1,0,0,0
1855,0.134615384615385,1,"Sweater","Clothing",0.5125,"Kentucky",2,"Teal","Spring",0.52,0,"Express",0,0,0.979591836734694,"Credit Card","Annually","Young Adult",0,1,0,0,0,1,0,0,0,1,0,0,0,0,0,0,1,0,0,0,1,0,0,0,0,0,0
1856,0.807692307692308,1,"Shirt","Clothing",0.7,"Rhode Island",4,"Teal","Spring",0.88,0,"Standard",0,0,0.163265306122449,"Cash","Annually","Senior",0,1,0,0,0,1,0,0,0,0,0,0,1,0,0,1,0,0,0,0,1,0,0,0,0,0,0
1857,0.865384615384615,1,"Jewelry","Accessories",0.4375,"Arizona",4,"Beige","Summer",0.28,0,"Free Shipping",0,0,0.591836734693878,"PayPal","Bi-Weekly","Senior",1,0,0,0,0,0,1,0,0,0,1,0,0,0,0,0,0,0,1,0,0,1,0,0,0,0,0
1858,0.634615384615385,1,"T-shirt","Clothing",0.8125,"Colorado",3,"Maroon","Summer",0.6,0,"Next Day Air",0,0,0.653061224489796,"Cash","Monthly","Senior",0,1,0,0,0,0,1,0,0,0,0,1,0,0,0,1,0,0,0,0,0,0,0,0,1,0,0
1859,0.0769230769230769,1,"Scarf","Accessories",0.6125,"Maine",1,"Peach","Spring",0.96,0,"2-Day Shipping",0,0,0.142857142857143,"Debit Card","Annually","Young Adult",1,0,0,0,0,1,0,0,1,0,0,0,0,0,0,0,0,1,0,0,1,0,0,0,0,0,0
1860,0.692307692307692,1,"Belt","Accessories",0.075,"New Jersey",3,"Beige","Summer",0.48,0,"Store Pickup",0,0,0.571428571428571,"Debit Card","Fortnightly","Senior",1,0,0,0,0,0,1,0,0,0,0,0,0,1,0,0,0,1,0,0,0,0,0,1,0,0,0
1861,0,1,"T-shirt","Clothing",0.55,"Kansas",2,"Silver","Summer",0.92,0,"Next Day Air",0,0,0.0612244897959184,"Credit Card","Monthly","Young Adult",0,1,0,0,0,0,1,0,0,0,0,1,0,0,0,0,1,0,0,0,0,0,0,0,1,0,0
1862,0.211538461538462,1,"Sneakers","Footwear",0.5,"South Dakota",1,"Peach","Fall",0.44,0,"Standard",0,0,0.36734693877551,"Debit Card","Monthly","Adult",0,0,1,0,1,0,0,0,0,0,0,0,1,0,0,0,0,1,0,0,0,0,0,0,1,0,0
1863,0.788461538461538,1,"Gloves","Accessories",0.2,"New Hampshire",2,"Turquoise","Winter",0.84,0,"Express",0,0,0.183673469387755,"PayPal","Fortnightly","Senior",1,0,0,0,0,0,0,1,0,1,0,0,0,0,0,0,0,0,1,0,0,0,0,1,0,0,0
1864,0.134615384615385,1,"Sandals","Footwear",0.0125,"Connecticut",3,"Orange","Spring",0.72,0,"2-Day Shipping",0,0,0.775510204081633,"Debit Card","Monthly","Young Adult",0,0,1,0,0,1,0,0,1,0,0,0,0,0,0,0,0,1,0,0,0,0,0,0,1,0,0
1865,0.0192307692307692,1,"Backpack","Accessories",0.65,"Wyoming",1,"Cyan","Fall",0.28,0,"2-Day Shipping",0,0,0.408163265306122,"Venmo","Quarterly","Young Adult",1,0,0,0,1,0,0,0,1,0,0,0,0,0,0,0,0,0,0,1,0,0,0,0,0,1,0
1866,0.730769230769231,1,"Pants","Clothing",0.525,"Missouri",1,"Silver","Summer",0.52,0,"Store Pickup",0,0,0.224489795918367,"Bank Transfer","Monthly","Senior",0,1,0,0,0,0,1,0,0,0,0,0,0,1,1,0,0,0,0,0,0,0,0,0,1,0,0
1867,0.25,1,"T-shirt","Clothing",0.3,"Alaska",4,"Gold","Winter",0.68,0,"Standard",0,0,0.163265306122449,"Credit Card","Fortnightly","Adult",0,1,0,0,0,0,0,1,0,0,0,0,1,0,0,0,1,0,0,0,0,0,0,1,0,0,0
1868,0.519230769230769,1,"Skirt","Clothing",0.4,"Delaware",2,"Brown","Fall",0.36,0,"2-Day Shipping",0,0,0.387755102040816,"Venmo","Quarterly","Middle Age",0,1,0,0,1,0,0,0,1,0,0,0,0,0,0,0,0,0,0,1,0,0,0,0,0,1,0
1869,0.0961538461538462,1,"Gloves","Accessories",0.475,"Indiana",2,"Silver","Spring",0.88,0,"Next Day Air",0,0,0.877551020408163,"Cash","Fortnightly","Young Adult",1,0,0,0,0,1,0,0,0,0,0,1,0,0,0,1,0,0,0,0,0,0,0,1,0,0,0
1870,0,1,"Blouse","Clothing",0.7125,"West Virginia",1,"Beige","Spring",0.56,0,"2-Day Shipping",0,0,0.306122448979592,"Debit Card","Every 3 Months","Young Adult",0,1,0,0,0,1,0,0,1,0,0,0,0,0,0,0,0,1,0,0,0,0,1,0,0,0,0
1871,0.480769230769231,1,"Blouse","Clothing",0.9875,"Wyoming",3,"Violet","Spring",0.72,0,"Store Pickup",0,0,0.530612244897959,"Debit Card","Fortnightly","Middle Age",0,1,0,0,0,1,0,0,0,0,0,0,0,1,0,0,0,1,0,0,0,0,0,1,0,0,0
1872,0.730769230769231,1,"Jeans","Clothing",0.95,"Illinois",4,"Violet","Fall",0.0800000000000001,0,"Standard",0,0,0.26530612244898,"Cash","Every 3 Months","Senior",0,1,0,0,1,0,0,0,0,0,0,0,1,0,0,1,0,0,0,0,0,0,1,0,0,0,0
1873,0.480769230769231,1,"T-shirt","Clothing",0.55,"Alaska",2,"Lavender","Summer",0.84,0,"Standard",0,0,0.469387755102041,"Credit Card","Monthly","Middle Age",0,1,0,0,0,0,1,0,0,0,0,0,1,0,0,0,1,0,0,0,0,0,0,0,1,0,0
1874,0.884615384615385,1,"Sweater","Clothing",0.3,"Wisconsin",4,"Red","Fall",0.16,0,"Express",0,0,0.979591836734694,"Bank Transfer","Weekly","Senior",0,1,0,0,1,0,0,0,0,1,0,0,0,0,1,0,0,0,0,0,0,0,0,0,0,0,1
1875,0.942307692307692,1,"Pants","Clothing",0.1625,"Indiana",3,"Purple","Fall",0.44,0,"Free Shipping",0,0,0.26530612244898,"Cash","Weekly","Senior",0,1,0,0,1,0,0,0,0,0,1,0,0,0,0,1,0,0,0,0,0,0,0,0,0,0,1
1876,0.865384615384615,1,"Boots","Footwear",0.6375,"Tennessee",2,"Brown","Winter",0.56,0,"Next Day Air",0,0,0.102040816326531,"Credit Card","Quarterly","Senior",0,0,1,0,0,0,0,1,0,0,0,1,0,0,0,0,1,0,0,0,0,0,0,0,0,1,0
1877,0.692307692307692,1,"Skirt","Clothing",0.2,"Illinois",2,"Gray","Fall",0.04,0,"Standard",0,0,0.387755102040816,"Venmo","Quarterly","Senior",0,1,0,0,1,0,0,0,0,0,0,0,1,0,0,0,0,0,0,1,0,0,0,0,0,1,0
1878,0.980769230769231,1,"Gloves","Accessories",0.525,"Pennsylvania",3,"Pink","Fall",0.44,0,"Express",0,0,0.0408163265306122,"Credit Card","Annually","Senior",1,0,0,0,1,0,0,0,0,1,0,0,0,0,0,0,1,0,0,0,1,0,0,0,0,0,0
1879,0.307692307692308,1,"Socks","Clothing",0.1125,"Oklahoma",3,"Magenta","Summer",0.36,0,"Store Pickup",0,0,0.0816326530612245,"Credit Card","Monthly","Adult",0,1,0,0,0,0,1,0,0,0,0,0,0,1,0,0,1,0,0,0,0,0,0,0,1,0,0
1880,0.730769230769231,1,"T-shirt","Clothing",0.1625,"Tennessee",3,"Charcoal","Spring",0.4,0,"Express",0,0,0.918367346938776,"Cash","Bi-Weekly","Senior",0,1,0,0,0,1,0,0,0,1,0,0,0,0,0,1,0,0,0,0,0,1,0,0,0,0,0
1881,0.307692307692308,1,"Blouse","Clothing",0.1625,"New Jersey",3,"Yellow","Fall",0.24,0,"2-Day Shipping",0,0,0.142857142857143,"Debit Card","Monthly","Adult",0,1,0,0,1,0,0,0,1,0,0,0,0,0,0,0,0,1,0,0,0,0,0,0,1,0,0
1882,0.769230769230769,1,"Blouse","Clothing",0.2625,"New Jersey",2,"Red","Winter",0.72,0,"Standard",0,0,0.244897959183673,"Cash","Bi-Weekly","Senior",0,1,0,0,0,0,0,1,0,0,0,0,1,0,0,1,0,0,0,0,0,1,0,0,0,0,0
1883,0.5,1,"Scarf","Accessories",0.425,"Tennessee",3,"Blue","Winter",1,0,"Store Pickup",0,0,0.489795918367347,"Bank Transfer","Quarterly","Middle Age",1,0,0,0,0,0,0,1,0,0,0,0,0,1,1,0,0,0,0,0,0,0,0,0,0,1,0
1884,0.134615384615385,1,"Backpack","Accessories",0.475,"Georgia",2,"Cyan","Spring",0.96,0,"Store Pickup",0,0,0.775510204081633,"Debit Card","Fortnightly","Young Adult",1,0,0,0,0,1,0,0,0,0,0,0,0,1,0,0,0,1,0,0,0,0,0,1,0,0,0
1885,0.173076923076923,1,"Shorts","Clothing",0.125,"Arizona",1,"Pink","Summer",0.72,0,"Next Day Air",0,0,0.285714285714286,"Bank Transfer","Bi-Weekly","Adult",0,1,0,0,0,0,1,0,0,0,0,1,0,0,1,0,0,0,0,0,0,1,0,0,0,0,0
1886,0.153846153846154,1,"Jewelry","Accessories",0.4125,"Nevada",1,"Maroon","Winter",0.76,0,"Standard",0,0,0.693877551020408,"Cash","Monthly","Adult",1,0,0,0,0,0,0,1,0,0,0,0,1,0,0,1,0,0,0,0,0,0,0,0,1,0,0
1887,0,1,"Gloves","Accessories",0.8875,"Arkansas",3,"Beige","Spring",0.76,0,"Next Day Air",0,0,0.918367346938776,"Cash","Bi-Weekly","Young Adult",1,0,0,0,0,1,0,0,0,0,0,1,0,0,0,1,0,0,0,0,0,1,0,0,0,0,0
1888,0.884615384615385,1,"Hoodie","Clothing",0.3,"North Dakota",4,"Gold","Fall",0.4,0,"Express",0,0,0.0408163265306122,"PayPal","Monthly","Senior",0,1,0,0,1,0,0,0,0,1,0,0,0,0,0,0,0,0,1,0,0,0,0,0,1,0,0
1889,0.846153846153846,1,"Hoodie","Clothing",0.8625,"South Dakota",4,"Turquoise","Winter",0.36,0,"Free Shipping",0,0,0.959183673469388,"Credit Card","Weekly","Senior",0,1,0,0,0,0,0,1,0,0,1,0,0,0,0,0,1,0,0,0,0,0,0,0,0,0,1
1890,0.788461538461538,1,"Skirt","Clothing",0.4625,"North Carolina",3,"Peach","Spring",0,0,"Next Day Air",0,0,0.530612244897959,"Bank Transfer","Weekly","Senior",0,1,0,0,0,1,0,0,0,0,0,1,0,0,1,0,0,0,0,0,0,0,0,0,0,0,1
1891,0.346153846153846,1,"Sunglasses","Accessories",0.4625,"Hawaii",2,"Lavender","Spring",0.36,0,"Store Pickup",0,0,0.0816326530612245,"Credit Card","Weekly","Middle Age",1,0,0,0,0,1,0,0,0,0,0,0,0,1,0,0,1,0,0,0,0,0,0,0,0,0,1
1892,0.980769230769231,1,"Jewelry","Accessories",0.675,"New Hampshire",2,"Gray","Summer",0.04,0,"Next Day Air",0,0,0.959183673469388,"Debit Card","Quarterly","Senior",1,0,0,0,0,0,1,0,0,0,0,1,0,0,0,0,0,1,0,0,0,0,0,0,0,1,0
1893,0.403846153846154,1,"Jacket","Outerwear",0.125,"California",2,"Blue","Fall",0.84,0,"2-Day Shipping",0,0,0.224489795918367,"Venmo","Weekly","Middle Age",0,0,0,1,1,0,0,0,1,0,0,0,0,0,0,0,0,0,0,1,0,0,0,0,0,0,1
1894,0.192307692307692,1,"Dress","Clothing",0,"Delaware",3,"Red","Summer",0.48,0,"Express",0,0,0.183673469387755,"PayPal","Fortnightly","Adult",0,1,0,0,0,0,1,0,0,1,0,0,0,0,0,0,0,0,1,0,0,0,0,1,0,0,0
1895,0.461538461538462,1,"Hoodie","Clothing",0.875,"Arizona",2,"Purple","Fall",0,0,"Free Shipping",0,0,0.959183673469388,"Debit Card","Bi-Weekly","Middle Age",0,1,0,0,1,0,0,0,0,0,1,0,0,0,0,0,0,1,0,0,0,1,0,0,0,0,0
1896,0.25,1,"Jeans","Clothing",0.5125,"Washington",3,"Indigo","Fall",0.8,0,"Express",0,0,0.0408163265306122,"Debit Card","Monthly","Adult",0,1,0,0,1,0,0,0,0,1,0,0,0,0,0,0,0,1,0,0,0,0,0,0,1,0,0
1897,0.75,1,"Sandals","Footwear",0.3875,"Nevada",2,"Gold","Fall",0.16,0,"Standard",0,0,0.36734693877551,"Venmo","Monthly","Senior",0,0,1,0,1,0,0,0,0,0,0,0,1,0,0,0,0,0,0,1,0,0,0,0,1,0,0
1898,0.673076923076923,1,"Sunglasses","Accessories",0.9625,"Alaska",3,"Teal","Winter",0.16,0,"Free Shipping",0,0,0.204081632653061,"Debit Card","Fortnightly","Senior",1,0,0,0,0,0,0,1,0,0,1,0,0,0,0,0,0,1,0,0,0,0,0,1,0,0,0
1899,0.788461538461538,1,"Pants","Clothing",0.9625,"Texas",3,"Magenta","Fall",0.4,0,"Next Day Air",0,0,0.489795918367347,"Venmo","Monthly","Senior",0,1,0,0,1,0,0,0,0,0,0,1,0,0,0,0,0,0,0,1,0,0,0,0,1,0,0
1900,0.269230769230769,1,"Shorts","Clothing",0.25,"New York",3,"Maroon","Winter",0.68,0,"Store Pickup",0,0,0.836734693877551,"PayPal","Weekly","Adult",0,1,0,0,0,0,0,1,0,0,0,0,0,1,0,0,0,0,1,0,0,0,0,0,0,0,1
1901,0.903846153846154,1,"Jewelry","Accessories",0.8125,"Iowa",1,"Blue","Summer",0.32,0,"Free Shipping",0,0,0.673469387755102,"Cash","Quarterly","Senior",1,0,0,0,0,0,1,0,0,0,1,0,0,0,0,1,0,0,0,0,0,0,0,0,0,1,0
1902,0.730769230769231,1,"Socks","Clothing",0.7,"Arizona",1,"Beige","Winter",0.56,0,"Store Pickup",0,0,1,"Cash","Quarterly","Senior",0,1,0,0,0,0,0,1,0,0,0,0,0,1,0,1,0,0,0,0,0,0,0,0,0,1,0
1903,0.25,1,"Sandals","Footwear",0.025,"New Mexico",1,"Olive","Spring",1,0,"Store Pickup",0,0,0.408163265306122,"Venmo","Monthly","Adult",0,0,1,0,0,1,0,0,0,0,0,0,0,1,0,0,0,0,0,1,0,0,0,0,1,0,0
1904,0.788461538461538,1,"Pants","Clothing",0.5375,"North Carolina",2,"Gold","Summer",0.32,0,"Standard",0,0,0.73469387755102,"Bank Transfer","Weekly","Senior",0,1,0,0,0,0,1,0,0,0,0,0,1,0,1,0,0,0,0,0,0,0,0,0,0,0,1
1905,0.0769230769230769,1,"T-shirt","Clothing",0.6375,"Nevada",1,"Silver","Spring",0.68,0,"Free Shipping",0,0,0.918367346938776,"Cash","Monthly","Young Adult",0,1,0,0,0,1,0,0,0,0,1,0,0,0,0,1,0,0,0,0,0,0,0,0,1,0,0
1906,0.557692307692308,1,"Boots","Footwear",0.1875,"Idaho",2,"Teal","Summer",0.96,0,"2-Day Shipping",0,0,0.26530612244898,"Bank Transfer","Fortnightly","Middle Age",0,0,1,0,0,0,1,0,1,0,0,0,0,0,1,0,0,0,0,0,0,0,0,1,0,0,0
1907,0.0961538461538462,1,"Backpack","Accessories",0.125,"Vermont",2,"Green","Spring",0.84,0,"2-Day Shipping",0,0,0.469387755102041,"PayPal","Fortnightly","Young Adult",1,0,0,0,0,1,0,0,1,0,0,0,0,0,0,0,0,0,1,0,0,0,0,1,0,0,0
1908,0.980769230769231,1,"Skirt","Clothing",0.675,"New Mexico",3,"Orange","Fall",0.92,0,"Store Pickup",0,0,0.714285714285714,"Credit Card","Every 3 Months","Senior",0,1,0,0,1,0,0,0,0,0,0,0,0,1,0,0,1,0,0,0,0,0,1,0,0,0,0
1909,0,1,"Scarf","Accessories",0.6375,"Georgia",4,"Charcoal","Winter",0.0800000000000001,0,"Next Day Air",0,0,0.36734693877551,"Debit Card","Bi-Weekly","Young Adult",1,0,0,0,0,0,0,1,0,0,0,1,0,0,0,0,0,1,0,0,0,1,0,0,0,0,0
1910,0.615384615384615,1,"Sweater","Clothing",0.8,"Kentucky",1,"Black","Spring",0.72,0,"Store Pickup",0,0,0.224489795918367,"Credit Card","Monthly","Middle Age",0,1,0,0,0,1,0,0,0,0,0,0,0,1,0,0,1,0,0,0,0,0,0,0,1,0,0
1911,0.211538461538462,1,"Sandals","Footwear",0.225,"New York",1,"Yellow","Fall",0.52,0,"Express",0,0,0.244897959183673,"Debit Card","Quarterly","Adult",0,0,1,0,1,0,0,0,0,1,0,0,0,0,0,0,0,1,0,0,0,0,0,0,0,1,0
1912,0.903846153846154,1,"Jewelry","Accessories",0.7625,"Arizona",2,"Gray","Spring",0.96,0,"Express",0,0,0.63265306122449,"Debit Card","Bi-Weekly","Senior",1,0,0,0,0,1,0,0,0,1,0,0,0,0,0,0,0,1,0,0,0,1,0,0,0,0,0
1913,0.211538461538462,1,"Sweater","Clothing",0.45,"Colorado",1,"Charcoal","Winter",0.36,0,"2-Day Shipping",0,0,0.0816326530612245,"Credit Card","Bi-Weekly","Adult",0,1,0,0,0,0,0,1,1,0,0,0,0,0,0,0,1,0,0,0,0,1,0,0,0,0,0
1914,0.596153846153846,1,"Skirt","Clothing",0.35,"Kentucky",2,"Peach","Winter",0.44,0,"Express",0,0,0.571428571428571,"Cash","Annually","Middle Age",0,1,0,0,0,0,0,1,0,1,0,0,0,0,0,1,0,0,0,0,1,0,0,0,0,0,0
1915,0.192307692307692,1,"Shorts","Clothing",0.9625,"Alaska",3,"Green","Fall",0.36,0,"Standard",0,0,0.795918367346939,"Credit Card","Fortnightly","Adult",0,1,0,0,1,0,0,0,0,0,0,0,1,0,0,0,1,0,0,0,0,0,0,1,0,0,0
1916,0.634615384615385,1,"Backpack","Accessories",0.675,"Alabama",2,"Magenta","Fall",0.88,0,"2-Day Shipping",0,0,0.877551020408163,"Cash","Weekly","Senior",1,0,0,0,1,0,0,0,1,0,0,0,0,0,0,1,0,0,0,0,0,0,0,0,0,0,1
1917,0.153846153846154,1,"Hoodie","Clothing",0.375,"Connecticut",1,"Beige","Winter",0.2,0,"Next Day Air",0,0,0.0408163265306122,"Debit Card","Bi-Weekly","Adult",0,1,0,0,0,0,0,1,0,0,0,1,0,0,0,0,0,1,0,0,0,1,0,0,0,0,0
1918,0.384615384615385,1,"Skirt","Clothing",0.6375,"Hawaii",3,"Black","Winter",0.36,0,"Free Shipping",0,0,0.693877551020408,"PayPal","Bi-Weekly","Middle Age",0,1,0,0,0,0,0,1,0,0,1,0,0,0,0,0,0,0,1,0,0,1,0,0,0,0,0
1919,0.326923076923077,1,"Skirt","Clothing",0.1625,"Idaho",1,"Purple","Summer",0.84,0,"Standard",0,0,0.653061224489796,"Debit Card","Monthly","Adult",0,1,0,0,0,0,1,0,0,0,0,0,1,0,0,0,0,1,0,0,0,0,0,0,1,0,0
1920,0.307692307692308,1,"Backpack","Accessories",0.45,"Virginia",2,"Olive","Summer",0.24,0,"Express",0,0,0.387755102040816,"PayPal","Bi-Weekly","Adult",1,0,0,0,0,0,1,0,0,1,0,0,0,0,0,0,0,0,1,0,0,1,0,0,0,0,0
1921,0.634615384615385,1,"Blouse","Clothing",0.8,"Connecticut",2,"Purple","Spring",0.12,0,"Standard",0,0,0.795918367346939,"Cash","Every 3 Months","Senior",0,1,0,0,0,1,0,0,0,0,0,0,1,0,0,1,0,0,0,0,0,0,1,0,0,0,0
1922,0.557692307692308,1,"Shirt","Clothing",0.2,"Michigan",2,"Green","Fall",0.4,0,"Store Pickup",0,0,0.244897959183673,"Venmo","Annually","Middle Age",0,1,0,0,1,0,0,0,0,0,0,0,0,1,0,0,0,0,0,1,1,0,0,0,0,0,0
1923,0,1,"Gloves","Accessories",0.5375,"Kentucky",1,"Peach","Summer",0.84,0,"Standard",0,0,0.163265306122449,"PayPal","Monthly","Young Adult",1,0,0,0,0,0,1,0,0,0,0,0,1,0,0,0,0,0,1,0,0,0,0,0,1,0,0
1924,0.884615384615385,1,"Sandals","Footwear",0.2,"Nebraska",4,"Blue","Summer",0.72,0,"Standard",0,0,0.122448979591837,"Cash","Annually","Senior",0,0,1,0,0,0,1,0,0,0,0,0,1,0,0,1,0,0,0,0,1,0,0,0,0,0,0
1925,0.230769230769231,1,"Jacket","Outerwear",0.5375,"Michigan",2,"Gray","Fall",0.92,0,"Free Shipping",0,0,0.836734693877551,"PayPal","Quarterly","Adult",0,0,0,1,1,0,0,0,0,0,1,0,0,0,0,0,0,0,1,0,0,0,0,0,0,1,0
1926,0.788461538461538,1,"Sneakers","Footwear",0.15,"Utah",3,"Black","Winter",0.16,0,"Express",0,0,0.877551020408163,"Credit Card","Fortnightly","Senior",0,0,1,0,0,0,0,1,0,1,0,0,0,0,0,0,1,0,0,0,0,0,0,1,0,0,0
1927,0.923076923076923,1,"Backpack","Accessories",0.9125,"New Mexico",2,"Silver","Spring",0.2,0,"Express",0,0,0.102040816326531,"PayPal","Annually","Senior",1,0,0,0,0,1,0,0,0,1,0,0,0,0,0,0,0,0,1,0,1,0,0,0,0,0,0
1928,0.423076923076923,1,"Pants","Clothing",0.1125,"Florida",2,"Pink","Summer",0.16,0,"Standard",0,0,0.142857142857143,"Cash","Every 3 Months","Middle Age",0,1,0,0,0,0,1,0,0,0,0,0,1,0,0,1,0,0,0,0,0,0,1,0,0,0,0
1929,0.134615384615385,1,"Sunglasses","Accessories",0.9,"Mississippi",1,"Lavender","Summer",0.48,0,"Standard",0,0,0.183673469387755,"PayPal","Weekly","Young Adult",1,0,0,0,0,0,1,0,0,0,0,0,1,0,0,0,0,0,1,0,0,0,0,0,0,0,1
1930,0.788461538461538,1,"Jeans","Clothing",0.1625,"Hawaii",3,"Brown","Fall",0.88,0,"Standard",0,0,0.918367346938776,"Venmo","Quarterly","Senior",0,1,0,0,1,0,0,0,0,0,0,0,1,0,0,0,0,0,0,1,0,0,0,0,0,1,0
1931,0.923076923076923,1,"Pants","Clothing",0.4,"North Carolina",3,"Turquoise","Spring",0.4,0,"Store Pickup",0,0,0.510204081632653,"Cash","Weekly","Senior",0,1,0,0,0,1,0,0,0,0,0,0,0,1,0,1,0,0,0,0,0,0,0,0,0,0,1
1932,0.692307692307692,1,"Jewelry","Accessories",0.275,"Illinois",1,"Olive","Spring",0.0800000000000001,0,"Store Pickup",0,0,0.102040816326531,"Debit Card","Every 3 Months","Senior",1,0,0,0,0,1,0,0,0,0,0,0,0,1,0,0,0,1,0,0,0,0,1,0,0,0,0
1933,0.461538461538462,1,"Hoodie","Clothing",0.2,"Maryland",2,"White","Spring",1,0,"Free Shipping",0,0,0.938775510204082,"Credit Card","Every 3 Months","Middle Age",0,1,0,0,0,1,0,0,0,0,1,0,0,0,0,0,1,0,0,0,0,0,1,0,0,0,0
1934,0.576923076923077,1,"Sandals","Footwear",0.5875,"Montana",3,"Violet","Summer",0.64,0,"Next Day Air",0,0,0.551020408163265,"Venmo","Annually","Middle Age",0,0,1,0,0,0,1,0,0,0,0,1,0,0,0,0,0,0,0,1,1,0,0,0,0,0,0
1935,0.307692307692308,1,"Jacket","Outerwear",0.2875,"Michigan",3,"Gold","Winter",0.0800000000000001,0,"Free Shipping",0,0,0.448979591836735,"Bank Transfer","Annually","Adult",0,0,0,1,0,0,0,1,0,0,1,0,0,0,1,0,0,0,0,0,1,0,0,0,0,0,0
1936,0.0192307692307692,1,"Blouse","Clothing",0.6,"North Carolina",4,"Violet","Spring",0.92,0,"Free Shipping",0,0,0.897959183673469,"Cash","Fortnightly","Young Adult",0,1,0,0,0,1,0,0,0,0,1,0,0,0,0,1,0,0,0,0,0,0,0,1,0,0,0
1937,1,1,"Jewelry","Accessories",0.5,"Minnesota",1,"Teal","Summer",0.72,0,"2-Day Shipping",0,0,0.877551020408163,"PayPal","Every 3 Months","Senior",1,0,0,0,0,0,1,0,1,0,0,0,0,0,0,0,0,0,1,0,0,0,1,0,0,0,0
1938,0.480769230769231,1,"Socks","Clothing",0.4125,"Delaware",2,"Olive","Summer",0.8,0,"2-Day Shipping",0,0,0.204081632653061,"Bank Transfer","Monthly","Middle Age",0,1,0,0,0,0,1,0,1,0,0,0,0,0,1,0,0,0,0,0,0,0,0,0,1,0,0
1939,0.538461538461538,1,"Jeans","Clothing",0.0375,"Kentucky",3,"Blue","Spring",0.52,0,"Standard",0,0,0.775510204081633,"Debit Card","Bi-Weekly","Middle Age",0,1,0,0,0,1,0,0,0,0,0,0,1,0,0,0,0,1,0,0,0,1,0,0,0,0,0
1940,0.923076923076923,1,"Gloves","Accessories",0.4625,"Ohio",3,"Magenta","Winter",0.48,0,"Store Pickup",0,0,0.387755102040816,"PayPal","Every 3 Months","Senior",1,0,0,0,0,0,0,1,0,0,0,0,0,1,0,0,0,0,1,0,0,0,1,0,0,0,0
1941,0.615384615384615,1,"Hat","Accessories",0.8625,"Alaska",3,"Gray","Fall",0.56,0,"2-Day Shipping",0,0,0.959183673469388,"PayPal","Fortnightly","Middle Age",1,0,0,0,1,0,0,0,1,0,0,0,0,0,0,0,0,0,1,0,0,0,0,1,0,0,0
1942,0.711538461538462,1,"Shoes","Footwear",0.9875,"Vermont",4,"Peach","Winter",0.32,0,"Standard",0,0,0.918367346938776,"Credit Card","Quarterly","Senior",0,0,1,0,0,0,0,1,0,0,0,0,1,0,0,0,1,0,0,0,0,0,0,0,0,1,0
1943,0.865384615384615,1,"Pants","Clothing",0.1,"Alabama",2,"Cyan","Fall",0.36,0,"Express",0,0,0.428571428571429,"PayPal","Monthly","Senior",0,1,0,0,1,0,0,0,0,1,0,0,0,0,0,0,0,0,1,0,0,0,0,0,1,0,0
1944,0.269230769230769,1,"Socks","Clothing",0.4125,"Wisconsin",3,"Violet","Summer",0.52,0,"Next Day Air",0,0,0.897959183673469,"Cash","Annually","Adult",0,1,0,0,0,0,1,0,0,0,0,1,0,0,0,1,0,0,0,0,1,0,0,0,0,0,0
1945,0.230769230769231,1,"Hoodie","Clothing",0.3125,"Arkansas",2,"Gold","Winter",0.0800000000000001,0,"Free Shipping",0,0,0.979591836734694,"Cash","Every 3 Months","Adult",0,1,0,0,0,0,0,1,0,0,1,0,0,0,0,1,0,0,0,0,0,0,1,0,0,0,0
1946,0.326923076923077,1,"Hoodie","Clothing",0.225,"Georgia",2,"Gold","Winter",0.16,0,"2-Day Shipping",0,0,0.163265306122449,"Credit Card","Every 3 Months","Adult",0,1,0,0,0,0,0,1,1,0,0,0,0,0,0,0,1,0,0,0,0,0,1,0,0,0,0
1947,0.788461538461538,1,"Pants","Clothing",0.3625,"Louisiana",2,"White","Summer",0.8,0,"Standard",0,0,0.816326530612245,"Credit Card","Quarterly","Senior",0,1,0,0,0,0,1,0,0,0,0,0,1,0,0,0,1,0,0,0,0,0,0,0,0,1,0
1948,0.788461538461538,1,"Shirt","Clothing",0.15,"New York",2,"Gray","Summer",0.04,0,"Store Pickup",0,0,0.0204081632653061,"PayPal","Monthly","Senior",0,1,0,0,0,0,1,0,0,0,0,0,0,1,0,0,0,0,1,0,0,0,0,0,1,0,0
1949,0.692307692307692,1,"T-shirt","Clothing",0.2125,"Connecticut",3,"Brown","Winter",0.24,0,"Next Day Air",0,0,0.775510204081633,"PayPal","Bi-Weekly","Senior",0,1,0,0,0,0,0,1,0,0,0,1,0,0,0,0,0,0,1,0,0,1,0,0,0,0,0
1950,0.865384615384615,1,"Dress","Clothing",0.75,"Nebraska",3,"Gray","Winter",0.88,0,"Store Pickup",0,0,0.224489795918367,"PayPal","Quarterly","Senior",0,1,0,0,0,0,0,1,0,0,0,0,0,1,0,0,0,0,1,0,0,0,0,0,0,1,0
1951,0.480769230769231,1,"Backpack","Accessories",0.725,"Arkansas",3,"Blue","Summer",0.84,0,"Free Shipping",0,0,0.510204081632653,"PayPal","Every 3 Months","Middle Age",1,0,0,0,0,0,1,0,0,0,1,0,0,0,0,0,0,0,1,0,0,0,1,0,0,0,0
1952,0.288461538461538,1,"Gloves","Accessories",0.4125,"Connecticut",3,"Gold","Summer",0.0800000000000001,0,"Next Day Air",0,0,0.63265306122449,"Bank Transfer","Bi-Weekly","Adult",1,0,0,0,0,0,1,0,0,0,0,1,0,0,1,0,0,0,0,0,0,1,0,0,0,0,0
1953,0.75,1,"Shoes","Footwear",0.775,"Maryland",3,"Yellow","Summer",0.84,0,"2-Day Shipping",0,0,1,"Cash","Bi-Weekly","Senior",0,0,1,0,0,0,1,0,1,0,0,0,0,0,0,1,0,0,0,0,0,1,0,0,0,0,0
1954,0.134615384615385,1,"Skirt","Clothing",0.1625,"Colorado",4,"Green","Spring",0.92,0,"Standard",0,0,0.0408163265306122,"PayPal","Fortnightly","Young Adult",0,1,0,0,0,1,0,0,0,0,0,0,1,0,0,0,0,0,1,0,0,0,0,1,0,0,0
1955,0.153846153846154,1,"Gloves","Accessories",0.7125,"Colorado",2,"Pink","Winter",0.68,0,"Free Shipping",0,0,0.0408163265306122,"Venmo","Quarterly","Adult",1,0,0,0,0,0,0,1,0,0,1,0,0,0,0,0,0,0,0,1,0,0,0,0,0,1,0
1956,0.615384615384615,1,"Hoodie","Clothing",0.45,"Maine",2,"Pink","Winter",0.96,0,"Express",0,0,0.73469387755102,"Cash","Monthly","Middle Age",0,1,0,0,0,0,0,1,0,1,0,0,0,0,0,1,0,0,0,0,0,0,0,0,1,0,0
1957,1,1,"Socks","Clothing",0.2125,"Oklahoma",2,"Pink","Winter",0.96,0,"Express",0,0,0.387755102040816,"Credit Card","Fortnightly","Senior",0,1,0,0,0,0,0,1,0,1,0,0,0,0,0,0,1,0,0,0,0,0,0,1,0,0,0
1958,0.961538461538462,1,"Gloves","Accessories",0.425,"South Carolina",2,"Cyan","Spring",0.8,0,"Store Pickup",0,0,0.510204081632653,"Cash","Bi-Weekly","Senior",1,0,0,0,0,1,0,0,0,0,0,0,0,1,0,1,0,0,0,0,0,1,0,0,0,0,0
1959,0.403846153846154,1,"Shorts","Clothing",0.5875,"Nevada",2,"Gray","Winter",0.0800000000000001,0,"Store Pickup",0,0,0.938775510204082,"Cash","Quarterly","Middle Age",0,1,0,0,0,0,0,1,0,0,0,0,0,1,0,1,0,0,0,0,0,0,0,0,0,1,0
1960,0.538461538461538,1,"Shoes","Footwear",0.875,"Colorado",2,"White","Fall",0.24,0,"Store Pickup",0,0,0.122448979591837,"Credit Card","Every 3 Months","Middle Age",0,0,1,0,1,0,0,0,0,0,0,0,0,1,0,0,1,0,0,0,0,0,1,0,0,0,0
1961,0.75,1,"Jeans","Clothing",0.65,"Massachusetts",3,"Red","Summer",0.32,0,"2-Day Shipping",0,0,0.795918367346939,"Credit Card","Annually","Senior",0,1,0,0,0,0,1,0,1,0,0,0,0,0,0,0,1,0,0,0,1,0,0,0,0,0,0
1962,0.557692307692308,1,"Boots","Footwear",0.4875,"Nevada",3,"Black","Summer",0.04,0,"Free Shipping",0,0,0.897959183673469,"Debit Card","Quarterly","Middle Age",0,0,1,0,0,0,1,0,0,0,1,0,0,0,0,0,0,1,0,0,0,0,0,0,0,1,0
1963,0.423076923076923,1,"Hat","Accessories",0.3125,"Iowa",2,"Silver","Fall",0.76,0,"Standard",0,0,0.387755102040816,"PayPal","Fortnightly","Middle Age",1,0,0,0,1,0,0,0,0,0,0,0,1,0,0,0,0,0,1,0,0,0,0,1,0,0,0
1964,0.653846153846154,1,"Shorts","Clothing",0.125,"Michigan",3,"Pink","Spring",0.56,0,"Standard",0,0,0.204081632653061,"Credit Card","Weekly","Senior",0,1,0,0,0,1,0,0,0,0,0,0,1,0,0,0,1,0,0,0,0,0,0,0,0,0,1
1965,0.423076923076923,1,"Pants","Clothing",0.3875,"West Virginia",1,"Cyan","Summer",0.84,0,"Express",0,0,1,"Debit Card","Monthly","Middle Age",0,1,0,0,0,0,1,0,0,1,0,0,0,0,0,0,0,1,0,0,0,0,0,0,1,0,0
1966,0.942307692307692,1,"Sweater","Clothing",0.875,"Indiana",2,"White","Fall",0.96,0,"Express",0,0,0.489795918367347,"Debit Card","Quarterly","Senior",0,1,0,0,1,0,0,0,0,1,0,0,0,0,0,0,0,1,0,0,0,0,0,0,0,1,0
1967,0.942307692307692,1,"Jacket","Outerwear",0.9375,"Indiana",4,"Purple","Winter",0.48,0,"Express",0,0,0.0816326530612245,"Credit Card","Fortnightly","Senior",0,0,0,1,0,0,0,1,0,1,0,0,0,0,0,0,1,0,0,0,0,0,0,1,0,0,0
1968,0.365384615384615,1,"Dress","Clothing",0.7625,"Georgia",3,"Yellow","Fall",0.48,0,"Standard",0,0,0.0612244897959184,"Venmo","Annually","Middle Age",0,1,0,0,1,0,0,0,0,0,0,0,1,0,0,0,0,0,0,1,1,0,0,0,0,0,0
1969,0.942307692307692,1,"Shirt","Clothing",0.625,"Minnesota",1,"Blue","Spring",0.68,0,"Standard",0,0,0.489795918367347,"Credit Card","Weekly","Senior",0,1,0,0,0,1,0,0,0,0,0,0,1,0,0,0,1,0,0,0,0,0,0,0,0,0,1
1970,0.884615384615385,1,"Dress","Clothing",0.15,"Louisiana",1,"Cyan","Winter",0.4,0,"Next Day Air",0,0,0.204081632653061,"Bank Transfer","Fortnightly","Senior",0,1,0,0,0,0,0,1,0,0,0,1,0,0,1,0,0,0,0,0,0,0,0,1,0,0,0
1971,0.192307692307692,1,"Belt","Accessories",0.925,"Maryland",2,"Indigo","Spring",0.16,0,"Next Day Air",0,0,0.0612244897959184,"Credit Card","Bi-Weekly","Adult",1,0,0,0,0,1,0,0,0,0,0,1,0,0,0,0,1,0,0,0,0,1,0,0,0,0,0
1972,0.692307692307692,1,"Hat","Accessories",0.1125,"Pennsylvania",4,"Indigo","Spring",0.36,0,"Next Day Air",0,0,0,"Venmo","Monthly","Senior",1,0,0,0,0,1,0,0,0,0,0,1,0,0,0,0,0,0,0,1,0,0,0,0,1,0,0
1973,0.692307692307692,1,"Backpack","Accessories",0.1375,"Louisiana",2,"Silver","Summer",0.32,0,"Express",0,0,0.959183673469388,"PayPal","Every 3 Months","Senior",1,0,0,0,0,0,1,0,0,1,0,0,0,0,0,0,0,0,1,0,0,0,1,0,0,0,0
1974,0.115384615384615,1,"Skirt","Clothing",0,"Maryland",4,"Red","Fall",0.8,0,"Standard",0,0,0.163265306122449,"Venmo","Every 3 Months","Young Adult",0,1,0,0,1,0,0,0,0,0,0,0,1,0,0,0,0,0,0,1,0,0,1,0,0,0,0
1975,0.173076923076923,1,"Gloves","Accessories",0.3,"Tennessee",2,"Peach","Winter",0.84,0,"2-Day Shipping",0,0,0.0204081632653061,"PayPal","Fortnightly","Adult",1,0,0,0,0,0,0,1,1,0,0,0,0,0,0,0,0,0,1,0,0,0,0,1,0,0,0
1976,0.673076923076923,1,"Jacket","Outerwear",0.7125,"Illinois",3,"Turquoise","Fall",0.16,0,"Express",0,0,0.0612244897959184,"Cash","Quarterly","Senior",0,0,0,1,1,0,0,0,0,1,0,0,0,0,0,1,0,0,0,0,0,0,0,0,0,1,0
1977,0.269230769230769,1,"Handbag","Accessories",0.3875,"Wyoming",2,"Pink","Spring",0.28,0,"Next Day Air",0,0,0.857142857142857,"PayPal","Fortnightly","Adult",1,0,0,0,0,1,0,0,0,0,0,1,0,0,0,0,0,0,1,0,0,0,0,1,0,0,0
1978,0.115384615384615,1,"Sandals","Footwear",0.3625,"Florida",2,"Teal","Summer",0.04,0,"Free Shipping",0,0,0.63265306122449,"Bank Transfer","Annually","Young Adult",0,0,1,0,0,0,1,0,0,0,1,0,0,0,1,0,0,0,0,0,1,0,0,0,0,0,0
1979,0.519230769230769,1,"Sunglasses","Accessories",0.725,"Massachusetts",3,"Magenta","Spring",0.52,0,"Store Pickup",0,0,0,"Cash","Quarterly","Middle Age",1,0,0,0,0,1,0,0,0,0,0,0,0,1,0,1,0,0,0,0,0,0,0,0,0,1,0
1980,0.596153846153846,1,"Jeans","Clothing",0.975,"Tennessee",3,"Blue","Spring",0.12,0,"Store Pickup",0,0,0.755102040816326,"Debit Card","Fortnightly","Middle Age",0,1,0,0,0,1,0,0,0,0,0,0,0,1,0,0,0,1,0,0,0,0,0,1,0,0,0
1981,0.634615384615385,1,"Sandals","Footwear",0.925,"Iowa",2,"Green","Winter",0.76,0,"Store Pickup",0,0,0.489795918367347,"PayPal","Fortnightly","Senior",0,0,1,0,0,0,0,1,0,0,0,0,0,1,0,0,0,0,1,0,0,0,0,1,0,0,0
1982,0.980769230769231,1,"Shoes","Footwear",0.8875,"Michigan",3,"Violet","Summer",0.88,0,"Express",0,0,0.836734693877551,"PayPal","Quarterly","Senior",0,0,1,0,0,0,1,0,0,1,0,0,0,0,0,0,0,0,1,0,0,0,0,0,0,1,0
1983,0.442307692307692,1,"Sunglasses","Accessories",0.7125,"Kansas",2,"Turquoise","Summer",0.0800000000000001,0,"2-Day Shipping",0,0,0.63265306122449,"PayPal","Monthly","Middle Age",1,0,0,0,0,0,1,0,1,0,0,0,0,0,0,0,0,0,1,0,0,0,0,0,1,0,0
1984,0.788461538461538,1,"Scarf","Accessories",0.9625,"Georgia",2,"Pink","Summer",0.04,0,"Next Day Air",0,0,0.408163265306122,"Debit Card","Quarterly","Senior",1,0,0,0,0,0,1,0,0,0,0,1,0,0,0,0,0,1,0,0,0,0,0,0,0,1,0
1985,0.153846153846154,1,"Skirt","Clothing",0.475,"West Virginia",2,"Black","Summer",0.36,0,"2-Day Shipping",0,0,0.510204081632653,"PayPal","Fortnightly","Adult",0,1,0,0,0,0,1,0,1,0,0,0,0,0,0,0,0,0,1,0,0,0,0,1,0,0,0
1986,0.0961538461538462,1,"Gloves","Accessories",0.9625,"Tennessee",2,"Gold","Spring",0.56,0,"2-Day Shipping",0,0,0.102040816326531,"Credit Card","Fortnightly","Young Adult",1,0,0,0,0,1,0,0,1,0,0,0,0,0,0,0,1,0,0,0,0,0,0,1,0,0,0
1987,0.846153846153846,1,"Coat","Outerwear",0.35,"Arkansas",3,"Green","Summer",0.36,0,"2-Day Shipping",0,0,0.26530612244898,"Venmo","Quarterly","Senior",0,0,0,1,0,0,1,0,1,0,0,0,0,0,0,0,0,0,0,1,0,0,0,0,0,1,0
1988,0.980769230769231,1,"Belt","Accessories",0.0375,"Vermont",4,"White","Summer",0.36,0,"Express",0,0,0.0612244897959184,"Cash","Quarterly","Senior",1,0,0,0,0,0,1,0,0,1,0,0,0,0,0,1,0,0,0,0,0,0,0,0,0,1,0
1989,0.538461538461538,1,"Pants","Clothing",0.7375,"Virginia",2,"Gold","Winter",0.56,0,"Free Shipping",0,0,0.510204081632653,"Bank Transfer","Weekly","Middle Age",0,1,0,0,0,0,0,1,0,0,1,0,0,0,1,0,0,0,0,0,0,0,0,0,0,0,1
1990,0.326923076923077,1,"Jewelry","Accessories",0.275,"Maryland",1,"Charcoal","Spring",0.6,0,"Express",0,0,0.775510204081633,"PayPal","Bi-Weekly","Adult",1,0,0,0,0,1,0,0,0,1,0,0,0,0,0,0,0,0,1,0,0,1,0,0,0,0,0
1991,0.269230769230769,1,"Backpack","Accessories",0.9375,"Connecticut",3,"White","Spring",0.36,0,"2-Day Shipping",0,0,0.285714285714286,"PayPal","Annually","Adult",1,0,0,0,0,1,0,0,1,0,0,0,0,0,0,0,0,0,1,0,1,0,0,0,0,0,0
1992,0.538461538461538,1,"Sneakers","Footwear",0.1125,"Missouri",2,"Brown","Summer",0.48,0,"Next Day Air",0,0,0,"Venmo","Every 3 Months","Middle Age",0,0,1,0,0,0,1,0,0,0,0,1,0,0,0,0,0,0,0,1,0,0,1,0,0,0,0
1993,0.288461538461538,1,"Hoodie","Clothing",0.975,"New Jersey",3,"Gold","Winter",0.96,0,"2-Day Shipping",0,0,0.551020408163265,"Venmo","Monthly","Adult",0,1,0,0,0,0,0,1,1,0,0,0,0,0,0,0,0,0,0,1,0,0,0,0,1,0,0
1994,0.269230769230769,1,"Blouse","Clothing",0.95,"Arkansas",1,"Purple","Spring",1,0,"Express",0,0,0.326530612244898,"Cash","Weekly","Adult",0,1,0,0,0,1,0,0,0,1,0,0,0,0,0,1,0,0,0,0,0,0,0,0,0,0,1
1995,0.288461538461538,1,"Sunglasses","Accessories",0.575,"Nevada",2,"Brown","Fall",0.16,0,"Next Day Air",0,0,0.469387755102041,"Credit Card","Weekly","Adult",1,0,0,0,1,0,0,0,0,0,0,1,0,0,0,0,1,0,0,0,0,0,0,0,0,0,1
1996,0.942307692307692,1,"Boots","Footwear",0.75,"Missouri",1,"Teal","Spring",0.2,0,"Standard",0,0,0.571428571428571,"Debit Card","Quarterly","Senior",0,0,1,0,0,1,0,0,0,0,0,0,1,0,0,0,0,1,0,0,0,0,0,0,0,1,0
1997,0.942307692307692,1,"Sneakers","Footwear",0.0875,"South Dakota",3,"Indigo","Summer",0.32,0,"Next Day Air",0,0,0.346938775510204,"Cash","Every 3 Months","Senior",0,0,1,0,0,0,1,0,0,0,0,1,0,0,0,1,0,0,0,0,0,0,1,0,0,0,0
1998,0.461538461538462,1,"Backpack","Accessories",0.0625,"Connecticut",2,"Purple","Fall",0.88,0,"Express",0,0,0.183673469387755,"Debit Card","Bi-Weekly","Middle Age",1,0,0,0,1,0,0,0,0,1,0,0,0,0,0,0,0,1,0,0,0,1,0,0,0,0,0
1999,0.0384615384615385,1,"Pants","Clothing",0.3125,"Vermont",2,"Orange","Fall",0.36,0,"2-Day Shipping",0,0,0.36734693877551,"Cash","Quarterly","Young Adult",0,1,0,0,1,0,0,0,1,0,0,0,0,0,0,1,0,0,0,0,0,0,0,0,0,1,0
2000,0.403846153846154,1,"Socks","Clothing",0.8625,"Tennessee",3,"Indigo","Winter",0.84,0,"2-Day Shipping",0,0,0.510204081632653,"Debit Card","Monthly","Middle Age",0,1,0,0,0,0,0,1,1,0,0,0,0,0,0,0,0,1,0,0,0,0,0,0,1,0,0
2001,0.153846153846154,1,"Belt","Accessories",0.0875,"California",2,"Lavender","Winter",0.44,0,"2-Day Shipping",0,0,0.489795918367347,"Cash","Bi-Weekly","Adult",1,0,0,0,0,0,0,1,1,0,0,0,0,0,0,1,0,0,0,0,0,1,0,0,0,0,0
2002,0.634615384615385,1,"Sunglasses","Accessories",0.875,"Wyoming",1,"Purple","Winter",0.04,0,"Free Shipping",0,0,0.0204081632653061,"Debit Card","Fortnightly","Senior",1,0,0,0,0,0,0,1,0,0,1,0,0,0,0,0,0,1,0,0,0,0,0,1,0,0,0
2003,0.25,1,"Shirt","Clothing",0.5625,"New York",2,"Red","Summer",0.0800000000000001,0,"Express",0,0,0.36734693877551,"PayPal","Every 3 Months","Adult",0,1,0,0,0,0,1,0,0,1,0,0,0,0,0,0,0,0,1,0,0,0,1,0,0,0,0
2004,0.961538461538462,1,"Sneakers","Footwear",0.65,"Maine",1,"Blue","Spring",0.24,0,"Express",0,0,0.63265306122449,"Cash","Quarterly","Senior",0,0,1,0,0,1,0,0,0,1,0,0,0,0,0,1,0,0,0,0,0,0,0,0,0,1,0
2005,0.5,1,"Shoes","Footwear",0.625,"Georgia",3,"Blue","Fall",0.28,0,"2-Day Shipping",0,0,0.244897959183673,"Cash","Bi-Weekly","Middle Age",0,0,1,0,1,0,0,0,1,0,0,0,0,0,0,1,0,0,0,0,0,1,0,0,0,0,0
2006,0,1,"Sandals","Footwear",0.775,"Tennessee",2,"Cyan","Winter",0.36,0,"Store Pickup",0,0,0.591836734693878,"PayPal","Fortnightly","Young Adult",0,0,1,0,0,0,0,1,0,0,0,0,0,1,0,0,0,0,1,0,0,0,0,1,0,0,0
2007,0.769230769230769,1,"Scarf","Accessories",0.9625,"New Mexico",1,"Pink","Fall",0.76,0,"Express",0,0,0.0204081632653061,"Credit Card","Annually","Senior",1,0,0,0,1,0,0,0,0,1,0,0,0,0,0,0,1,0,0,0,1,0,0,0,0,0,0
2008,0.153846153846154,1,"Shirt","Clothing",0.0625,"Virginia",2,"Silver","Summer",0.28,0,"2-Day Shipping",0,0,0.142857142857143,"PayPal","Quarterly","Adult",0,1,0,0,0,0,1,0,1,0,0,0,0,0,0,0,0,0,1,0,0,0,0,0,0,1,0
2009,0.75,1,"Skirt","Clothing",0.35,"Florida",2,"Gray","Spring",0,0,"Free Shipping",0,0,0.530612244897959,"PayPal","Every 3 Months","Senior",0,1,0,0,0,1,0,0,0,0,1,0,0,0,0,0,0,0,1,0,0,0,1,0,0,0,0
2010,0.365384615384615,1,"Boots","Footwear",0.9875,"Alabama",2,"Indigo","Summer",0.52,0,"Next Day Air",0,0,0.510204081632653,"Venmo","Bi-Weekly","Middle Age",0,0,1,0,0,0,1,0,0,0,0,1,0,0,0,0,0,0,0,1,0,1,0,0,0,0,0
2011,0.115384615384615,1,"Sweater","Clothing",0.0125,"Texas",2,"Maroon","Summer",0.76,0,"2-Day Shipping",0,0,0.0408163265306122,"Debit Card","Bi-Weekly","Young Adult",0,1,0,0,0,0,1,0,1,0,0,0,0,0,0,0,0,1,0,0,0,1,0,0,0,0,0
2012,0.75,1,"Sandals","Footwear",0.925,"West Virginia",2,"Beige","Spring",0.48,0,"Express",0,0,0.0612244897959184,"Bank Transfer","Monthly","Senior",0,0,1,0,0,1,0,0,0,1,0,0,0,0,1,0,0,0,0,0,0,0,0,0,1,0,0
2013,0.576923076923077,1,"Jeans","Clothing",0.4125,"Nevada",3,"Green","Fall",0.28,0,"Store Pickup",0,0,0.0816326530612245,"Cash","Fortnightly","Middle Age",0,1,0,0,1,0,0,0,0,0,0,0,0,1,0,1,0,0,0,0,0,0,0,1,0,0,0
2014,0.403846153846154,1,"Backpack","Accessories",0.625,"Virginia",2,"Peach","Winter",0.96,0,"Standard",0,0,0.489795918367347,"Debit Card","Quarterly","Middle Age",1,0,0,0,0,0,0,1,0,0,0,0,1,0,0,0,0,1,0,0,0,0,0,0,0,1,0
2015,0.634615384615385,1,"Skirt","Clothing",0.075,"Wisconsin",3,"Black","Summer",0.56,0,"Standard",0,0,0.938775510204082,"PayPal","Bi-Weekly","Senior",0,1,0,0,0,0,1,0,0,0,0,0,1,0,0,0,0,0,1,0,0,1,0,0,0,0,0
2016,0.75,1,"Belt","Accessories",0.775,"Virginia",1,"Pink","Summer",0.8,0,"Next Day Air",0,0,0.142857142857143,"Credit Card","Fortnightly","Senior",1,0,0,0,0,0,1,0,0,0,0,1,0,0,0,0,1,0,0,0,0,0,0,1,0,0,0
2017,0.673076923076923,1,"Shoes","Footwear",0.3375,"Maine",1,"Violet","Winter",0.36,0,"Standard",0,0,0.387755102040816,"Debit Card","Fortnightly","Senior",0,0,1,0,0,0,0,1,0,0,0,0,1,0,0,0,0,1,0,0,0,0,0,1,0,0,0
2018,1,1,"Socks","Clothing",0.15,"Massachusetts",1,"Green","Winter",0.64,0,"Next Day Air",0,0,0.836734693877551,"Bank Transfer","Every 3 Months","Senior",0,1,0,0,0,0,0,1,0,0,0,1,0,0,1,0,0,0,0,0,0,0,1,0,0,0,0
2019,0.807692307692308,1,"Backpack","Accessories",0.9625,"Arkansas",1,"Gold","Fall",0.8,0,"Store Pickup",0,0,0.387755102040816,"Bank Transfer","Weekly","Senior",1,0,0,0,1,0,0,0,0,0,0,0,0,1,1,0,0,0,0,0,0,0,0,0,0,0,1
2020,0.25,1,"Shirt","Clothing",0.6,"Idaho",1,"Red","Winter",0.88,0,"Store Pickup",0,0,0.448979591836735,"Cash","Fortnightly","Adult",0,1,0,0,0,0,0,1,0,0,0,0,0,1,0,1,0,0,0,0,0,0,0,1,0,0,0
2021,0.442307692307692,1,"Sweater","Clothing",0.0375,"Pennsylvania",2,"Beige","Winter",0.92,0,"Next Day Air",0,0,0.510204081632653,"Cash","Quarterly","Middle Age",0,1,0,0,0,0,0,1,0,0,0,1,0,0,0,1,0,0,0,0,0,0,0,0,0,1,0
2022,0.846153846153846,1,"Handbag","Accessories",0.1625,"Maine",2,"Green","Winter",0.76,0,"Standard",0,0,0.959183673469388,"Venmo","Quarterly","Senior",1,0,0,0,0,0,0,1,0,0,0,0,1,0,0,0,0,0,0,1,0,0,0,0,0,1,0
2023,0.788461538461538,1,"Jewelry","Accessories",0.225,"Alabama",1,"Black","Winter",0.6,0,"Store Pickup",0,0,0.306122448979592,"Cash","Bi-Weekly","Senior",1,0,0,0,0,0,0,1,0,0,0,0,0,1,0,1,0,0,0,0,0,1,0,0,0,0,0
2024,0.538461538461538,1,"Socks","Clothing",0.6,"Idaho",1,"Teal","Winter",0.64,0,"Store Pickup",0,0,0.551020408163265,"Cash","Bi-Weekly","Middle Age",0,1,0,0,0,0,0,1,0,0,0,0,0,1,0,1,0,0,0,0,0,1,0,0,0,0,0
2025,0.846153846153846,1,"Socks","Clothing",0.0375,"Arkansas",3,"Silver","Fall",0.48,0,"Express",0,0,0.775510204081633,"PayPal","Weekly","Senior",0,1,0,0,1,0,0,0,0,1,0,0,0,0,0,0,0,0,1,0,0,0,0,0,0,0,1
2026,0.461538461538462,1,"Shirt","Clothing",0.1125,"Delaware",2,"Turquoise","Summer",0.2,0,"Express",0,0,0.857142857142857,"Debit Card","Fortnightly","Middle Age",0,1,0,0,0,0,1,0,0,1,0,0,0,0,0,0,0,1,0,0,0,0,0,1,0,0,0
2027,0.365384615384615,1,"Scarf","Accessories",0.1875,"Maine",2,"Orange","Winter",0.44,0,"Express",0,0,0.897959183673469,"Bank Transfer","Every 3 Months","Middle Age",1,0,0,0,0,0,0,1,0,1,0,0,0,0,1,0,0,0,0,0,0,0,1,0,0,0,0
2028,0.615384615384615,1,"Shoes","Footwear",0.6625,"Nebraska",1,"Gold","Fall",0.92,0,"Standard",0,0,1,"Credit Card","Every 3 Months","Middle Age",0,0,1,0,1,0,0,0,0,0,0,0,1,0,0,0,1,0,0,0,0,0,1,0,0,0,0
2029,0.211538461538462,1,"Shoes","Footwear",0.8,"Ohio",4,"Purple","Fall",0.48,0,"2-Day Shipping",0,0,0.183673469387755,"Venmo","Bi-Weekly","Adult",0,0,1,0,1,0,0,0,1,0,0,0,0,0,0,0,0,0,0,1,0,1,0,0,0,0,0
2030,0.134615384615385,1,"Scarf","Accessories",0.0375,"Montana",2,"Pink","Spring",0.84,0,"Next Day Air",0,0,0.795918367346939,"PayPal","Quarterly","Young Adult",1,0,0,0,0,1,0,0,0,0,0,1,0,0,0,0,0,0,1,0,0,0,0,0,0,1,0
2031,0.923076923076923,1,"Sunglasses","Accessories",0.5875,"New Mexico",1,"Green","Summer",0.12,0,"Standard",0,0,0.755102040816326,"Credit Card","Monthly","Senior",1,0,0,0,0,0,1,0,0,0,0,0,1,0,0,0,1,0,0,0,0,0,0,0,1,0,0
2032,0.0576923076923077,1,"Socks","Clothing",0.3875,"North Carolina",3,"Charcoal","Spring",0.6,0,"Standard",0,0,0.0204081632653061,"Credit Card","Monthly","Young Adult",0,1,0,0,0,1,0,0,0,0,0,0,1,0,0,0,1,0,0,0,0,0,0,0,1,0,0
2033,0.538461538461538,1,"Blouse","Clothing",0.2,"South Carolina",2,"Maroon","Winter",0.68,0,"Next Day Air",0,0,0.244897959183673,"Cash","Annually","Middle Age",0,1,0,0,0,0,0,1,0,0,0,1,0,0,0,1,0,0,0,0,1,0,0,0,0,0,0
2034,0.75,1,"Jeans","Clothing",0.4375,"Illinois",3,"Olive","Summer",0.44,0,"Express",0,0,0.653061224489796,"Venmo","Annually","Senior",0,1,0,0,0,0,1,0,0,1,0,0,0,0,0,0,0,0,0,1,1,0,0,0,0,0,0
2035,0.826923076923077,1,"Shorts","Clothing",0.125,"Alabama",2,"Peach","Spring",0.16,0,"Store Pickup",0,0,0.530612244897959,"PayPal","Monthly","Senior",0,1,0,0,0,1,0,0,0,0,0,0,0,1,0,0,0,0,1,0,0,0,0,0,1,0,0
2036,0.673076923076923,1,"T-shirt","Clothing",0.625,"Oklahoma",1,"Yellow","Summer",0.64,0,"Express",0,0,0.857142857142857,"Bank Transfer","Weekly","Senior",0,1,0,0,0,0,1,0,0,1,0,0,0,0,1,0,0,0,0,0,0,0,0,0,0,0,1
2037,0.365384615384615,1,"Blouse","Clothing",0.5375,"Minnesota",1,"Lavender","Winter",0.24,0,"Next Day Air",0,0,0.918367346938776,"Cash","Weekly","Middle Age",0,1,0,0,0,0,0,1,0,0,0,1,0,0,0,1,0,0,0,0,0,0,0,0,0,0,1
2038,0.403846153846154,1,"Belt","Accessories",0.8375,"Illinois",1,"Green","Summer",0.72,0,"Express",0,0,0.122448979591837,"Venmo","Bi-Weekly","Middle Age",1,0,0,0,0,0,1,0,0,1,0,0,0,0,0,0,0,0,0,1,0,1,0,0,0,0,0
2039,0.673076923076923,1,"Blouse","Clothing",0.625,"Arkansas",3,"Orange","Spring",0.76,0,"Next Day Air",0,0,0.693877551020408,"Credit Card","Fortnightly","Senior",0,1,0,0,0,1,0,0,0,0,0,1,0,0,0,0,1,0,0,0,0,0,0,1,0,0,0
2040,0.326923076923077,1,"T-shirt","Clothing",0.3875,"Minnesota",2,"Olive","Spring",0.24,0,"Next Day Air",0,0,0.612244897959184,"Debit Card","Bi-Weekly","Adult",0,1,0,0,0,1,0,0,0,0,0,1,0,0,0,0,0,1,0,0,0,1,0,0,0,0,0
2041,0.980769230769231,1,"Jewelry","Accessories",0.0625,"South Carolina",4,"Gray","Spring",0.16,0,"Free Shipping",0,0,0.836734693877551,"Venmo","Quarterly","Senior",1,0,0,0,0,1,0,0,0,0,1,0,0,0,0,0,0,0,0,1,0,0,0,0,0,1,0
2042,0.923076923076923,1,"Jacket","Outerwear",0.15,"New York",1,"Lavender","Winter",0.28,0,"Next Day Air",0,0,0.26530612244898,"PayPal","Bi-Weekly","Senior",0,0,0,1,0,0,0,1,0,0,0,1,0,0,0,0,0,0,1,0,0,1,0,0,0,0,0
2043,0.0192307692307692,1,"Shoes","Footwear",0.4,"Alabama",2,"Red","Spring",0.6,0,"2-Day Shipping",0,0,0.693877551020408,"Venmo","Monthly","Young Adult",0,0,1,0,0,1,0,0,1,0,0,0,0,0,0,0,0,0,0,1,0,0,0,0,1,0,0
2044,0.557692307692308,1,"Gloves","Accessories",0.1625,"New York",2,"Charcoal","Summer",0.0800000000000001,0,"Standard",0,0,0.979591836734694,"PayPal","Weekly","Middle Age",1,0,0,0,0,0,1,0,0,0,0,0,1,0,0,0,0,0,1,0,0,0,0,0,0,0,1
2045,0.596153846153846,1,"Jeans","Clothing",0.6,"Missouri",3,"Orange","Spring",0.2,0,"Free Shipping",0,0,0.326530612244898,"PayPal","Fortnightly","Middle Age",0,1,0,0,0,1,0,0,0,0,1,0,0,0,0,0,0,0,1,0,0,0,0,1,0,0,0
2046,0.25,1,"Jewelry","Accessories",0,"Georgia",2,"Red","Fall",0.76,0,"Express",0,0,0.510204081632653,"PayPal","Quarterly","Adult",1,0,0,0,1,0,0,0,0,1,0,0,0,0,0,0,0,0,1,0,0,0,0,0,0,1,0
2047,0.403846153846154,1,"Pants","Clothing",0.15,"Oklahoma",2,"Maroon","Winter",0.12,0,"Free Shipping",0,0,0.591836734693878,"Cash","Every 3 Months","Middle Age",0,1,0,0,0,0,0,1,0,0,1,0,0,0,0,1,0,0,0,0,0,0,1,0,0,0,0
2048,0.769230769230769,1,"Jewelry","Accessories",0.775,"Connecticut",2,"Silver","Summer",0.24,0,"Store Pickup",0,0,0.63265306122449,"Cash","Annually","Senior",1,0,0,0,0,0,1,0,0,0,0,0,0,1,0,1,0,0,0,0,1,0,0,0,0,0,0
2049,0.519230769230769,1,"Sneakers","Footwear",0.55,"Michigan",4,"Pink","Winter",0.56,0,"Express",0,0,0.693877551020408,"Bank Transfer","Quarterly","Middle Age",0,0,1,0,0,0,0,1,0,1,0,0,0,0,1,0,0,0,0,0,0,0,0,0,0,1,0
2050,0.961538461538462,1,"Boots","Footwear",0.05,"Rhode Island",3,"Blue","Fall",0.0800000000000001,0,"Standard",0,0,0.285714285714286,"Venmo","Annually","Senior",0,0,1,0,1,0,0,0,0,0,0,0,1,0,0,0,0,0,0,1,1,0,0,0,0,0,0
2051,0.326923076923077,1,"Hat","Accessories",0.95,"Mississippi",2,"Teal","Summer",0.36,0,"Store Pickup",0,0,0.183673469387755,"Debit Card","Annually","Adult",1,0,0,0,0,0,1,0,0,0,0,0,0,1,0,0,0,1,0,0,1,0,0,0,0,0,0
2052,0.903846153846154,1,"T-shirt","Clothing",0.925,"Massachusetts",3,"Black","Spring",0.52,0,"Free Shipping",0,0,0.26530612244898,"Credit Card","Monthly","Senior",0,1,0,0,0,1,0,0,0,0,1,0,0,0,0,0,1,0,0,0,0,0,0,0,1,0,0
2053,0.519230769230769,1,"Backpack","Accessories",0.35,"New Hampshire",2,"Gray","Winter",0.48,0,"2-Day Shipping",0,0,0.591836734693878,"Bank Transfer","Annually","Middle Age",1,0,0,0,0,0,0,1,1,0,0,0,0,0,1,0,0,0,0,0,1,0,0,0,0,0,0
2054,0.0192307692307692,1,"Sunglasses","Accessories",0.5,"Wyoming",1,"Purple","Spring",0.8,0,"2-Day Shipping",0,0,0.306122448979592,"Credit Card","Fortnightly","Young Adult",1,0,0,0,0,1,0,0,1,0,0,0,0,0,0,0,1,0,0,0,0,0,0,1,0,0,0
2055,0.903846153846154,1,"Sweater","Clothing",0.45,"New Jersey",4,"Gold","Spring",0.16,0,"Express",0,0,0.26530612244898,"PayPal","Annually","Senior",0,1,0,0,0,1,0,0,0,1,0,0,0,0,0,0,0,0,1,0,1,0,0,0,0,0,0
2056,0.192307692307692,1,"Handbag","Accessories",0.1625,"Texas",2,"Silver","Fall",0.36,0,"2-Day Shipping",0,0,0.551020408163265,"Bank Transfer","Weekly","Adult",1,0,0,0,1,0,0,0,1,0,0,0,0,0,1,0,0,0,0,0,0,0,0,0,0,0,1
2057,0.711538461538462,1,"Backpack","Accessories",0.325,"Minnesota",3,"Blue","Spring",0.76,0,"2-Day Shipping",0,0,0.571428571428571,"PayPal","Monthly","Senior",1,0,0,0,0,1,0,0,1,0,0,0,0,0,0,0,0,0,1,0,0,0,0,0,1,0,0
2058,0.923076923076923,1,"Socks","Clothing",0.2125,"South Dakota",3,"Yellow","Spring",0.68,0,"Standard",0,0,0.0816326530612245,"PayPal","Every 3 Months","Senior",0,1,0,0,0,1,0,0,0,0,0,0,1,0,0,0,0,0,1,0,0,0,1,0,0,0,0
2059,0.211538461538462,1,"Shirt","Clothing",0.975,"Washington",2,"Brown","Winter",0.32,0,"Store Pickup",0,0,0.326530612244898,"Bank Transfer","Quarterly","Adult",0,1,0,0,0,0,0,1,0,0,0,0,0,1,1,0,0,0,0,0,0,0,0,0,0,1,0
2060,0.730769230769231,1,"Shorts","Clothing",0.375,"California",4,"Beige","Spring",0.48,0,"Express",0,0,1,"PayPal","Weekly","Senior",0,1,0,0,0,1,0,0,0,1,0,0,0,0,0,0,0,0,1,0,0,0,0,0,0,0,1
2061,0.0576923076923077,1,"Belt","Accessories",0.5375,"Wisconsin",2,"Blue","Fall",0.28,0,"Next Day Air",0,0,0.448979591836735,"Bank Transfer","Quarterly","Young Adult",1,0,0,0,1,0,0,0,0,0,0,1,0,0,1,0,0,0,0,0,0,0,0,0,0,1,0
2062,0.269230769230769,1,"Sweater","Clothing",0.625,"Michigan",1,"Magenta","Summer",0.04,0,"Store Pickup",0,0,0.428571428571429,"Debit Card","Annually","Adult",0,1,0,0,0,0,1,0,0,0,0,0,0,1,0,0,0,1,0,0,1,0,0,0,0,0,0
2063,0.692307692307692,1,"Coat","Outerwear",0.5375,"South Carolina",3,"Silver","Fall",0.12,0,"Standard",0,0,0.285714285714286,"Cash","Quarterly","Senior",0,0,0,1,1,0,0,0,0,0,0,0,1,0,0,1,0,0,0,0,0,0,0,0,0,1,0
2064,0.826923076923077,1,"Shorts","Clothing",0.825,"Indiana",2,"Cyan","Fall",0.16,0,"Standard",0,0,0.63265306122449,"Cash","Monthly","Senior",0,1,0,0,1,0,0,0,0,0,0,0,1,0,0,1,0,0,0,0,0,0,0,0,1,0,0
2065,0.25,1,"Shoes","Footwear",0.9875,"Arkansas",2,"Green","Summer",0.6,0,"2-Day Shipping",0,0,0.0816326530612245,"Bank Transfer","Monthly","Adult",0,0,1,0,0,0,1,0,1,0,0,0,0,0,1,0,0,0,0,0,0,0,0,0,1,0,0
2066,0.173076923076923,1,"Sneakers","Footwear",0.25,"Oregon",2,"Blue","Spring",0.16,0,"Free Shipping",0,0,0.102040816326531,"Bank Transfer","Bi-Weekly","Adult",0,0,1,0,0,1,0,0,0,0,1,0,0,0,1,0,0,0,0,0,0,1,0,0,0,0,0
2067,0.884615384615385,1,"Sneakers","Footwear",0.9,"Illinois",2,"Olive","Fall",0.88,0,"Store Pickup",0,0,0.877551020408163,"Debit Card","Fortnightly","Senior",0,0,1,0,1,0,0,0,0,0,0,0,0,1,0,0,0,1,0,0,0,0,0,1,0,0,0
2068,0.807692307692308,1,"Pants","Clothing",0.0125,"Maryland",4,"Beige","Fall",0.24,0,"2-Day Shipping",0,0,0.448979591836735,"Cash","Fortnightly","Senior",0,1,0,0,1,0,0,0,1,0,0,0,0,0,0,1,0,0,0,0,0,0,0,1,0,0,0
2069,1,1,"Jewelry","Accessories",0.7625,"Vermont",4,"Black","Summer",0.56,0,"Store Pickup",0,0,0.877551020408163,"Venmo","Monthly","Senior",1,0,0,0,0,0,1,0,0,0,0,0,0,1,0,0,0,0,0,1,0,0,0,0,1,0,0
2070,0.346153846153846,1,"T-shirt","Clothing",0.775,"Texas",2,"Indigo","Fall",0.36,0,"Free Shipping",0,0,0.0408163265306122,"Debit Card","Quarterly","Middle Age",0,1,0,0,1,0,0,0,0,0,1,0,0,0,0,0,0,1,0,0,0,0,0,0,0,1,0
2071,0.730769230769231,1,"Jewelry","Accessories",0.85,"Nebraska",4,"Red","Spring",0.24,0,"Express",0,0,0.26530612244898,"Cash","Monthly","Senior",1,0,0,0,0,1,0,0,0,1,0,0,0,0,0,1,0,0,0,0,0,0,0,0,1,0,0
2072,0.980769230769231,1,"Jacket","Outerwear",1,"South Carolina",1,"Yellow","Fall",0.92,0,"Store Pickup",0,0,0.73469387755102,"PayPal","Quarterly","Senior",0,0,0,1,1,0,0,0,0,0,0,0,0,1,0,0,0,0,1,0,0,0,0,0,0,1,0
2073,0.403846153846154,1,"Backpack","Accessories",0.575,"Massachusetts",2,"Beige","Winter",0.56,0,"Next Day Air",0,0,0.428571428571429,"Bank Transfer","Weekly","Middle Age",1,0,0,0,0,0,0,1,0,0,0,1,0,0,1,0,0,0,0,0,0,0,0,0,0,0,1
2074,0.384615384615385,1,"Belt","Accessories",0.0625,"Texas",1,"Green","Winter",0.4,0,"Next Day Air",0,0,0.0204081632653061,"PayPal","Every 3 Months","Middle Age",1,0,0,0,0,0,0,1,0,0,0,1,0,0,0,0,0,0,1,0,0,0,1,0,0,0,0
2075,0.346153846153846,1,"Scarf","Accessories",0.4125,"Florida",2,"White","Summer",0.24,0,"Free Shipping",0,0,0.877551020408163,"Debit Card","Fortnightly","Middle Age",1,0,0,0,0,0,1,0,0,0,1,0,0,0,0,0,0,1,0,0,0,0,0,1,0,0,0
2076,0.538461538461538,1,"Sweater","Clothing",0.1,"South Carolina",1,"Turquoise","Fall",0.88,0,"Express",0,0,0.979591836734694,"Debit Card","Monthly","Middle Age",0,1,0,0,1,0,0,0,0,1,0,0,0,0,0,0,0,1,0,0,0,0,0,0,1,0,0
2077,0.788461538461538,1,"Gloves","Accessories",0.0375,"Florida",1,"Indigo","Fall",0.84,0,"Free Shipping",0,0,0.428571428571429,"Debit Card","Bi-Weekly","Senior",1,0,0,0,1,0,0,0,0,0,1,0,0,0,0,0,0,1,0,0,0,1,0,0,0,0,0
2078,0.884615384615385,1,"Scarf","Accessories",0.175,"Nebraska",3,"Orange","Fall",0.32,0,"Free Shipping",0,0,0.510204081632653,"Bank Transfer","Annually","Senior",1,0,0,0,1,0,0,0,0,0,1,0,0,0,1,0,0,0,0,0,1,0,0,0,0,0,0
2079,0.596153846153846,1,"Dress","Clothing",0.275,"Hawaii",2,"Blue","Spring",0.28,0,"Next Day Air",0,0,0.795918367346939,"Debit Card","Weekly","Middle Age",0,1,0,0,0,1,0,0,0,0,0,1,0,0,0,0,0,1,0,0,0,0,0,0,0,0,1
2080,0.269230769230769,1,"Jeans","Clothing",0.05,"Montana",3,"Violet","Summer",0.24,0,"Next Day Air",0,0,0.306122448979592,"PayPal","Quarterly","Adult",0,1,0,0,0,0,1,0,0,0,0,1,0,0,0,0,0,0,1,0,0,0,0,0,0,1,0
2081,0.211538461538462,1,"Sunglasses","Accessories",0.3375,"South Dakota",1,"Gray","Fall",0.4,0,"Free Shipping",0,0,0.326530612244898,"Debit Card","Bi-Weekly","Adult",1,0,0,0,1,0,0,0,0,0,1,0,0,0,0,0,0,1,0,0,0,1,0,0,0,0,0
2082,0.115384615384615,1,"Coat","Outerwear",0.725,"Alabama",1,"Cyan","Spring",0.72,0,"Standard",0,0,0.959183673469388,"Bank Transfer","Bi-Weekly","Young Adult",0,0,0,1,0,1,0,0,0,0,0,0,1,0,1,0,0,0,0,0,0,1,0,0,0,0,0
2083,0.442307692307692,1,"Jeans","Clothing",0.8625,"Arkansas",2,"Yellow","Summer",0.16,0,"Free Shipping",0,0,0.551020408163265,"Venmo","Every 3 Months","Middle Age",0,1,0,0,0,0,1,0,0,0,1,0,0,0,0,0,0,0,0,1,0,0,1,0,0,0,0
2084,0.442307692307692,1,"Scarf","Accessories",0.4875,"Mississippi",3,"Orange","Fall",0.0800000000000001,0,"Store Pickup",0,0,0.510204081632653,"Credit Card","Fortnightly","Middle Age",1,0,0,0,1,0,0,0,0,0,0,0,0,1,0,0,1,0,0,0,0,0,0,1,0,0,0
2085,0.269230769230769,1,"Blouse","Clothing",0.925,"Vermont",1,"Brown","Summer",0.6,0,"Standard",0,0,0.857142857142857,"Bank Transfer","Quarterly","Adult",0,1,0,0,0,0,1,0,0,0,0,0,1,0,1,0,0,0,0,0,0,0,0,0,0,1,0
2086,0.980769230769231,1,"Jeans","Clothing",0.3625,"New York",2,"Teal","Fall",0.84,0,"Free Shipping",0,0,0.755102040816326,"Debit Card","Weekly","Senior",0,1,0,0,1,0,0,0,0,0,1,0,0,0,0,0,0,1,0,0,0,0,0,0,0,0,1
2087,0.903846153846154,1,"Dress","Clothing",0.8625,"North Dakota",3,"Beige","Summer",0.88,0,"2-Day Shipping",0,0,0.714285714285714,"Cash","Every 3 Months","Senior",0,1,0,0,0,0,1,0,1,0,0,0,0,0,0,1,0,0,0,0,0,0,1,0,0,0,0
2088,0.692307692307692,1,"Hat","Accessories",0.8875,"Wisconsin",2,"Blue","Summer",0.88,0,"Standard",0,0,0,"Credit Card","Weekly","Senior",1,0,0,0,0,0,1,0,0,0,0,0,1,0,0,0,1,0,0,0,0,0,0,0,0,0,1
2089,0.403846153846154,1,"Sandals","Footwear",0.8625,"California",3,"Orange","Spring",0.6,0,"Standard",0,0,0.979591836734694,"Debit Card","Annually","Middle Age",0,0,1,0,0,1,0,0,0,0,0,0,1,0,0,0,0,1,0,0,1,0,0,0,0,0,0
2090,0.365384615384615,1,"Jacket","Outerwear",0.4625,"Maryland",3,"Gold","Spring",0.44,0,"Free Shipping",0,0,0.816326530612245,"Credit Card","Every 3 Months","Middle Age",0,0,0,1,0,1,0,0,0,0,1,0,0,0,0,0,1,0,0,0,0,0,1,0,0,0,0
2091,0.634615384615385,1,"Socks","Clothing",0.6375,"Massachusetts",1,"Teal","Winter",0.36,0,"Free Shipping",0,0,0.408163265306122,"Debit Card","Monthly","Senior",0,1,0,0,0,0,0,1,0,0,1,0,0,0,0,0,0,1,0,0,0,0,0,0,1,0,0
2092,0.153846153846154,1,"Jeans","Clothing",0.9625,"Washington",4,"Beige","Fall",0.2,0,"Next Day Air",0,0,0.469387755102041,"Bank Transfer","Quarterly","Adult",0,1,0,0,1,0,0,0,0,0,0,1,0,0,1,0,0,0,0,0,0,0,0,0,0,1,0
2093,0.461538461538462,1,"Sandals","Footwear",0.3125,"Minnesota",2,"Silver","Fall",0.04,0,"Next Day Air",0,0,0.530612244897959,"Bank Transfer","Weekly","Middle Age",0,0,1,0,1,0,0,0,0,0,0,1,0,0,1,0,0,0,0,0,0,0,0,0,0,0,1
2094,0.0576923076923077,1,"Dress","Clothing",0.8875,"Washington",2,"Maroon","Spring",0.68,0,"Store Pickup",0,0,0.0612244897959184,"Debit Card","Annually","Young Adult",0,1,0,0,0,1,0,0,0,0,0,0,0,1,0,0,0,1,0,0,1,0,0,0,0,0,0
2095,0.673076923076923,1,"Socks","Clothing",0.0625,"South Carolina",2,"Indigo","Spring",0.36,0,"Standard",0,0,0.36734693877551,"Venmo","Annually","Senior",0,1,0,0,0,1,0,0,0,0,0,0,1,0,0,0,0,0,0,1,1,0,0,0,0,0,0
2096,0.346153846153846,1,"Hoodie","Clothing",0.5375,"New Mexico",2,"Gray","Fall",0.6,0,"Store Pickup",0,0,0,"Bank Transfer","Fortnightly","Middle Age",0,1,0,0,1,0,0,0,0,0,0,0,0,1,1,0,0,0,0,0,0,0,0,1,0,0,0
2097,0.0576923076923077,1,"Dress","Clothing",0.4,"North Carolina",3,"Blue","Summer",0.88,0,"Free Shipping",0,0,0.530612244897959,"Debit Card","Annually","Young Adult",0,1,0,0,0,0,1,0,0,0,1,0,0,0,0,0,0,1,0,0,1,0,0,0,0,0,0
2098,0.288461538461538,1,"Sneakers","Footwear",0.2875,"Iowa",1,"Cyan","Winter",0.56,0,"Next Day Air",0,0,0.0816326530612245,"Credit Card","Weekly","Adult",0,0,1,0,0,0,0,1,0,0,0,1,0,0,0,0,1,0,0,0,0,0,0,0,0,0,1
2099,0.596153846153846,1,"T-shirt","Clothing",0.1,"Louisiana",2,"White","Summer",0.32,0,"2-Day Shipping",0,0,0.387755102040816,"Venmo","Quarterly","Middle Age",0,1,0,0,0,0,1,0,1,0,0,0,0,0,0,0,0,0,0,1,0,0,0,0,0,1,0
2100,0.25,1,"T-shirt","Clothing",0.725,"Oklahoma",3,"Green","Summer",0.16,0,"Express",0,0,1,"PayPal","Annually","Adult",0,1,0,0,0,0,1,0,0,1,0,0,0,0,0,0,0,0,1,0,1,0,0,0,0,0,0
2101,0.961538461538462,1,"Sweater","Clothing",0.1375,"Michigan",2,"Silver","Spring",0.76,0,"Free Shipping",0,0,0.714285714285714,"Cash","Fortnightly","Senior",0,1,0,0,0,1,0,0,0,0,1,0,0,0,0,1,0,0,0,0,0,0,0,1,0,0,0
2102,0.596153846153846,1,"Shirt","Clothing",0.0375,"Oregon",2,"Blue","Winter",0.44,0,"Next Day Air",0,0,0.224489795918367,"Bank Transfer","Bi-Weekly","Middle Age",0,1,0,0,0,0,0,1,0,0,0,1,0,0,1,0,0,0,0,0,0,1,0,0,0,0,0
2103,0.0961538461538462,1,"Hat","Accessories",0.0625,"Idaho",2,"Brown","Spring",0.8,0,"Store Pickup",0,0,0.448979591836735,"Cash","Monthly","Young Adult",1,0,0,0,0,1,0,0,0,0,0,0,0,1,0,1,0,0,0,0,0,0,0,0,1,0,0
2104,0.230769230769231,1,"Pants","Clothing",0.825,"Indiana",1,"Red","Summer",0.48,0,"Store Pickup",0,0,0.408163265306122,"Venmo","Weekly","Adult",0,1,0,0,0,0,1,0,0,0,0,0,0,1,0,0,0,0,0,1,0,0,0,0,0,0,1
2105,0.673076923076923,1,"Shoes","Footwear",0.85,"New Mexico",2,"Gold","Spring",0.12,0,"Free Shipping",0,0,0.938775510204082,"Venmo","Weekly","Senior",0,0,1,0,0,1,0,0,0,0,1,0,0,0,0,0,0,0,0,1,0,0,0,0,0,0,1
2106,0.903846153846154,1,"Gloves","Accessories",0.1875,"South Carolina",2,"Silver","Spring",0.8,0,"Free Shipping",0,0,0.755102040816326,"Venmo","Bi-Weekly","Senior",1,0,0,0,0,1,0,0,0,0,1,0,0,0,0,0,0,0,0,1,0,1,0,0,0,0,0
2107,0.807692307692308,1,"Jewelry","Accessories",0.175,"Vermont",2,"Gray","Fall",0.76,0,"Standard",0,0,0.795918367346939,"Credit Card","Every 3 Months","Senior",1,0,0,0,1,0,0,0,0,0,0,0,1,0,0,0,1,0,0,0,0,0,1,0,0,0,0
2108,0.538461538461538,1,"Pants","Clothing",0.6875,"Delaware",2,"Black","Winter",0.32,0,"Standard",0,0,0.693877551020408,"PayPal","Quarterly","Middle Age",0,1,0,0,0,0,0,1,0,0,0,0,1,0,0,0,0,0,1,0,0,0,0,0,0,1,0
2109,0.692307692307692,1,"Hoodie","Clothing",0.325,"North Dakota",4,"Beige","Winter",0.68,0,"Express",0,0,0.0612244897959184,"Credit Card","Quarterly","Senior",0,1,0,0,0,0,0,1,0,1,0,0,0,0,0,0,1,0,0,0,0,0,0,0,0,1,0
2110,0.788461538461538,1,"Jewelry","Accessories",0.1375,"California",3,"Peach","Fall",0.0800000000000001,0,"Free Shipping",0,0,0.551020408163265,"Venmo","Every 3 Months","Senior",1,0,0,0,1,0,0,0,0,0,1,0,0,0,0,0,0,0,0,1,0,0,1,0,0,0,0
2111,0.653846153846154,1,"Socks","Clothing",0.9125,"Montana",3,"Cyan","Spring",0.56,0,"Store Pickup",0,0,0.714285714285714,"Debit Card","Every 3 Months","Senior",0,1,0,0,0,1,0,0,0,0,0,0,0,1,0,0,0,1,0,0,0,0,1,0,0,0,0
2112,0.442307692307692,1,"Sunglasses","Accessories",0.8125,"Missouri",4,"Pink","Spring",0.04,0,"Free Shipping",0,0,0.285714285714286,"Bank Transfer","Annually","Middle Age",1,0,0,0,0,1,0,0,0,0,1,0,0,0,1,0,0,0,0,0,1,0,0,0,0,0,0
2113,0.480769230769231,1,"Belt","Accessories",0.6,"Tennessee",2,"Lavender","Fall",0.8,0,"2-Day Shipping",0,0,0.122448979591837,"Cash","Fortnightly","Middle Age",1,0,0,0,1,0,0,0,1,0,0,0,0,0,0,1,0,0,0,0,0,0,0,1,0,0,0
2114,0.865384615384615,1,"Dress","Clothing",0.25,"Virginia",2,"Brown","Spring",0.0800000000000001,0,"Store Pickup",0,0,0.571428571428571,"PayPal","Every 3 Months","Senior",0,1,0,0,0,1,0,0,0,0,0,0,0,1,0,0,0,0,1,0,0,0,1,0,0,0,0
2115,0.365384615384615,1,"Shirt","Clothing",0.3875,"Vermont",2,"Magenta","Winter",0.16,0,"Standard",0,0,0.224489795918367,"Debit Card","Annually","Middle Age",0,1,0,0,0,0,0,1,0,0,0,0,1,0,0,0,0,1,0,0,1,0,0,0,0,0,0
2116,0.5,1,"Scarf","Accessories",0.8125,"Rhode Island",2,"Violet","Winter",0.36,0,"Store Pickup",0,0,0.306122448979592,"Bank Transfer","Bi-Weekly","Middle Age",1,0,0,0,0,0,0,1,0,0,0,0,0,1,1,0,0,0,0,0,0,1,0,0,0,0,0
2117,0.942307692307692,1,"Jacket","Outerwear",0.0375,"Kansas",2,"Teal","Summer",0.16,0,"Express",0,0,1,"Debit Card","Bi-Weekly","Senior",0,0,0,1,0,0,1,0,0,1,0,0,0,0,0,0,0,1,0,0,0,1,0,0,0,0,0
2118,0.173076923076923,1,"Dress","Clothing",0.1,"Colorado",3,"Brown","Summer",0.52,0,"Free Shipping",0,0,0.204081632653061,"Debit Card","Annually","Adult",0,1,0,0,0,0,1,0,0,0,1,0,0,0,0,0,0,1,0,0,1,0,0,0,0,0,0
2119,0.807692307692308,1,"Socks","Clothing",0.3,"Georgia",2,"Olive","Fall",0.68,0,"2-Day Shipping",0,0,0.551020408163265,"Debit Card","Quarterly","Senior",0,1,0,0,1,0,0,0,1,0,0,0,0,0,0,0,0,1,0,0,0,0,0,0,0,1,0
2120,0.769230769230769,1,"Jewelry","Accessories",0.4625,"Nebraska",2,"Indigo","Spring",0.4,0,"Store Pickup",0,0,0.714285714285714,"Venmo","Bi-Weekly","Senior",1,0,0,0,0,1,0,0,0,0,0,0,0,1,0,0,0,0,0,1,0,1,0,0,0,0,0
2121,0.673076923076923,1,"Scarf","Accessories",0.975,"Missouri",1,"Red","Fall",0.24,0,"Next Day Air",0,0,0.755102040816326,"PayPal","Quarterly","Senior",1,0,0,0,1,0,0,0,0,0,0,1,0,0,0,0,0,0,1,0,0,0,0,0,0,1,0
2122,0.480769230769231,1,"Backpack","Accessories",0.6,"Alaska",2,"Olive","Winter",0.4,0,"2-Day Shipping",0,0,0.63265306122449,"Bank Transfer","Monthly","Middle Age",1,0,0,0,0,0,0,1,1,0,0,0,0,0,1,0,0,0,0,0,0,0,0,0,1,0,0
2123,0.269230769230769,1,"Jacket","Outerwear",0.2,"Virginia",3,"Teal","Fall",0.6,0,"Express",0,0,0.836734693877551,"Debit Card","Weekly","Adult",0,0,0,1,1,0,0,0,0,1,0,0,0,0,0,0,0,1,0,0,0,0,0,0,0,0,1
2124,0.692307692307692,1,"Coat","Outerwear",0.6375,"Nebraska",3,"Cyan","Spring",0.48,0,"Express",0,0,0.428571428571429,"Debit Card","Bi-Weekly","Senior",0,0,0,1,0,1,0,0,0,1,0,0,0,0,0,0,0,1,0,0,0,1,0,0,0,0,0
2125,0.557692307692308,1,"Skirt","Clothing",0.5,"Rhode Island",2,"Teal","Fall",0.68,0,"Next Day Air",0,0,0.428571428571429,"Venmo","Quarterly","Middle Age",0,1,0,0,1,0,0,0,0,0,0,1,0,0,0,0,0,0,0,1,0,0,0,0,0,1,0
2126,0.75,1,"Coat","Outerwear",0.8375,"New Hampshire",2,"Beige","Fall",0.92,0,"Store Pickup",0,0,0.612244897959184,"PayPal","Quarterly","Senior",0,0,0,1,1,0,0,0,0,0,0,0,0,1,0,0,0,0,1,0,0,0,0,0,0,1,0
2127,0.865384615384615,1,"Shoes","Footwear",0.225,"Alabama",4,"Magenta","Winter",0.64,0,"Express",0,0,0.551020408163265,"Credit Card","Monthly","Senior",0,0,1,0,0,0,0,1,0,1,0,0,0,0,0,0,1,0,0,0,0,0,0,0,1,0,0
2128,1,1,"Boots","Footwear",0.3125,"North Carolina",2,"Indigo","Spring",0.8,0,"2-Day Shipping",0,0,0.795918367346939,"Debit Card","Weekly","Senior",0,0,1,0,0,1,0,0,1,0,0,0,0,0,0,0,0,1,0,0,0,0,0,0,0,0,1
2129,0.846153846153846,1,"Coat","Outerwear",0.3375,"New Mexico",3,"Cyan","Fall",0.0800000000000001,0,"2-Day Shipping",0,0,0.408163265306122,"PayPal","Weekly","Senior",0,0,0,1,1,0,0,0,1,0,0,0,0,0,0,0,0,0,1,0,0,0,0,0,0,0,1
2130,0.423076923076923,1,"Skirt","Clothing",0.4625,"Minnesota",3,"Orange","Fall",0.12,0,"Store Pickup",0,0,0.224489795918367,"PayPal","Every 3 Months","Middle Age",0,1,0,0,1,0,0,0,0,0,0,0,0,1,0,0,0,0,1,0,0,0,1,0,0,0,0
2131,0.134615384615385,1,"Backpack","Accessories",0.6,"Arizona",3,"Violet","Summer",0.48,0,"Free Shipping",0,0,0.653061224489796,"Credit Card","Annually","Young Adult",1,0,0,0,0,0,1,0,0,0,1,0,0,0,0,0,1,0,0,0,1,0,0,0,0,0,0
2132,0.0192307692307692,1,"Shorts","Clothing",0.4,"Montana",2,"Red","Fall",0.44,0,"Express",0,0,0.163265306122449,"Bank Transfer","Fortnightly","Young Adult",0,1,0,0,1,0,0,0,0,1,0,0,0,0,1,0,0,0,0,0,0,0,0,1,0,0,0
2133,0.134615384615385,1,"Skirt","Clothing",0.8375,"Vermont",2,"Magenta","Fall",0.88,0,"2-Day Shipping",0,0,0.285714285714286,"Debit Card","Weekly","Young Adult",0,1,0,0,1,0,0,0,1,0,0,0,0,0,0,0,0,1,0,0,0,0,0,0,0,0,1
2134,0.0576923076923077,1,"Hat","Accessories",0.175,"Maine",2,"Olive","Summer",0.52,0,"Standard",0,0,0.244897959183673,"Bank Transfer","Annually","Young Adult",1,0,0,0,0,0,1,0,0,0,0,0,1,0,1,0,0,0,0,0,1,0,0,0,0,0,0
2135,0.711538461538462,1,"Sandals","Footwear",0.2625,"Virginia",4,"Maroon","Winter",0.16,0,"Standard",0,0,0.693877551020408,"Credit Card","Fortnightly","Senior",0,0,1,0,0,0,0,1,0,0,0,0,1,0,0,0,1,0,0,0,0,0,0,1,0,0,0
2136,0.307692307692308,1,"Sunglasses","Accessories",0.925,"California",1,"Yellow","Winter",0.84,0,"Next Day Air",0,0,0,"Debit Card","Every 3 Months","Adult",1,0,0,0,0,0,0,1,0,0,0,1,0,0,0,0,0,1,0,0,0,0,1,0,0,0,0
2137,0.557692307692308,1,"Sunglasses","Accessories",0.9125,"New York",2,"Red","Summer",0.12,0,"Standard",0,0,0.489795918367347,"Bank Transfer","Fortnightly","Middle Age",1,0,0,0,0,0,1,0,0,0,0,0,1,0,1,0,0,0,0,0,0,0,0,1,0,0,0
2138,0.173076923076923,1,"Socks","Clothing",0.3875,"Indiana",4,"Purple","Winter",0.84,0,"2-Day Shipping",0,0,0.387755102040816,"Credit Card","Every 3 Months","Adult",0,1,0,0,0,0,0,1,1,0,0,0,0,0,0,0,1,0,0,0,0,0,1,0,0,0,0
2139,0.942307692307692,1,"Sweater","Clothing",0.275,"Mississippi",2,"Teal","Fall",0.12,0,"Next Day Air",0,0,0.714285714285714,"Venmo","Quarterly","Senior",0,1,0,0,1,0,0,0,0,0,0,1,0,0,0,0,0,0,0,1,0,0,0,0,0,1,0
2140,0.423076923076923,1,"Boots","Footwear",0.9375,"New York",2,"Red","Winter",0.2,0,"Free Shipping",0,0,0.653061224489796,"Cash","Weekly","Middle Age",0,0,1,0,0,0,0,1,0,0,1,0,0,0,0,1,0,0,0,0,0,0,0,0,0,0,1
2141,0.673076923076923,1,"Handbag","Accessories",0.875,"New Mexico",2,"Brown","Fall",0.48,0,"Standard",0,0,0.714285714285714,"Cash","Fortnightly","Senior",1,0,0,0,1,0,0,0,0,0,0,0,1,0,0,1,0,0,0,0,0,0,0,1,0,0,0
2142,0.115384615384615,1,"Dress","Clothing",0.975,"Kentucky",2,"Peach","Winter",0.64,0,"2-Day Shipping",0,0,0.63265306122449,"PayPal","Annually","Young Adult",0,1,0,0,0,0,0,1,1,0,0,0,0,0,0,0,0,0,1,0,1,0,0,0,0,0,0
2143,0.557692307692308,1,"Hat","Accessories",0.2375,"North Dakota",2,"Maroon","Winter",0.72,0,"Next Day Air",0,0,0.408163265306122,"Venmo","Quarterly","Middle Age",1,0,0,0,0,0,0,1,0,0,0,1,0,0,0,0,0,0,0,1,0,0,0,0,0,1,0
2144,0.673076923076923,1,"Sandals","Footwear",0.575,"Arkansas",3,"Red","Fall",0.52,0,"Next Day Air",0,0,0.959183673469388,"Venmo","Bi-Weekly","Senior",0,0,1,0,1,0,0,0,0,0,0,1,0,0,0,0,0,0,0,1,0,1,0,0,0,0,0
2145,0.557692307692308,1,"Shoes","Footwear",0.0375,"Maryland",3,"Orange","Winter",0.48,0,"Free Shipping",0,0,0.489795918367347,"PayPal","Quarterly","Middle Age",0,0,1,0,0,0,0,1,0,0,1,0,0,0,0,0,0,0,1,0,0,0,0,0,0,1,0
2146,0.384615384615385,1,"Skirt","Clothing",0.6625,"Connecticut",1,"White","Winter",0.92,0,"Standard",0,0,0.63265306122449,"PayPal","Annually","Middle Age",0,1,0,0,0,0,0,1,0,0,0,0,1,0,0,0,0,0,1,0,1,0,0,0,0,0,0
2147,0.576923076923077,1,"Sunglasses","Accessories",0.0375,"Utah",4,"White","Summer",0.84,0,"Standard",0,0,0.897959183673469,"PayPal","Every 3 Months","Middle Age",1,0,0,0,0,0,1,0,0,0,0,0,1,0,0,0,0,0,1,0,0,0,1,0,0,0,0
2148,0.557692307692308,1,"Skirt","Clothing",0.2875,"Missouri",1,"Charcoal","Fall",0.92,0,"Standard",0,0,0.0612244897959184,"Cash","Fortnightly","Middle Age",0,1,0,0,1,0,0,0,0,0,0,0,1,0,0,1,0,0,0,0,0,0,0,1,0,0,0
2149,0.0192307692307692,1,"T-shirt","Clothing",0.3125,"Nebraska",4,"Turquoise","Winter",0.84,0,"2-Day Shipping",0,0,0.36734693877551,"PayPal","Bi-Weekly","Young Adult",0,1,0,0,0,0,0,1,1,0,0,0,0,0,0,0,0,0,1,0,0,1,0,0,0,0,0
2150,0.384615384615385,1,"Sandals","Footwear",0.0125,"Hawaii",3,"Orange","Winter",0.6,0,"Standard",0,0,0,"Bank Transfer","Weekly","Middle Age",0,0,1,0,0,0,0,1,0,0,0,0,1,0,1,0,0,0,0,0,0,0,0,0,0,0,1
2151,0.75,1,"Shirt","Clothing",0.25,"Illinois",2,"Orange","Spring",0.04,0,"2-Day Shipping",0,0,0.224489795918367,"Cash","Weekly","Senior",0,1,0,0,0,1,0,0,1,0,0,0,0,0,0,1,0,0,0,0,0,0,0,0,0,0,1
2152,1,1,"Jeans","Clothing",0.475,"Vermont",3,"Brown","Fall",0.04,0,"2-Day Shipping",0,0,0.346938775510204,"Venmo","Monthly","Senior",0,1,0,0,1,0,0,0,1,0,0,0,0,0,0,0,0,0,0,1,0,0,0,0,1,0,0
2153,0.384615384615385,1,"Shorts","Clothing",0.35,"New Jersey",3,"Magenta","Summer",0.8,0,"Next Day Air",0,0,0.857142857142857,"Bank Transfer","Bi-Weekly","Middle Age",0,1,0,0,0,0,1,0,0,0,0,1,0,0,1,0,0,0,0,0,0,1,0,0,0,0,0
2154,0.326923076923077,1,"Shirt","Clothing",0.925,"Kentucky",2,"Violet","Fall",0.68,0,"Free Shipping",0,0,0.612244897959184,"PayPal","Annually","Adult",0,1,0,0,1,0,0,0,0,0,1,0,0,0,0,0,0,0,1,0,1,0,0,0,0,0,0
2155,0.538461538461538,1,"Scarf","Accessories",0.675,"Wyoming",2,"Violet","Spring",0.36,0,"Store Pickup",0,0,0.653061224489796,"Cash","Every 3 Months","Middle Age",1,0,0,0,0,1,0,0,0,0,0,0,0,1,0,1,0,0,0,0,0,0,1,0,0,0,0
2156,0.269230769230769,1,"Handbag","Accessories",0.3875,"Hawaii",3,"Yellow","Fall",0.48,0,"Store Pickup",0,0,0.918367346938776,"PayPal","Monthly","Adult",1,0,0,0,1,0,0,0,0,0,0,0,0,1,0,0,0,0,1,0,0,0,0,0,1,0,0
2157,0.384615384615385,1,"Skirt","Clothing",0.7875,"Missouri",2,"Maroon","Winter",0.44,0,"Next Day Air",0,0,0.816326530612245,"Debit Card","Bi-Weekly","Middle Age",0,1,0,0,0,0,0,1,0,0,0,1,0,0,0,0,0,1,0,0,0,1,0,0,0,0,0
2158,0.442307692307692,1,"Handbag","Accessories",0.6,"Mississippi",3,"Turquoise","Winter",0.6,0,"Next Day Air",0,0,0.816326530612245,"Venmo","Fortnightly","Middle Age",1,0,0,0,0,0,0,1,0,0,0,1,0,0,0,0,0,0,0,1,0,0,0,1,0,0,0
2159,0.0192307692307692,1,"Gloves","Accessories",0.8,"Massachusetts",4,"Olive","Spring",0.84,0,"Standard",0,0,0.163265306122449,"Bank Transfer","Fortnightly","Young Adult",1,0,0,0,0,1,0,0,0,0,0,0,1,0,1,0,0,0,0,0,0,0,0,1,0,0,0
2160,0,1,"Shirt","Clothing",0.475,"Louisiana",2,"Peach","Fall",0.2,0,"Free Shipping",0,0,0.673469387755102,"Cash","Annually","Young Adult",0,1,0,0,1,0,0,0,0,0,1,0,0,0,0,1,0,0,0,0,1,0,0,0,0,0,0
2161,0.519230769230769,1,"Blouse","Clothing",0.9,"West Virginia",3,"Charcoal","Winter",0.32,0,"Express",0,0,0.408163265306122,"PayPal","Annually","Middle Age",0,1,0,0,0,0,0,1,0,1,0,0,0,0,0,0,0,0,1,0,1,0,0,0,0,0,0
2162,0.0961538461538462,1,"Dress","Clothing",0.6125,"Washington",1,"Peach","Summer",0.52,0,"Express",0,0,0.0816326530612245,"Debit Card","Fortnightly","Young Adult",0,1,0,0,0,0,1,0,0,1,0,0,0,0,0,0,0,1,0,0,0,0,0,1,0,0,0
2163,0.807692307692308,1,"Shorts","Clothing",0.35,"Oregon",1,"Black","Summer",0.0800000000000001,0,"Free Shipping",0,0,0.63265306122449,"PayPal","Weekly","Senior",0,1,0,0,0,0,1,0,0,0,1,0,0,0,0,0,0,0,1,0,0,0,0,0,0,0,1
2164,0.653846153846154,1,"Shoes","Footwear",0.5,"New York",3,"Gray","Spring",0.8,0,"Express",0,0,0.877551020408163,"Bank Transfer","Monthly","Senior",0,0,1,0,0,1,0,0,0,1,0,0,0,0,1,0,0,0,0,0,0,0,0,0,1,0,0
2165,0.461538461538462,1,"Sandals","Footwear",0,"Iowa",1,"Olive","Winter",0.92,0,"Next Day Air",0,0,0.918367346938776,"PayPal","Bi-Weekly","Middle Age",0,0,1,0,0,0,0,1,0,0,0,1,0,0,0,0,0,0,1,0,0,1,0,0,0,0,0
2166,0.211538461538462,1,"Pants","Clothing",0.4375,"Idaho",2,"Turquoise","Summer",0.68,0,"Express",0,0,0.836734693877551,"Credit Card","Every 3 Months","Adult",0,1,0,0,0,0,1,0,0,1,0,0,0,0,0,0,1,0,0,0,0,0,1,0,0,0,0
2167,0.25,1,"Jacket","Outerwear",0.85,"New Jersey",1,"Purple","Spring",0.4,0,"Express",0,0,1,"Credit Card","Bi-Weekly","Adult",0,0,0,1,0,1,0,0,0,1,0,0,0,0,0,0,1,0,0,0,0,1,0,0,0,0,0
2168,0.230769230769231,1,"Skirt","Clothing",0.35,"Ohio",3,"Green","Winter",0.96,0,"Standard",0,0,0.653061224489796,"Venmo","Fortnightly","Adult",0,1,0,0,0,0,0,1,0,0,0,0,1,0,0,0,0,0,0,1,0,0,0,1,0,0,0
2169,0.0961538461538462,1,"Handbag","Accessories",0.675,"Connecticut",2,"Beige","Spring",0.64,0,"Next Day Air",0,0,0.63265306122449,"Cash","Quarterly","Young Adult",1,0,0,0,0,1,0,0,0,0,0,1,0,0,0,1,0,0,0,0,0,0,0,0,0,1,0
2170,0.25,1,"Coat","Outerwear",0.275,"Florida",2,"Brown","Fall",0.16,0,"Next Day Air",0,0,0.63265306122449,"Bank Transfer","Bi-Weekly","Adult",0,0,0,1,1,0,0,0,0,0,0,1,0,0,1,0,0,0,0,0,0,1,0,0,0,0,0
2171,0.423076923076923,1,"Sweater","Clothing",0.15,"South Carolina",2,"Turquoise","Fall",0.6,0,"Next Day Air",0,0,0.73469387755102,"Venmo","Every 3 Months","Middle Age",0,1,0,0,1,0,0,0,0,0,0,1,0,0,0,0,0,0,0,1,0,0,1,0,0,0,0
2172,0.403846153846154,1,"Shorts","Clothing",0.975,"Missouri",2,"Yellow","Summer",0.84,0,"Store Pickup",0,0,0.163265306122449,"Cash","Fortnightly","Middle Age",0,1,0,0,0,0,1,0,0,0,0,0,0,1,0,1,0,0,0,0,0,0,0,1,0,0,0
2173,0.192307692307692,1,"Skirt","Clothing",0.8625,"Rhode Island",1,"Lavender","Fall",0.12,0,"Store Pickup",0,0,0.102040816326531,"PayPal","Fortnightly","Adult",0,1,0,0,1,0,0,0,0,0,0,0,0,1,0,0,0,0,1,0,0,0,0,1,0,0,0
2174,0.0961538461538462,1,"Gloves","Accessories",0.9625,"Delaware",1,"Cyan","Summer",1,0,"2-Day Shipping",0,0,0.714285714285714,"Venmo","Quarterly","Young Adult",1,0,0,0,0,0,1,0,1,0,0,0,0,0,0,0,0,0,0,1,0,0,0,0,0,1,0
2175,0.461538461538462,1,"Backpack","Accessories",0.3625,"Colorado",1,"Olive","Spring",0.16,0,"Store Pickup",0,0,0,"Cash","Annually","Middle Age",1,0,0,0,0,1,0,0,0,0,0,0,0,1,0,1,0,0,0,0,1,0,0,0,0,0,0
2176,0.961538461538462,1,"Dress","Clothing",0.375,"Nebraska",2,"Silver","Spring",0.32,0,"Free Shipping",0,0,0.959183673469388,"Credit Card","Fortnightly","Senior",0,1,0,0,0,1,0,0,0,0,1,0,0,0,0,0,1,0,0,0,0,0,0,1,0,0,0
2177,0.115384615384615,1,"Belt","Accessories",0.8875,"Vermont",1,"Red","Winter",0.36,0,"2-Day Shipping",0,0,0.877551020408163,"Debit Card","Quarterly","Young Adult",1,0,0,0,0,0,0,1,1,0,0,0,0,0,0,0,0,1,0,0,0,0,0,0,0,1,0
2178,0.115384615384615,1,"Gloves","Accessories",0.9125,"Montana",4,"Green","Winter",0.2,0,"Express",0,0,0.163265306122449,"PayPal","Bi-Weekly","Young Adult",1,0,0,0,0,0,0,1,0,1,0,0,0,0,0,0,0,0,1,0,0,1,0,0,0,0,0
2179,0.0576923076923077,1,"Jewelry","Accessories",0.975,"Florida",2,"Gold","Summer",0.88,0,"Standard",0,0,0.63265306122449,"Venmo","Annually","Young Adult",1,0,0,0,0,0,1,0,0,0,0,0,1,0,0,0,0,0,0,1,1,0,0,0,0,0,0
2180,0.596153846153846,1,"Socks","Clothing",0.775,"Delaware",3,"Lavender","Fall",0.16,0,"Next Day Air",0,0,0.26530612244898,"PayPal","Monthly","Middle Age",0,1,0,0,1,0,0,0,0,0,0,1,0,0,0,0,0,0,1,0,0,0,0,0,1,0,0
2181,0.442307692307692,1,"Coat","Outerwear",0.2125,"Connecticut",2,"Yellow","Summer",0.64,0,"Store Pickup",0,0,0.857142857142857,"Cash","Quarterly","Middle Age",0,0,0,1,0,0,1,0,0,0,0,0,0,1,0,1,0,0,0,0,0,0,0,0,0,1,0
2182,0.0769230769230769,1,"Handbag","Accessories",0.5375,"Hawaii",2,"Black","Fall",0.28,0,"Free Shipping",0,0,0.63265306122449,"Bank Transfer","Bi-Weekly","Young Adult",1,0,0,0,1,0,0,0,0,0,1,0,0,0,1,0,0,0,0,0,0,1,0,0,0,0,0
2183,0.461538461538462,1,"Blouse","Clothing",0.9875,"New Mexico",2,"Maroon","Winter",0.0800000000000001,0,"Store Pickup",0,0,0.510204081632653,"Venmo","Bi-Weekly","Middle Age",0,1,0,0,0,0,0,1,0,0,0,0,0,1,0,0,0,0,0,1,0,1,0,0,0,0,0
2184,0.230769230769231,1,"Shorts","Clothing",0.2125,"Kansas",2,"Maroon","Spring",0.88,0,"Store Pickup",0,0,0.0204081632653061,"Cash","Monthly","Adult",0,1,0,0,0,1,0,0,0,0,0,0,0,1,0,1,0,0,0,0,0,0,0,0,1,0,0
2185,0.384615384615385,1,"Shoes","Footwear",0.175,"Nevada",1,"Gold","Spring",0.28,0,"Free Shipping",0,0,0.306122448979592,"PayPal","Every 3 Months","Middle Age",0,0,1,0,0,1,0,0,0,0,1,0,0,0,0,0,0,0,1,0,0,0,1,0,0,0,0
2186,0.423076923076923,1,"Shorts","Clothing",0.15,"North Carolina",2,"Violet","Winter",0,0,"Express",0,0,1,"Debit Card","Every 3 Months","Middle Age",0,1,0,0,0,0,0,1,0,1,0,0,0,0,0,0,0,1,0,0,0,0,1,0,0,0,0
2187,0.711538461538462,1,"Sandals","Footwear",0.0375,"New Mexico",4,"Teal","Winter",0.72,0,"Next Day Air",0,0,0.102040816326531,"PayPal","Every 3 Months","Senior",0,0,1,0,0,0,0,1,0,0,0,1,0,0,0,0,0,0,1,0,0,0,1,0,0,0,0
2188,0.365384615384615,1,"Blouse","Clothing",0.725,"Idaho",2,"Violet","Spring",0.76,0,"Free Shipping",0,0,0.387755102040816,"PayPal","Annually","Middle Age",0,1,0,0,0,1,0,0,0,0,1,0,0,0,0,0,0,0,1,0,1,0,0,0,0,0,0
2189,0.442307692307692,1,"Coat","Outerwear",0.425,"California",2,"Brown","Winter",0.88,0,"Next Day Air",0,0,0.163265306122449,"Credit Card","Weekly","Middle Age",0,0,0,1,0,0,0,1,0,0,0,1,0,0,0,0,1,0,0,0,0,0,0,0,0,0,1
2190,0.384615384615385,1,"Blouse","Clothing",0.925,"Wisconsin",4,"Brown","Fall",0.6,0,"Express",0,0,0.938775510204082,"Credit Card","Bi-Weekly","Middle Age",0,1,0,0,1,0,0,0,0,1,0,0,0,0,0,0,1,0,0,0,0,1,0,0,0,0,0
2191,0.461538461538462,1,"Belt","Accessories",0.6875,"Alaska",1,"Maroon","Spring",0.84,0,"Express",0,0,0.653061224489796,"Credit Card","Annually","Middle Age",1,0,0,0,0,1,0,0,0,1,0,0,0,0,0,0,1,0,0,0,1,0,0,0,0,0,0
2192,0.153846153846154,1,"Blouse","Clothing",0.6125,"Pennsylvania",1,"Maroon","Summer",0.52,0,"Next Day Air",0,0,0.918367346938776,"Cash","Bi-Weekly","Adult",0,1,0,0,0,0,1,0,0,0,0,1,0,0,0,1,0,0,0,0,0,1,0,0,0,0,0
2193,0.442307692307692,1,"Scarf","Accessories",0.1875,"Virginia",3,"Yellow","Winter",0.28,0,"Next Day Air",0,0,0.163265306122449,"Credit Card","Monthly","Middle Age",1,0,0,0,0,0,0,1,0,0,0,1,0,0,0,0,1,0,0,0,0,0,0,0,1,0,0
2194,0.173076923076923,1,"Shirt","Clothing",0.725,"California",3,"Turquoise","Spring",1,0,"Express",0,0,0.142857142857143,"PayPal","Monthly","Adult",0,1,0,0,0,1,0,0,0,1,0,0,0,0,0,0,0,0,1,0,0,0,0,0,1,0,0
2195,0.826923076923077,1,"Socks","Clothing",0.1125,"Kentucky",2,"Silver","Summer",0.4,0,"Standard",0,0,0.959183673469388,"Bank Transfer","Quarterly","Senior",0,1,0,0,0,0,1,0,0,0,0,0,1,0,1,0,0,0,0,0,0,0,0,0,0,1,0
2196,0.769230769230769,1,"Jeans","Clothing",0.525,"New York",2,"Brown","Fall",0.48,0,"Next Day Air",0,0,0.0204081632653061,"Cash","Monthly","Senior",0,1,0,0,1,0,0,0,0,0,0,1,0,0,0,1,0,0,0,0,0,0,0,0,1,0,0
2197,0.134615384615385,1,"Dress","Clothing",0.475,"Vermont",2,"Gray","Spring",0.92,0,"Next Day Air",0,0,0.612244897959184,"PayPal","Weekly","Young Adult",0,1,0,0,0,1,0,0,0,0,0,1,0,0,0,0,0,0,1,0,0,0,0,0,0,0,1
2198,0.288461538461538,1,"Boots","Footwear",0.85,"Pennsylvania",2,"Indigo","Summer",0.48,0,"2-Day Shipping",0,0,0.795918367346939,"Venmo","Monthly","Adult",0,0,1,0,0,0,1,0,1,0,0,0,0,0,0,0,0,0,0,1,0,0,0,0,1,0,0
2199,0.75,1,"Scarf","Accessories",0.75,"New York",3,"Turquoise","Summer",0.4,0,"Free Shipping",0,0,0.693877551020408,"Venmo","Monthly","Senior",1,0,0,0,0,0,1,0,0,0,1,0,0,0,0,0,0,0,0,1,0,0,0,0,1,0,0
2200,0.403846153846154,1,"Scarf","Accessories",0.3375,"North Carolina",2,"Maroon","Summer",0.96,0,"Store Pickup",0,0,0.795918367346939,"Debit Card","Monthly","Middle Age",1,0,0,0,0,0,1,0,0,0,0,0,0,1,0,0,0,1,0,0,0,0,0,0,1,0,0
2201,0.807692307692308,1,"Gloves","Accessories",0.3875,"Wyoming",3,"Charcoal","Summer",0.88,0,"Next Day Air",0,0,0.530612244897959,"Debit Card","Every 3 Months","Senior",1,0,0,0,0,0,1,0,0,0,0,1,0,0,0,0,0,1,0,0,0,0,1,0,0,0,0
2202,0.403846153846154,1,"Pants","Clothing",0.0625,"Ohio",3,"Peach","Spring",0.96,0,"2-Day Shipping",0,0,0.183673469387755,"Venmo","Annually","Middle Age",0,1,0,0,0,1,0,0,1,0,0,0,0,0,0,0,0,0,0,1,1,0,0,0,0,0,0
2203,0.461538461538462,1,"Dress","Clothing",0.2,"Alabama",2,"Red","Summer",0.72,0,"Next Day Air",0,0,0.448979591836735,"Credit Card","Weekly","Middle Age",0,1,0,0,0,0,1,0,0,0,0,1,0,0,0,0,1,0,0,0,0,0,0,0,0,0,1
2204,0.673076923076923,1,"Dress","Clothing",0.7375,"Rhode Island",2,"Indigo","Winter",0.24,0,"Free Shipping",0,0,0.63265306122449,"Cash","Quarterly","Senior",0,1,0,0,0,0,0,1,0,0,1,0,0,0,0,1,0,0,0,0,0,0,0,0,0,1,0
2205,0.0384615384615385,1,"Jeans","Clothing",0.2625,"Oregon",1,"Lavender","Winter",0.36,0,"2-Day Shipping",0,0,0.102040816326531,"Debit Card","Monthly","Young Adult",0,1,0,0,0,0,0,1,1,0,0,0,0,0,0,0,0,1,0,0,0,0,0,0,1,0,0
2206,0.538461538461538,1,"Sweater","Clothing",0.6,"North Dakota",4,"Red","Fall",0.0800000000000001,0,"Express",0,0,0.530612244897959,"PayPal","Weekly","Middle Age",0,1,0,0,1,0,0,0,0,1,0,0,0,0,0,0,0,0,1,0,0,0,0,0,0,0,1
2207,0.538461538461538,1,"Sandals","Footwear",0.3875,"Illinois",3,"Green","Spring",0.04,0,"Store Pickup",0,0,0.489795918367347,"Bank Transfer","Fortnightly","Middle Age",0,0,1,0,0,1,0,0,0,0,0,0,0,1,1,0,0,0,0,0,0,0,0,1,0,0,0
2208,0.980769230769231,1,"Handbag","Accessories",0.225,"New Mexico",2,"Gray","Fall",0.16,0,"Next Day Air",0,0,0.204081632653061,"Credit Card","Annually","Senior",1,0,0,0,1,0,0,0,0,0,0,1,0,0,0,0,1,0,0,0,1,0,0,0,0,0,0
2209,0.192307692307692,1,"Scarf","Accessories",0.325,"Colorado",4,"Violet","Summer",0.0800000000000001,0,"2-Day Shipping",0,0,0.448979591836735,"PayPal","Monthly","Adult",1,0,0,0,0,0,1,0,1,0,0,0,0,0,0,0,0,0,1,0,0,0,0,0,1,0,0
2210,0.461538461538462,1,"Sandals","Footwear",0,"Utah",4,"Beige","Summer",0.8,0,"2-Day Shipping",0,0,0.877551020408163,"Bank Transfer","Quarterly","Middle Age",0,0,1,0,0,0,1,0,1,0,0,0,0,0,1,0,0,0,0,0,0,0,0,0,0,1,0
2211,0.230769230769231,1,"Sunglasses","Accessories",0.0625,"Virginia",2,"Orange","Summer",0.24,0,"Store Pickup",0,0,0.693877551020408,"PayPal","Fortnightly","Adult",1,0,0,0,0,0,1,0,0,0,0,0,0,1,0,0,0,0,1,0,0,0,0,1,0,0,0
2212,0.615384615384615,1,"Sweater","Clothing",0.8625,"Maine",3,"Purple","Winter",0.28,0,"Free Shipping",0,0,0.897959183673469,"Debit Card","Every 3 Months","Middle Age",0,1,0,0,0,0,0,1,0,0,1,0,0,0,0,0,0,1,0,0,0,0,1,0,0,0,0
2213,0.788461538461538,1,"Pants","Clothing",0.7125,"Nebraska",2,"Brown","Winter",0.32,0,"Next Day Air",0,0,0.428571428571429,"Bank Transfer","Quarterly","Senior",0,1,0,0,0,0,0,1,0,0,0,1,0,0,1,0,0,0,0,0,0,0,0,0,0,1,0
2214,0.692307692307692,1,"Hat","Accessories",0.925,"Hawaii",2,"Maroon","Fall",0.16,0,"Express",0,0,0.346938775510204,"Debit Card","Quarterly","Senior",1,0,0,0,1,0,0,0,0,1,0,0,0,0,0,0,0,1,0,0,0,0,0,0,0,1,0
2215,0.615384615384615,1,"Belt","Accessories",1,"Idaho",3,"Gold","Fall",0.64,0,"Standard",0,0,0.387755102040816,"Debit Card","Weekly","Middle Age",1,0,0,0,1,0,0,0,0,0,0,0,1,0,0,0,0,1,0,0,0,0,0,0,0,0,1
2216,0.134615384615385,1,"Sandals","Footwear",0.95,"West Virginia",2,"Indigo","Winter",0.0800000000000001,0,"Express",0,0,0.551020408163265,"Credit Card","Fortnightly","Young Adult",0,0,1,0,0,0,0,1,0,1,0,0,0,0,0,0,1,0,0,0,0,0,0,1,0,0,0
2217,0.442307692307692,1,"Pants","Clothing",0.2,"Vermont",4,"Silver","Winter",0.6,0,"Store Pickup",0,0,0.285714285714286,"Venmo","Bi-Weekly","Middle Age",0,1,0,0,0,0,0,1,0,0,0,0,0,1,0,0,0,0,0,1,0,1,0,0,0,0,0
2218,0.326923076923077,1,"Jewelry","Accessories",0.0875,"Indiana",4,"Red","Fall",0.04,0,"Store Pickup",0,0,0.836734693877551,"Bank Transfer","Fortnightly","Adult",1,0,0,0,1,0,0,0,0,0,0,0,0,1,1,0,0,0,0,0,0,0,0,1,0,0,0
2219,0.942307692307692,1,"Sunglasses","Accessories",0.5875,"Idaho",2,"Magenta","Winter",0.4,0,"Store Pickup",0,0,0.387755102040816,"Debit Card","Quarterly","Senior",1,0,0,0,0,0,0,1,0,0,0,0,0,1,0,0,0,1,0,0,0,0,0,0,0,1,0
2220,0.288461538461538,1,"Blouse","Clothing",0.8875,"Minnesota",1,"Purple","Fall",0.12,0,"Store Pickup",0,0,0.306122448979592,"Bank Transfer","Fortnightly","Adult",0,1,0,0,1,0,0,0,0,0,0,0,0,1,1,0,0,0,0,0,0,0,0,1,0,0,0
2221,0.0192307692307692,1,"Belt","Accessories",0.525,"Wyoming",4,"Beige","Fall",0.8,0,"Store Pickup",0,0,0.938775510204082,"Cash","Annually","Young Adult",1,0,0,0,1,0,0,0,0,0,0,0,0,1,0,1,0,0,0,0,1,0,0,0,0,0,0
2222,0.134615384615385,1,"Shorts","Clothing",0.85,"Kansas",4,"White","Fall",0.2,0,"Free Shipping",0,0,0.673469387755102,"Credit Card","Annually","Young Adult",0,1,0,0,1,0,0,0,0,0,1,0,0,0,0,0,1,0,0,0,1,0,0,0,0,0,0
2223,0.269230769230769,1,"Pants","Clothing",0.575,"Georgia",2,"Teal","Summer",0.76,0,"Store Pickup",0,0,0.591836734693878,"Credit Card","Weekly","Adult",0,1,0,0,0,0,1,0,0,0,0,0,0,1,0,0,1,0,0,0,0,0,0,0,0,0,1
2224,0.230769230769231,1,"Sandals","Footwear",0.5625,"Kansas",2,"Gray","Fall",0.88,0,"Next Day Air",0,0,0.0816326530612245,"PayPal","Quarterly","Adult",0,0,1,0,1,0,0,0,0,0,0,1,0,0,0,0,0,0,1,0,0,0,0,0,0,1,0
2225,0,1,"Gloves","Accessories",0.0625,"Nebraska",3,"Charcoal","Winter",0.72,0,"Standard",0,0,0.755102040816326,"Cash","Quarterly","Young Adult",1,0,0,0,0,0,0,1,0,0,0,0,1,0,0,1,0,0,0,0,0,0,0,0,0,1,0
2226,0.384615384615385,1,"Belt","Accessories",0.55,"Washington",1,"Olive","Spring",0.92,0,"Free Shipping",0,0,0.346938775510204,"Credit Card","Annually","Middle Age",1,0,0,0,0,1,0,0,0,0,1,0,0,0,0,0,1,0,0,0,1,0,0,0,0,0,0
2227,0.0769230769230769,1,"Shirt","Clothing",0.65,"Missouri",3,"Blue","Spring",0.92,0,"Store Pickup",0,0,0.551020408163265,"Cash","Annually","Young Adult",0,1,0,0,0,1,0,0,0,0,0,0,0,1,0,1,0,0,0,0,1,0,0,0,0,0,0
2228,0.423076923076923,1,"Scarf","Accessories",0.675,"Washington",1,"Gray","Summer",0.76,0,"Next Day Air",0,0,0.836734693877551,"Credit Card","Fortnightly","Middle Age",1,0,0,0,0,0,1,0,0,0,0,1,0,0,0,0,1,0,0,0,0,0,0,1,0,0,0
2229,0.692307692307692,1,"Gloves","Accessories",0.375,"Kansas",2,"Green","Fall",0.48,0,"Free Shipping",0,0,0.0816326530612245,"Credit Card","Weekly","Senior",1,0,0,0,1,0,0,0,0,0,1,0,0,0,0,0,1,0,0,0,0,0,0,0,0,0,1
2230,1,1,"Pants","Clothing",0.9625,"Minnesota",2,"Silver","Fall",0.56,0,"Express",0,0,1,"Venmo","Monthly","Senior",0,1,0,0,1,0,0,0,0,1,0,0,0,0,0,0,0,0,0,1,0,0,0,0,1,0,0
2231,0.653846153846154,1,"Sneakers","Footwear",0.2,"Colorado",1,"Teal","Spring",0.52,0,"Express",0,0,0.653061224489796,"Venmo","Fortnightly","Senior",0,0,1,0,0,1,0,0,0,1,0,0,0,0,0,0,0,0,0,1,0,0,0,1,0,0,0
2232,0.307692307692308,1,"Jacket","Outerwear",0.3625,"Utah",2,"Beige","Fall",0.64,0,"Store Pickup",0,0,0,"Credit Card","Weekly","Adult",0,0,0,1,1,0,0,0,0,0,0,0,0,1,0,0,1,0,0,0,0,0,0,0,0,0,1
2233,0.903846153846154,1,"Shoes","Footwear",0.55,"North Carolina",3,"Lavender","Spring",0.6,0,"Store Pickup",0,0,0.26530612244898,"Cash","Fortnightly","Senior",0,0,1,0,0,1,0,0,0,0,0,0,0,1,0,1,0,0,0,0,0,0,0,1,0,0,0
2234,0.384615384615385,1,"Blouse","Clothing",0.1375,"Florida",4,"Gray","Summer",0.8,0,"Express",0,0,0.959183673469388,"Credit Card","Monthly","Middle Age",0,1,0,0,0,0,1,0,0,1,0,0,0,0,0,0,1,0,0,0,0,0,0,0,1,0,0
2235,0.326923076923077,1,"Boots","Footwear",0.575,"New Hampshire",1,"Yellow","Winter",0.6,0,"Express",0,0,0.510204081632653,"Cash","Weekly","Adult",0,0,1,0,0,0,0,1,0,1,0,0,0,0,0,1,0,0,0,0,0,0,0,0,0,0,1
2236,0.423076923076923,1,"Socks","Clothing",0.775,"Illinois",2,"Gray","Spring",0.8,0,"2-Day Shipping",0,0,0.877551020408163,"Credit Card","Annually","Middle Age",0,1,0,0,0,1,0,0,1,0,0,0,0,0,0,0,1,0,0,0,1,0,0,0,0,0,0
2237,0.0961538461538462,1,"T-shirt","Clothing",0.85,"Louisiana",2,"Yellow","Winter",0.0800000000000001,0,"Standard",0,0,0.346938775510204,"Debit Card","Fortnightly","Young Adult",0,1,0,0,0,0,0,1,0,0,0,0,1,0,0,0,0,1,0,0,0,0,0,1,0,0,0
2238,0.519230769230769,1,"Sandals","Footwear",0.175,"Alabama",1,"Black","Summer",0.52,0,"Next Day Air",0,0,0.612244897959184,"Venmo","Every 3 Months","Middle Age",0,0,1,0,0,0,1,0,0,0,0,1,0,0,0,0,0,0,0,1,0,0,1,0,0,0,0
2239,0.423076923076923,1,"Sneakers","Footwear",0.8,"Florida",3,"Beige","Winter",0.52,0,"Standard",0,0,0.346938775510204,"Debit Card","Weekly","Middle Age",0,0,1,0,0,0,0,1,0,0,0,0,1,0,0,0,0,1,0,0,0,0,0,0,0,0,1
2240,0.461538461538462,1,"Jewelry","Accessories",0.95,"Alabama",3,"Indigo","Summer",0.52,0,"2-Day Shipping",0,0,0.816326530612245,"Credit Card","Every 3 Months","Middle Age",1,0,0,0,0,0,1,0,1,0,0,0,0,0,0,0,1,0,0,0,0,0,1,0,0,0,0
2241,0.75,1,"Sandals","Footwear",0.6375,"California",3,"Green","Winter",0.72,0,"Next Day Air",0,0,0.346938775510204,"Debit Card","Every 3 Months","Senior",0,0,1,0,0,0,0,1,0,0,0,1,0,0,0,0,0,1,0,0,0,0,1,0,0,0,0
2242,0,1,"Jacket","Outerwear",0.7125,"Maryland",2,"Purple","Summer",0.4,0,"Free Shipping",0,0,0.0408163265306122,"Bank Transfer","Bi-Weekly","Young Adult",0,0,0,1,0,0,1,0,0,0,1,0,0,0,1,0,0,0,0,0,0,1,0,0,0,0,0
2243,0,1,"Skirt","Clothing",0.575,"Nevada",2,"Orange","Spring",0.52,0,"Next Day Air",0,0,0.0816326530612245,"Credit Card","Bi-Weekly","Young Adult",0,1,0,0,0,1,0,0,0,0,0,1,0,0,0,0,1,0,0,0,0,1,0,0,0,0,0
2244,0.730769230769231,1,"Shirt","Clothing",0.0125,"Massachusetts",2,"Teal","Winter",0.48,0,"2-Day Shipping",0,0,0.244897959183673,"Debit Card","Annually","Senior",0,1,0,0,0,0,0,1,1,0,0,0,0,0,0,0,0,1,0,0,1,0,0,0,0,0,0
2245,0.326923076923077,1,"Shorts","Clothing",0.2125,"South Carolina",2,"Gold","Summer",0.92,0,"2-Day Shipping",0,0,0.428571428571429,"PayPal","Annually","Adult",0,1,0,0,0,0,1,0,1,0,0,0,0,0,0,0,0,0,1,0,1,0,0,0,0,0,0
2246,0.596153846153846,1,"Socks","Clothing",0.875,"Delaware",3,"Gray","Fall",0.96,0,"Free Shipping",0,0,0.897959183673469,"PayPal","Fortnightly","Middle Age",0,1,0,0,1,0,0,0,0,0,1,0,0,0,0,0,0,0,1,0,0,0,0,1,0,0,0
2247,0.596153846153846,1,"Jacket","Outerwear",0.95,"Hawaii",2,"Cyan","Fall",0.72,0,"Store Pickup",0,0,0.775510204081633,"PayPal","Every 3 Months","Middle Age",0,0,0,1,1,0,0,0,0,0,0,0,0,1,0,0,0,0,1,0,0,0,1,0,0,0,0
2248,0.307692307692308,1,"Jewelry","Accessories",0.2125,"Florida",3,"Teal","Summer",0.76,0,"Next Day Air",0,0,0.346938775510204,"Venmo","Annually","Adult",1,0,0,0,0,0,1,0,0,0,0,1,0,0,0,0,0,0,0,1,1,0,0,0,0,0,0
2249,0.865384615384615,1,"T-shirt","Clothing",0.575,"Rhode Island",2,"Violet","Winter",0.36,0,"Free Shipping",0,0,0.36734693877551,"PayPal","Fortnightly","Senior",0,1,0,0,0,0,0,1,0,0,1,0,0,0,0,0,0,0,1,0,0,0,0,1,0,0,0
2250,0.461538461538462,1,"Gloves","Accessories",0.3125,"Wyoming",4,"Indigo","Spring",0.72,0,"Next Day Air",0,0,0.571428571428571,"Debit Card","Weekly","Middle Age",1,0,0,0,0,1,0,0,0,0,0,1,0,0,0,0,0,1,0,0,0,0,0,0,0,0,1
2251,0.442307692307692,1,"Shoes","Footwear",0.8625,"Colorado",3,"Pink","Summer",0.84,0,"Store Pickup",0,0,0.36734693877551,"Credit Card","Weekly","Middle Age",0,0,1,0,0,0,1,0,0,0,0,0,0,1,0,0,1,0,0,0,0,0,0,0,0,0,1
2252,0.153846153846154,1,"Shoes","Footwear",0.925,"Virginia",3,"Gold","Fall",0.52,0,"Free Shipping",0,0,0.428571428571429,"Debit Card","Monthly","Adult",0,0,1,0,1,0,0,0,0,0,1,0,0,0,0,0,0,1,0,0,0,0,0,0,1,0,0
2253,0.576923076923077,1,"Shoes","Footwear",0.95,"Nebraska",1,"Maroon","Summer",0.56,0,"Express",0,0,0.408163265306122,"Bank Transfer","Annually","Middle Age",0,0,1,0,0,0,1,0,0,1,0,0,0,0,1,0,0,0,0,0,1,0,0,0,0,0,0
2254,0.846153846153846,1,"Hoodie","Clothing",0.1375,"Oklahoma",2,"Brown","Spring",0.04,0,"Store Pickup",0,0,0.428571428571429,"PayPal","Monthly","Senior",0,1,0,0,0,1,0,0,0,0,0,0,0,1,0,0,0,0,1,0,0,0,0,0,1,0,0
2255,0.115384615384615,1,"Belt","Accessories",0.7375,"North Dakota",2,"Gold","Winter",0.68,0,"Store Pickup",0,0,0.877551020408163,"PayPal","Every 3 Months","Young Adult",1,0,0,0,0,0,0,1,0,0,0,0,0,1,0,0,0,0,1,0,0,0,1,0,0,0,0
2256,0.576923076923077,1,"Coat","Outerwear",0.2375,"Michigan",3,"Teal","Spring",0.84,0,"Store Pickup",0,0,0.836734693877551,"Bank Transfer","Quarterly","Middle Age",0,0,0,1,0,1,0,0,0,0,0,0,0,1,1,0,0,0,0,0,0,0,0,0,0,1,0
2257,0.25,1,"Blouse","Clothing",0.025,"California",2,"Turquoise","Fall",1,0,"Standard",0,0,0.653061224489796,"Credit Card","Quarterly","Adult",0,1,0,0,1,0,0,0,0,0,0,0,1,0,0,0,1,0,0,0,0,0,0,0,0,1,0
2258,0.442307692307692,1,"Skirt","Clothing",0.15,"Tennessee",3,"Olive","Fall",0.68,0,"Standard",0,0,0.102040816326531,"Bank Transfer","Annually","Middle Age",0,1,0,0,1,0,0,0,0,0,0,0,1,0,1,0,0,0,0,0,1,0,0,0,0,0,0
2259,0.115384615384615,1,"T-shirt","Clothing",0.6375,"Ohio",3,"Cyan","Winter",0.72,0,"Store Pickup",0,0,0.877551020408163,"Credit Card","Every 3 Months","Young Adult",0,1,0,0,0,0,0,1,0,0,0,0,0,1,0,0,1,0,0,0,0,0,1,0,0,0,0
2260,0.807692307692308,1,"Jeans","Clothing",0.95,"Florida",4,"Beige","Spring",0.32,0,"Free Shipping",0,0,0.469387755102041,"Cash","Annually","Senior",0,1,0,0,0,1,0,0,0,0,1,0,0,0,0,1,0,0,0,0,1,0,0,0,0,0,0
2261,0.384615384615385,1,"Scarf","Accessories",0.775,"Missouri",2,"Blue","Fall",0.96,0,"Express",0,0,0.306122448979592,"PayPal","Quarterly","Middle Age",1,0,0,0,1,0,0,0,0,1,0,0,0,0,0,0,0,0,1,0,0,0,0,0,0,1,0
2262,0.769230769230769,1,"Backpack","Accessories",0.7,"South Carolina",3,"Gold","Spring",0.76,0,"Standard",0,0,0.224489795918367,"Bank Transfer","Fortnightly","Senior",1,0,0,0,0,1,0,0,0,0,0,0,1,0,1,0,0,0,0,0,0,0,0,1,0,0,0
2263,0.673076923076923,1,"Backpack","Accessories",0.025,"Arizona",2,"Green","Winter",0.24,0,"2-Day Shipping",0,0,1,"PayPal","Monthly","Senior",1,0,0,0,0,0,0,1,1,0,0,0,0,0,0,0,0,0,1,0,0,0,0,0,1,0,0
2264,0.5,1,"Scarf","Accessories",0.25,"Indiana",4,"Green","Winter",0.4,0,"Store Pickup",0,0,0.836734693877551,"Cash","Quarterly","Middle Age",1,0,0,0,0,0,0,1,0,0,0,0,0,1,0,1,0,0,0,0,0,0,0,0,0,1,0
2265,0.634615384615385,1,"Hat","Accessories",0.9,"North Dakota",2,"Turquoise","Summer",0.56,0,"2-Day Shipping",0,0,1,"PayPal","Monthly","Senior",1,0,0,0,0,0,1,0,1,0,0,0,0,0,0,0,0,0,1,0,0,0,0,0,1,0,0
2266,0.346153846153846,1,"Coat","Outerwear",0.925,"Montana",4,"Yellow","Fall",0.56,0,"Store Pickup",0,0,0.183673469387755,"PayPal","Quarterly","Middle Age",0,0,0,1,1,0,0,0,0,0,0,0,0,1,0,0,0,0,1,0,0,0,0,0,0,1,0
2267,0.0384615384615385,1,"Dress","Clothing",0.3,"Missouri",2,"Yellow","Fall",0.72,0,"Store Pickup",0,0,0.63265306122449,"Debit Card","Weekly","Young Adult",0,1,0,0,1,0,0,0,0,0,0,0,0,1,0,0,0,1,0,0,0,0,0,0,0,0,1
2268,0.269230769230769,1,"Gloves","Accessories",0.3625,"Kentucky",1,"Blue","Spring",0.52,0,"Express",0,0,0.73469387755102,"Venmo","Weekly","Adult",1,0,0,0,0,1,0,0,0,1,0,0,0,0,0,0,0,0,0,1,0,0,0,0,0,0,1
2269,0.923076923076923,1,"Sweater","Clothing",0.075,"Georgia",3,"Charcoal","Spring",0.0800000000000001,0,"2-Day Shipping",0,0,0.285714285714286,"Bank Transfer","Monthly","Senior",0,1,0,0,0,1,0,0,1,0,0,0,0,0,1,0,0,0,0,0,0,0,0,0,1,0,0
2270,0.596153846153846,1,"Skirt","Clothing",0.225,"Kentucky",2,"Yellow","Fall",0.76,0,"Store Pickup",0,0,0.530612244897959,"Credit Card","Annually","Middle Age",0,1,0,0,1,0,0,0,0,0,0,0,0,1,0,0,1,0,0,0,1,0,0,0,0,0,0
2271,0.173076923076923,1,"Blouse","Clothing",0.65,"Georgia",3,"Purple","Spring",0.4,0,"Express",0,0,0.122448979591837,"Venmo","Weekly","Adult",0,1,0,0,0,1,0,0,0,1,0,0,0,0,0,0,0,0,0,1,0,0,0,0,0,0,1
2272,0.211538461538462,1,"Dress","Clothing",0.9875,"Alaska",2,"Green","Summer",0.36,0,"Free Shipping",0,0,0.979591836734694,"PayPal","Quarterly","Adult",0,1,0,0,0,0,1,0,0,0,1,0,0,0,0,0,0,0,1,0,0,0,0,0,0,1,0
2273,0.211538461538462,1,"Jacket","Outerwear",0.225,"Maine",3,"Charcoal","Spring",0.6,0,"Standard",0,0,0.877551020408163,"PayPal","Monthly","Adult",0,0,0,1,0,1,0,0,0,0,0,0,1,0,0,0,0,0,1,0,0,0,0,0,1,0,0
2274,0.711538461538462,1,"Coat","Outerwear",0.95,"New Mexico",3,"Silver","Winter",0.92,0,"Express",0,0,0.244897959183673,"PayPal","Bi-Weekly","Senior",0,0,0,1,0,0,0,1,0,1,0,0,0,0,0,0,0,0,1,0,0,1,0,0,0,0,0
2275,0.75,1,"Dress","Clothing",0.0875,"New York",3,"Turquoise","Spring",0.8,0,"Next Day Air",0,0,0.755102040816326,"PayPal","Fortnightly","Senior",0,1,0,0,0,1,0,0,0,0,0,1,0,0,0,0,0,0,1,0,0,0,0,1,0,0,0
2276,0.211538461538462,1,"Shorts","Clothing",0.05,"Oklahoma",2,"Gray","Winter",0.76,0,"Standard",0,0,0.183673469387755,"Debit Card","Weekly","Adult",0,1,0,0,0,0,0,1,0,0,0,0,1,0,0,0,0,1,0,0,0,0,0,0,0,0,1
2277,0.25,1,"Jeans","Clothing",0.775,"Wyoming",3,"Red","Summer",0.64,0,"2-Day Shipping",0,0,0.489795918367347,"Debit Card","Weekly","Adult",0,1,0,0,0,0,1,0,1,0,0,0,0,0,0,0,0,1,0,0,0,0,0,0,0,0,1
2278,0.134615384615385,1,"Hat","Accessories",0.45,"Alabama",2,"Beige","Summer",0.84,0,"Next Day Air",0,0,0.346938775510204,"Credit Card","Quarterly","Young Adult",1,0,0,0,0,0,1,0,0,0,0,1,0,0,0,0,1,0,0,0,0,0,0,0,0,1,0
2279,0.826923076923077,1,"Gloves","Accessories",0.0625,"Maryland",2,"Maroon","Fall",0.52,0,"Store Pickup",0,0,0.102040816326531,"Cash","Every 3 Months","Senior",1,0,0,0,1,0,0,0,0,0,0,0,0,1,0,1,0,0,0,0,0,0,1,0,0,0,0
2280,0.673076923076923,1,"Sneakers","Footwear",0.5875,"West Virginia",3,"Indigo","Spring",0.16,0,"Free Shipping",0,0,0.693877551020408,"Bank Transfer","Quarterly","Senior",0,0,1,0,0,1,0,0,0,0,1,0,0,0,1,0,0,0,0,0,0,0,0,0,0,1,0
2281,0.0769230769230769,1,"Shoes","Footwear",0.0125,"Kentucky",2,"Red","Summer",0.12,0,"Standard",0,0,0.612244897959184,"Credit Card","Fortnightly","Young Adult",0,0,1,0,0,0,1,0,0,0,0,0,1,0,0,0,1,0,0,0,0,0,0,1,0,0,0
2282,0.192307692307692,1,"Hoodie","Clothing",0.0875,"Kansas",4,"Maroon","Summer",0.2,0,"Store Pickup",0,0,0.816326530612245,"Bank Transfer","Annually","Adult",0,1,0,0,0,0,1,0,0,0,0,0,0,1,1,0,0,0,0,0,1,0,0,0,0,0,0
2283,0,1,"Sneakers","Footwear",0.9625,"Idaho",1,"Red","Fall",0.68,0,"2-Day Shipping",0,0,0.142857142857143,"Credit Card","Annually","Young Adult",0,0,1,0,1,0,0,0,1,0,0,0,0,0,0,0,1,0,0,0,1,0,0,0,0,0,0
2284,0.5,1,"Handbag","Accessories",0.3125,"Ohio",1,"Black","Winter",0.64,0,"Free Shipping",0,0,0.673469387755102,"Credit Card","Fortnightly","Middle Age",1,0,0,0,0,0,0,1,0,0,1,0,0,0,0,0,1,0,0,0,0,0,0,1,0,0,0
2285,0.269230769230769,1,"Blouse","Clothing",0.5375,"Iowa",4,"Black","Fall",0.64,0,"Express",0,0,0.387755102040816,"Venmo","Annually","Adult",0,1,0,0,1,0,0,0,0,1,0,0,0,0,0,0,0,0,0,1,1,0,0,0,0,0,0
2286,0.307692307692308,1,"Belt","Accessories",1,"Michigan",3,"Pink","Summer",0.84,0,"2-Day Shipping",0,0,0.755102040816326,"PayPal","Every 3 Months","Adult",1,0,0,0,0,0,1,0,1,0,0,0,0,0,0,0,0,0,1,0,0,0,1,0,0,0,0
2287,0.942307692307692,1,"Socks","Clothing",0.225,"South Dakota",3,"Blue","Spring",0,0,"Store Pickup",0,0,0.693877551020408,"Venmo","Quarterly","Senior",0,1,0,0,0,1,0,0,0,0,0,0,0,1,0,0,0,0,0,1,0,0,0,0,0,1,0
2288,0.923076923076923,1,"Blouse","Clothing",0.3125,"Nebraska",3,"Green","Summer",0.2,0,"Store Pickup",0,0,0.102040816326531,"Debit Card","Annually","Senior",0,1,0,0,0,0,1,0,0,0,0,0,0,1,0,0,0,1,0,0,1,0,0,0,0,0,0
2289,0.192307692307692,1,"Jewelry","Accessories",0.8875,"California",2,"Orange","Fall",0.52,0,"Next Day Air",0,0,1,"PayPal","Weekly","Adult",1,0,0,0,1,0,0,0,0,0,0,1,0,0,0,0,0,0,1,0,0,0,0,0,0,0,1
2290,1,1,"Shorts","Clothing",0.775,"Nevada",2,"Orange","Fall",0.64,0,"Free Shipping",0,0,0.938775510204082,"Venmo","Weekly","Senior",0,1,0,0,1,0,0,0,0,0,1,0,0,0,0,0,0,0,0,1,0,0,0,0,0,0,1
2291,0.365384615384615,1,"Boots","Footwear",0.35,"Kansas",3,"Magenta","Winter",0.32,0,"Standard",0,0,0.448979591836735,"PayPal","Quarterly","Middle Age",0,0,1,0,0,0,0,1,0,0,0,0,1,0,0,0,0,0,1,0,0,0,0,0,0,1,0
2292,0.192307692307692,1,"Coat","Outerwear",0.125,"Ohio",2,"Indigo","Spring",1,0,"2-Day Shipping",0,0,0.244897959183673,"Credit Card","Quarterly","Adult",0,0,0,1,0,1,0,0,1,0,0,0,0,0,0,0,1,0,0,0,0,0,0,0,0,1,0
2293,0.480769230769231,1,"T-shirt","Clothing",0.175,"Vermont",1,"Beige","Spring",0.52,0,"Next Day Air",0,0,0.612244897959184,"Debit Card","Monthly","Middle Age",0,1,0,0,0,1,0,0,0,0,0,1,0,0,0,0,0,1,0,0,0,0,0,0,1,0,0
2294,0.365384615384615,1,"Sweater","Clothing",0.6,"Georgia",3,"Green","Fall",0.32,0,"Express",0,0,0.306122448979592,"Debit Card","Every 3 Months","Middle Age",0,1,0,0,1,0,0,0,0,1,0,0,0,0,0,0,0,1,0,0,0,0,1,0,0,0,0
2295,0.692307692307692,1,"Sunglasses","Accessories",0.9375,"Maryland",2,"Red","Winter",1,0,"Express",0,0,0.795918367346939,"Debit Card","Annually","Senior",1,0,0,0,0,0,0,1,0,1,0,0,0,0,0,0,0,1,0,0,1,0,0,0,0,0,0
2296,0.615384615384615,1,"Hat","Accessories",0.025,"Connecticut",3,"Beige","Spring",0.16,0,"2-Day Shipping",0,0,0.897959183673469,"PayPal","Quarterly","Middle Age",1,0,0,0,0,1,0,0,1,0,0,0,0,0,0,0,0,0,1,0,0,0,0,0,0,1,0
2297,0.538461538461538,1,"Gloves","Accessories",0.85,"Washington",2,"Green","Fall",0,0,"Next Day Air",0,0,1,"Venmo","Every 3 Months","Middle Age",1,0,0,0,1,0,0,0,0,0,0,1,0,0,0,0,0,0,0,1,0,0,1,0,0,0,0
2298,0.807692307692308,1,"Socks","Clothing",0.7875,"California",2,"Orange","Summer",0.88,0,"Standard",0,0,0,"Bank Transfer","Quarterly","Senior",0,1,0,0,0,0,1,0,0,0,0,0,1,0,1,0,0,0,0,0,0,0,0,0,0,1,0
2299,0.423076923076923,1,"Handbag","Accessories",0.8375,"Montana",3,"Cyan","Spring",0.16,0,"2-Day Shipping",0,0,0.183673469387755,"Cash","Every 3 Months","Middle Age",1,0,0,0,0,1,0,0,1,0,0,0,0,0,0,1,0,0,0,0,0,0,1,0,0,0,0
2300,0.884615384615385,1,"Coat","Outerwear",0.4625,"Idaho",2,"Violet","Summer",0.48,0,"Store Pickup",0,0,0.959183673469388,"Credit Card","Every 3 Months","Senior",0,0,0,1,0,0,1,0,0,0,0,0,0,1,0,0,1,0,0,0,0,0,1,0,0,0,0
2301,0,1,"Coat","Outerwear",0.85,"Pennsylvania",4,"Lavender","Summer",0.76,0,"2-Day Shipping",0,0,0.755102040816326,"Credit Card","Monthly","Young Adult",0,0,0,1,0,0,1,0,1,0,0,0,0,0,0,0,1,0,0,0,0,0,0,0,1,0,0
2302,0.365384615384615,1,"Pants","Clothing",0,"Maine",3,"Turquoise","Winter",0.16,0,"Next Day Air",0,0,0.408163265306122,"Debit Card","Annually","Middle Age",0,1,0,0,0,0,0,1,0,0,0,1,0,0,0,0,0,1,0,0,1,0,0,0,0,0,0
2303,0.346153846153846,1,"Belt","Accessories",0.2375,"Montana",3,"Pink","Summer",0.44,0,"Store Pickup",0,0,0.755102040816326,"Venmo","Monthly","Middle Age",1,0,0,0,0,0,1,0,0,0,0,0,0,1,0,0,0,0,0,1,0,0,0,0,1,0,0
2304,0.634615384615385,1,"Sunglasses","Accessories",0.6375,"New Jersey",1,"Beige","Spring",0.92,0,"2-Day Shipping",0,0,0.612244897959184,"Credit Card","Fortnightly","Senior",1,0,0,0,0,1,0,0,1,0,0,0,0,0,0,0,1,0,0,0,0,0,0,1,0,0,0
2305,0.153846153846154,1,"Hoodie","Clothing",0.6625,"Louisiana",3,"Silver","Winter",0.88,0,"Free Shipping",0,0,0.163265306122449,"Debit Card","Fortnightly","Adult",0,1,0,0,0,0,0,1,0,0,1,0,0,0,0,0,0,1,0,0,0,0,0,1,0,0,0
2306,0.961538461538462,1,"Handbag","Accessories",0.5375,"Maine",2,"Gold","Summer",0.04,0,"Free Shipping",0,0,0.938775510204082,"Cash","Weekly","Senior",1,0,0,0,0,0,1,0,0,0,1,0,0,0,0,1,0,0,0,0,0,0,0,0,0,0,1
2307,0.173076923076923,1,"Gloves","Accessories",0.725,"Florida",3,"Silver","Winter",0.36,0,"Standard",0,0,0.142857142857143,"Cash","Bi-Weekly","Adult",1,0,0,0,0,0,0,1,0,0,0,0,1,0,0,1,0,0,0,0,0,1,0,0,0,0,0
2308,0.192307692307692,1,"Skirt","Clothing",0.95,"Missouri",3,"Green","Fall",0.4,0,"Next Day Air",0,0,0.591836734693878,"Debit Card","Annually","Adult",0,1,0,0,1,0,0,0,0,0,0,1,0,0,0,0,0,1,0,0,1,0,0,0,0,0,0
2309,0.596153846153846,1,"Sunglasses","Accessories",0.7625,"North Dakota",2,"Teal","Winter",0.36,0,"2-Day Shipping",0,0,0.428571428571429,"Bank Transfer","Quarterly","Middle Age",1,0,0,0,0,0,0,1,1,0,0,0,0,0,1,0,0,0,0,0,0,0,0,0,0,1,0
2310,1,1,"Dress","Clothing",0.9375,"Connecticut",1,"Gold","Fall",1,0,"2-Day Shipping",0,0,0.0408163265306122,"Bank Transfer","Quarterly","Senior",0,1,0,0,1,0,0,0,1,0,0,0,0,0,1,0,0,0,0,0,0,0,0,0,0,1,0
2311,0.230769230769231,1,"Gloves","Accessories",0.6,"Virginia",2,"Cyan","Spring",0.84,0,"Standard",0,0,0.285714285714286,"PayPal","Monthly","Adult",1,0,0,0,0,1,0,0,0,0,0,0,1,0,0,0,0,0,1,0,0,0,0,0,1,0,0
2312,0.173076923076923,1,"Sneakers","Footwear",0.1,"Montana",3,"Gold","Spring",0.92,0,"2-Day Shipping",0,0,0.183673469387755,"Bank Transfer","Every 3 Months","Adult",0,0,1,0,0,1,0,0,1,0,0,0,0,0,1,0,0,0,0,0,0,0,1,0,0,0,0
2313,0.0192307692307692,1,"T-shirt","Clothing",0.125,"Vermont",3,"Violet","Summer",0.48,0,"Free Shipping",0,0,0.36734693877551,"Cash","Every 3 Months","Young Adult",0,1,0,0,0,0,1,0,0,0,1,0,0,0,0,1,0,0,0,0,0,0,1,0,0,0,0
2314,0.884615384615385,1,"Dress","Clothing",0.1375,"Georgia",2,"Black","Summer",0.88,0,"Next Day Air",0,0,0.714285714285714,"Bank Transfer","Fortnightly","Senior",0,1,0,0,0,0,1,0,0,0,0,1,0,0,1,0,0,0,0,0,0,0,0,1,0,0,0
2315,0.461538461538462,1,"Handbag","Accessories",0.9375,"Virginia",4,"Brown","Winter",0.76,0,"Express",0,0,0.224489795918367,"Bank Transfer","Every 3 Months","Middle Age",1,0,0,0,0,0,0,1,0,1,0,0,0,0,1,0,0,0,0,0,0,0,1,0,0,0,0
2316,0.980769230769231,1,"Socks","Clothing",0.7375,"Vermont",2,"Indigo","Winter",0.4,0,"2-Day Shipping",0,0,0.979591836734694,"Debit Card","Quarterly","Senior",0,1,0,0,0,0,0,1,1,0,0,0,0,0,0,0,0,1,0,0,0,0,0,0,0,1,0
2317,0.192307692307692,1,"Sneakers","Footwear",0.2375,"Montana",3,"Yellow","Winter",0.52,0,"Standard",0,0,0.122448979591837,"Debit Card","Annually","Adult",0,0,1,0,0,0,0,1,0,0,0,0,1,0,0,0,0,1,0,0,1,0,0,0,0,0,0
2318,0.557692307692308,1,"Jacket","Outerwear",0.175,"New Jersey",2,"Purple","Summer",0.88,0,"Next Day Air",0,0,0.551020408163265,"Bank Transfer","Monthly","Middle Age",0,0,0,1,0,0,1,0,0,0,0,1,0,0,1,0,0,0,0,0,0,0,0,0,1,0,0
2319,0.980769230769231,1,"Hoodie","Clothing",0.1,"Wyoming",3,"White","Spring",0.24,0,"Store Pickup",0,0,0.591836734693878,"Credit Card","Annually","Senior",0,1,0,0,0,1,0,0,0,0,0,0,0,1,0,0,1,0,0,0,1,0,0,0,0,0,0
2320,0.730769230769231,1,"Sandals","Footwear",0.225,"Maine",4,"Turquoise","Winter",1,0,"Free Shipping",0,0,0.571428571428571,"PayPal","Monthly","Senior",0,0,1,0,0,0,0,1,0,0,1,0,0,0,0,0,0,0,1,0,0,0,0,0,1,0,0
2321,0.192307692307692,1,"Shoes","Footwear",0.4375,"New Mexico",2,"Olive","Spring",0.48,0,"Free Shipping",0,0,0.163265306122449,"Debit Card","Every 3 Months","Adult",0,0,1,0,0,1,0,0,0,0,1,0,0,0,0,0,0,1,0,0,0,0,1,0,0,0,0
2322,0.615384615384615,1,"Sandals","Footwear",0.1375,"Colorado",2,"Beige","Winter",0.2,0,"Next Day Air",0,0,0.530612244897959,"Debit Card","Fortnightly","Middle Age",0,0,1,0,0,0,0,1,0,0,0,1,0,0,0,0,0,1,0,0,0,0,0,1,0,0,0
2323,0.403846153846154,1,"Coat","Outerwear",0.8,"Connecticut",1,"Lavender","Spring",0.8,0,"Store Pickup",0,0,0.408163265306122,"Venmo","Fortnightly","Middle Age",0,0,0,1,0,1,0,0,0,0,0,0,0,1,0,0,0,0,0,1,0,0,0,1,0,0,0
2324,0.326923076923077,1,"Gloves","Accessories",0.9125,"Maryland",3,"White","Winter",0.88,0,"Express",0,0,0.714285714285714,"Credit Card","Monthly","Adult",1,0,0,0,0,0,0,1,0,1,0,0,0,0,0,0,1,0,0,0,0,0,0,0,1,0,0
2325,0.788461538461538,1,"Coat","Outerwear",0.1,"Oregon",3,"Brown","Winter",0.4,0,"Free Shipping",0,0,0.36734693877551,"Debit Card","Annually","Senior",0,0,0,1,0,0,0,1,0,0,1,0,0,0,0,0,0,1,0,0,1,0,0,0,0,0,0
2326,0.5,1,"Boots","Footwear",0.4375,"New York",2,"Charcoal","Summer",0.76,0,"2-Day Shipping",0,0,0.938775510204082,"Cash","Weekly","Middle Age",0,0,1,0,0,0,1,0,1,0,0,0,0,0,0,1,0,0,0,0,0,0,0,0,0,0,1
2327,0.923076923076923,1,"Skirt","Clothing",0.5375,"Oklahoma",3,"Maroon","Winter",0.04,0,"Standard",0,0,0.755102040816326,"Bank Transfer","Annually","Senior",0,1,0,0,0,0,0,1,0,0,0,0,1,0,1,0,0,0,0,0,1,0,0,0,0,0,0
2328,0.0384615384615385,1,"Skirt","Clothing",0.925,"Alabama",2,"Red","Winter",0.68,0,"2-Day Shipping",0,0,0.428571428571429,"Venmo","Bi-Weekly","Young Adult",0,1,0,0,0,0,0,1,1,0,0,0,0,0,0,0,0,0,0,1,0,1,0,0,0,0,0
2329,0.519230769230769,1,"Pants","Clothing",0.2,"North Dakota",2,"Maroon","Fall",0.04,0,"Express",0,0,0.571428571428571,"Venmo","Bi-Weekly","Middle Age",0,1,0,0,1,0,0,0,0,1,0,0,0,0,0,0,0,0,0,1,0,1,0,0,0,0,0
2330,0.596153846153846,1,"Hat","Accessories",0.9625,"Nebraska",1,"Teal","Spring",0.92,0,"Free Shipping",0,0,0.836734693877551,"Bank Transfer","Annually","Middle Age",1,0,0,0,0,1,0,0,0,0,1,0,0,0,1,0,0,0,0,0,1,0,0,0,0,0,0
2331,0.807692307692308,1,"Backpack","Accessories",0.5375,"Arizona",3,"Orange","Summer",0.16,0,"Store Pickup",0,0,0.938775510204082,"PayPal","Every 3 Months","Senior",1,0,0,0,0,0,1,0,0,0,0,0,0,1,0,0,0,0,1,0,0,0,1,0,0,0,0
2332,0.826923076923077,1,"Scarf","Accessories",0.7125,"Illinois",1,"Olive","Spring",0.72,0,"2-Day Shipping",0,0,0.183673469387755,"Credit Card","Bi-Weekly","Senior",1,0,0,0,0,1,0,0,1,0,0,0,0,0,0,0,1,0,0,0,0,1,0,0,0,0,0
2333,0.346153846153846,1,"Scarf","Accessories",0.4125,"South Carolina",4,"Olive","Fall",0.04,0,"Store Pickup",0,0,0.183673469387755,"Venmo","Monthly","Middle Age",1,0,0,0,1,0,0,0,0,0,0,0,0,1,0,0,0,0,0,1,0,0,0,0,1,0,0
2334,0.288461538461538,1,"Shirt","Clothing",0.7125,"Kansas",2,"Beige","Spring",0.52,0,"Next Day Air",0,0,0,"PayPal","Every 3 Months","Adult",0,1,0,0,0,1,0,0,0,0,0,1,0,0,0,0,0,0,1,0,0,0,1,0,0,0,0
2335,0.596153846153846,1,"Boots","Footwear",0.7375,"Kansas",3,"Green","Summer",0.68,0,"Standard",0,0,0.122448979591837,"Credit Card","Monthly","Middle Age",0,0,1,0,0,0,1,0,0,0,0,0,1,0,0,0,1,0,0,0,0,0,0,0,1,0,0
2336,0.25,1,"Coat","Outerwear",0.2125,"Idaho",2,"Black","Summer",0.56,0,"Store Pickup",0,0,0.183673469387755,"Venmo","Fortnightly","Adult",0,0,0,1,0,0,1,0,0,0,0,0,0,1,0,0,0,0,0,1,0,0,0,1,0,0,0
2337,0.0192307692307692,1,"Belt","Accessories",0.925,"California",2,"Green","Winter",0.24,0,"Free Shipping",0,0,0.204081632653061,"Credit Card","Weekly","Young Adult",1,0,0,0,0,0,0,1,0,0,1,0,0,0,0,0,1,0,0,0,0,0,0,0,0,0,1
2338,0.403846153846154,1,"Boots","Footwear",0.7,"North Dakota",1,"Violet","Fall",0.44,0,"Store Pickup",0,0,0.0816326530612245,"Cash","Annually","Middle Age",0,0,1,0,1,0,0,0,0,0,0,0,0,1,0,1,0,0,0,0,1,0,0,0,0,0,0
2339,0.923076923076923,1,"Sneakers","Footwear",0.6,"Georgia",1,"Silver","Fall",0.6,0,"Express",0,0,0.408163265306122,"PayPal","Quarterly","Senior",0,0,1,0,1,0,0,0,0,1,0,0,0,0,0,0,0,0,1,0,0,0,0,0,0,1,0
2340,0.134615384615385,1,"Shirt","Clothing",0.5625,"Illinois",3,"Maroon","Spring",0.36,0,"Next Day Air",0,0,0.469387755102041,"Bank Transfer","Quarterly","Young Adult",0,1,0,0,0,1,0,0,0,0,0,1,0,0,1,0,0,0,0,0,0,0,0,0,0,1,0
2341,0.865384615384615,1,"Blouse","Clothing",0.05,"Delaware",2,"Cyan","Summer",0.04,0,"Standard",0,0,0.73469387755102,"Credit Card","Fortnightly","Senior",0,1,0,0,0,0,1,0,0,0,0,0,1,0,0,0,1,0,0,0,0,0,0,1,0,0,0
2342,0.730769230769231,1,"Jacket","Outerwear",0.1375,"Connecticut",3,"Teal","Summer",0.8,0,"Express",0,0,0.428571428571429,"Venmo","Every 3 Months","Senior",0,0,0,1,0,0,1,0,0,1,0,0,0,0,0,0,0,0,0,1,0,0,1,0,0,0,0
2343,0.0384615384615385,1,"Skirt","Clothing",0.8625,"Tennessee",2,"Olive","Fall",0.96,0,"Standard",0,0,0.306122448979592,"Debit Card","Fortnightly","Young Adult",0,1,0,0,1,0,0,0,0,0,0,0,1,0,0,0,0,1,0,0,0,0,0,1,0,0,0
2344,0.769230769230769,1,"Socks","Clothing",0.3625,"Maryland",2,"Red","Summer",0.76,0,"2-Day Shipping",0,0,0.877551020408163,"PayPal","Monthly","Senior",0,1,0,0,0,0,1,0,1,0,0,0,0,0,0,0,0,0,1,0,0,0,0,0,1,0,0
2345,0.307692307692308,1,"Sandals","Footwear",0.9,"Rhode Island",4,"Lavender","Fall",0.4,0,"Express",0,0,0.26530612244898,"Venmo","Bi-Weekly","Adult",0,0,1,0,1,0,0,0,0,1,0,0,0,0,0,0,0,0,0,1,0,1,0,0,0,0,0
2346,0.192307692307692,1,"T-shirt","Clothing",0.15,"New York",1,"Orange","Winter",0.32,0,"Express",0,0,0.448979591836735,"Bank Transfer","Every 3 Months","Adult",0,1,0,0,0,0,0,1,0,1,0,0,0,0,1,0,0,0,0,0,0,0,1,0,0,0,0
2347,0.0769230769230769,1,"Jacket","Outerwear",0.5875,"New Mexico",3,"Brown","Winter",0.24,0,"Standard",0,0,0.918367346938776,"Debit Card","Fortnightly","Young Adult",0,0,0,1,0,0,0,1,0,0,0,0,1,0,0,0,0,1,0,0,0,0,0,1,0,0,0
2348,0.365384615384615,1,"Belt","Accessories",0.55,"California",1,"Gray","Fall",0.68,0,"Express",0,0,0.918367346938776,"Cash","Every 3 Months","Middle Age",1,0,0,0,1,0,0,0,0,1,0,0,0,0,0,1,0,0,0,0,0,0,1,0,0,0,0
2349,0.692307692307692,1,"Shoes","Footwear",0.8,"Maine",2,"Orange","Spring",0.96,0,"Next Day Air",0,0,0.306122448979592,"PayPal","Every 3 Months","Senior",0,0,1,0,0,1,0,0,0,0,0,1,0,0,0,0,0,0,1,0,0,0,1,0,0,0,0
2350,0.903846153846154,1,"Blouse","Clothing",0.175,"New York",2,"Orange","Fall",0.56,0,"Standard",0,0,0.795918367346939,"Credit Card","Every 3 Months","Senior",0,1,0,0,1,0,0,0,0,0,0,0,1,0,0,0,1,0,0,0,0,0,1,0,0,0,0
2351,0.75,1,"Shoes","Footwear",0.075,"Hawaii",2,"Turquoise","Winter",0.68,0,"Free Shipping",0,0,0.408163265306122,"Cash","Annually","Senior",0,0,1,0,0,0,0,1,0,0,1,0,0,0,0,1,0,0,0,0,1,0,0,0,0,0,0
2352,0.384615384615385,1,"Sweater","Clothing",0.375,"New Hampshire",1,"Cyan","Fall",0.96,0,"Store Pickup",0,0,0.489795918367347,"PayPal","Bi-Weekly","Middle Age",0,1,0,0,1,0,0,0,0,0,0,0,0,1,0,0,0,0,1,0,0,1,0,0,0,0,0
2353,1,1,"Boots","Footwear",0.325,"Nebraska",2,"Yellow","Fall",0.12,0,"Store Pickup",0,0,0.489795918367347,"Bank Transfer","Quarterly","Senior",0,0,1,0,1,0,0,0,0,0,0,0,0,1,1,0,0,0,0,0,0,0,0,0,0,1,0
2354,0.730769230769231,1,"Handbag","Accessories",0.6375,"Montana",2,"White","Fall",0.64,0,"Standard",0,0,0.489795918367347,"Debit Card","Every 3 Months","Senior",1,0,0,0,1,0,0,0,0,0,0,0,1,0,0,0,0,1,0,0,0,0,1,0,0,0,0
2355,0.730769230769231,1,"Blouse","Clothing",0.725,"Wisconsin",2,"Blue","Summer",0.92,0,"Next Day Air",0,0,0.530612244897959,"Venmo","Monthly","Senior",0,1,0,0,0,0,1,0,0,0,0,1,0,0,0,0,0,0,0,1,0,0,0,0,1,0,0
2356,0.0769230769230769,1,"Skirt","Clothing",0.1875,"Tennessee",1,"Purple","Winter",0.64,0,"Next Day Air",0,0,0.224489795918367,"Cash","Monthly","Young Adult",0,1,0,0,0,0,0,1,0,0,0,1,0,0,0,1,0,0,0,0,0,0,0,0,1,0,0
2357,0.75,1,"Backpack","Accessories",0.475,"Montana",2,"Gray","Summer",0.2,0,"Free Shipping",0,0,0.530612244897959,"Debit Card","Quarterly","Senior",1,0,0,0,0,0,1,0,0,0,1,0,0,0,0,0,0,1,0,0,0,0,0,0,0,1,0
2358,0.673076923076923,1,"Shirt","Clothing",0.5875,"Michigan",3,"Cyan","Fall",0.68,0,"2-Day Shipping",0,0,0.795918367346939,"Credit Card","Bi-Weekly","Senior",0,1,0,0,1,0,0,0,1,0,0,0,0,0,0,0,1,0,0,0,0,1,0,0,0,0,0
2359,0.673076923076923,1,"Sweater","Clothing",0.9125,"Texas",3,"Pink","Spring",0.52,0,"Standard",0,0,0.755102040816326,"Credit Card","Quarterly","Senior",0,1,0,0,0,1,0,0,0,0,0,0,1,0,0,0,1,0,0,0,0,0,0,0,0,1,0
2360,0.0192307692307692,1,"Scarf","Accessories",0.7625,"Pennsylvania",1,"Gold","Spring",0.32,0,"2-Day Shipping",0,0,0.877551020408163,"Bank Transfer","Every 3 Months","Young Adult",1,0,0,0,0,1,0,0,1,0,0,0,0,0,1,0,0,0,0,0,0,0,1,0,0,0,0
2361,0.596153846153846,1,"Handbag","Accessories",0.75,"New York",3,"Silver","Fall",0.88,0,"2-Day Shipping",0,0,0.530612244897959,"Venmo","Every 3 Months","Middle Age",1,0,0,0,1,0,0,0,1,0,0,0,0,0,0,0,0,0,0,1,0,0,1,0,0,0,0
2362,0.5,1,"Scarf","Accessories",0.55,"Alabama",2,"Gray","Spring",0.72,0,"2-Day Shipping",0,0,0.591836734693878,"Credit Card","Every 3 Months","Middle Age",1,0,0,0,0,1,0,0,1,0,0,0,0,0,0,0,1,0,0,0,0,0,1,0,0,0,0
2363,0.173076923076923,1,"Jeans","Clothing",0.2625,"Virginia",2,"Brown","Fall",0.0800000000000001,0,"Standard",0,0,0.469387755102041,"Credit Card","Monthly","Adult",0,1,0,0,1,0,0,0,0,0,0,0,1,0,0,0,1,0,0,0,0,0,0,0,1,0,0
2364,0.807692307692308,1,"Socks","Clothing",0.7375,"Pennsylvania",4,"Pink","Winter",0.68,0,"Express",0,0,0.755102040816326,"Cash","Bi-Weekly","Senior",0,1,0,0,0,0,0,1,0,1,0,0,0,0,0,1,0,0,0,0,0,1,0,0,0,0,0
2365,0.846153846153846,1,"Sunglasses","Accessories",0.5,"Mississippi",3,"Maroon","Winter",0.68,0,"Free Shipping",0,0,0.0612244897959184,"PayPal","Quarterly","Senior",1,0,0,0,0,0,0,1,0,0,1,0,0,0,0,0,0,0,1,0,0,0,0,0,0,1,0
2366,0.653846153846154,1,"Sneakers","Footwear",0.8875,"Wyoming",1,"Peach","Winter",0,0,"Next Day Air",0,0,0.63265306122449,"Venmo","Monthly","Senior",0,0,1,0,0,0,0,1,0,0,0,1,0,0,0,0,0,0,0,1,0,0,0,0,1,0,0
2367,0.230769230769231,1,"Shoes","Footwear",0.575,"New Mexico",3,"Brown","Winter",0.44,0,"Express",0,0,0.63265306122449,"Credit Card","Fortnightly","Adult",0,0,1,0,0,0,0,1,0,1,0,0,0,0,0,0,1,0,0,0,0,0,0,1,0,0,0
2368,0.923076923076923,1,"Socks","Clothing",0.8125,"North Dakota",3,"Green","Winter",0.36,0,"Standard",0,0,0.551020408163265,"Bank Transfer","Bi-Weekly","Senior",0,1,0,0,0,0,0,1,0,0,0,0,1,0,1,0,0,0,0,0,0,1,0,0,0,0,0
2369,0.211538461538462,1,"Sunglasses","Accessories",0.225,"New Jersey",2,"Lavender","Summer",0.32,0,"Standard",0,0,0.102040816326531,"Debit Card","Every 3 Months","Adult",1,0,0,0,0,0,1,0,0,0,0,0,1,0,0,0,0,1,0,0,0,0,1,0,0,0,0
2370,0.115384615384615,1,"Sweater","Clothing",0.0375,"Vermont",2,"Cyan","Winter",0.84,0,"Standard",0,0,0.469387755102041,"PayPal","Monthly","Young Adult",0,1,0,0,0,0,0,1,0,0,0,0,1,0,0,0,0,0,1,0,0,0,0,0,1,0,0
2371,0.634615384615385,1,"Shoes","Footwear",0.6375,"Alaska",2,"Black","Spring",0.56,0,"Store Pickup",0,0,0.755102040816326,"Venmo","Weekly","Senior",0,0,1,0,0,1,0,0,0,0,0,0,0,1,0,0,0,0,0,1,0,0,0,0,0,0,1
2372,0.942307692307692,1,"Socks","Clothing",0.0625,"Indiana",2,"Charcoal","Winter",0.48,0,"Next Day Air",0,0,0.551020408163265,"Debit Card","Annually","Senior",0,1,0,0,0,0,0,1,0,0,0,1,0,0,0,0,0,1,0,0,1,0,0,0,0,0,0
2373,0.615384615384615,1,"Boots","Footwear",0.2375,"Alabama",4,"Silver","Spring",0.24,0,"Express",0,0,0.163265306122449,"PayPal","Fortnightly","Middle Age",0,0,1,0,0,1,0,0,0,1,0,0,0,0,0,0,0,0,1,0,0,0,0,1,0,0,0
2374,0.365384615384615,1,"Hoodie","Clothing",0,"Michigan",2,"Gray","Spring",0.96,0,"Express",0,0,0.408163265306122,"Debit Card","Every 3 Months","Middle Age",0,1,0,0,0,1,0,0,0,1,0,0,0,0,0,0,0,1,0,0,0,0,1,0,0,0,0
2375,0.980769230769231,1,"Gloves","Accessories",0.6625,"Washington",3,"Peach","Winter",0.88,0,"Standard",0,0,0.612244897959184,"Debit Card","Monthly","Senior",1,0,0,0,0,0,0,1,0,0,0,0,1,0,0,0,0,1,0,0,0,0,0,0,1,0,0
2376,0.807692307692308,1,"Backpack","Accessories",0.5375,"Virginia",3,"Peach","Fall",0.16,0,"Next Day Air",0,0,0.346938775510204,"Credit Card","Quarterly","Senior",1,0,0,0,1,0,0,0,0,0,0,1,0,0,0,0,1,0,0,0,0,0,0,0,0,1,0
2377,0.0576923076923077,1,"Gloves","Accessories",0.925,"Tennessee",4,"Cyan","Spring",0.64,0,"Express",0,0,0.0816326530612245,"Cash","Weekly","Young Adult",1,0,0,0,0,1,0,0,0,1,0,0,0,0,0,1,0,0,0,0,0,0,0,0,0,0,1
2378,0.5,1,"Blouse","Clothing",0.925,"South Dakota",3,"Magenta","Fall",0.6,0,"Next Day Air",0,0,0.428571428571429,"Cash","Annually","Middle Age",0,1,0,0,1,0,0,0,0,0,0,1,0,0,0,1,0,0,0,0,1,0,0,0,0,0,0
2379,0.153846153846154,1,"Scarf","Accessories",0.6375,"New Hampshire",3,"Teal","Summer",0.0800000000000001,0,"Store Pickup",0,0,0.73469387755102,"PayPal","Bi-Weekly","Adult",1,0,0,0,0,0,1,0,0,0,0,0,0,1,0,0,0,0,1,0,0,1,0,0,0,0,0
2380,0.423076923076923,1,"Hat","Accessories",0.7125,"South Dakota",2,"Peach","Spring",0.6,0,"2-Day Shipping",0,0,0.428571428571429,"Debit Card","Monthly","Middle Age",1,0,0,0,0,1,0,0,1,0,0,0,0,0,0,0,0,1,0,0,0,0,0,0,1,0,0
2381,0.442307692307692,1,"Scarf","Accessories",0.575,"Pennsylvania",2,"Black","Fall",0,0,"Next Day Air",0,0,0.714285714285714,"PayPal","Fortnightly","Middle Age",1,0,0,0,1,0,0,0,0,0,0,1,0,0,0,0,0,0,1,0,0,0,0,1,0,0,0
2382,0.846153846153846,1,"Sandals","Footwear",0.0375,"Wisconsin",2,"Teal","Summer",0.8,0,"Free Shipping",0,0,0.448979591836735,"PayPal","Annually","Senior",0,0,1,0,0,0,1,0,0,0,1,0,0,0,0,0,0,0,1,0,1,0,0,0,0,0,0
2383,0.403846153846154,1,"Sweater","Clothing",0.5,"California",2,"Turquoise","Spring",0.56,0,"Express",0,0,0.877551020408163,"Debit Card","Weekly","Middle Age",0,1,0,0,0,1,0,0,0,1,0,0,0,0,0,0,0,1,0,0,0,0,0,0,0,0,1
2384,0.673076923076923,1,"Backpack","Accessories",0.65,"Rhode Island",3,"Gold","Spring",0.96,0,"2-Day Shipping",0,0,0.489795918367347,"Bank Transfer","Annually","Senior",1,0,0,0,0,1,0,0,1,0,0,0,0,0,1,0,0,0,0,0,1,0,0,0,0,0,0
2385,0.115384615384615,1,"Blouse","Clothing",0.1875,"Alabama",3,"Green","Winter",0.32,0,"2-Day Shipping",0,0,0.795918367346939,"PayPal","Quarterly","Young Adult",0,1,0,0,0,0,0,1,1,0,0,0,0,0,0,0,0,0,1,0,0,0,0,0,0,1,0
2386,0.442307692307692,1,"Scarf","Accessories",0.1375,"Oklahoma",2,"Brown","Fall",0.52,0,"Express",0,0,0.224489795918367,"PayPal","Weekly","Middle Age",1,0,0,0,1,0,0,0,0,1,0,0,0,0,0,0,0,0,1,0,0,0,0,0,0,0,1
2387,0.0192307692307692,1,"Socks","Clothing",0.1625,"Illinois",3,"Blue","Summer",0.16,0,"Standard",0,0,0.26530612244898,"Venmo","Monthly","Young Adult",0,1,0,0,0,0,1,0,0,0,0,0,1,0,0,0,0,0,0,1,0,0,0,0,1,0,0
2388,0.346153846153846,1,"Hat","Accessories",0.9375,"Tennessee",2,"Gold","Summer",0.6,0,"2-Day Shipping",0,0,0.26530612244898,"Debit Card","Monthly","Middle Age",1,0,0,0,0,0,1,0,1,0,0,0,0,0,0,0,0,1,0,0,0,0,0,0,1,0,0
2389,0.0576923076923077,1,"Dress","Clothing",0.6,"Alabama",2,"Peach","Fall",0.64,0,"Store Pickup",0,0,0.183673469387755,"Debit Card","Annually","Young Adult",0,1,0,0,1,0,0,0,0,0,0,0,0,1,0,0,0,1,0,0,1,0,0,0,0,0,0
2390,0.134615384615385,1,"Coat","Outerwear",0.8375,"Kansas",2,"Violet","Spring",0.24,0,"Store Pickup",0,0,0.326530612244898,"Bank Transfer","Every 3 Months","Young Adult",0,0,0,1,0,1,0,0,0,0,0,0,0,1,1,0,0,0,0,0,0,0,1,0,0,0,0
2391,0.903846153846154,1,"Shirt","Clothing",0.55,"Arizona",4,"Yellow","Winter",0.84,0,"Express",0,0,0.469387755102041,"Debit Card","Fortnightly","Senior",0,1,0,0,0,0,0,1,0,1,0,0,0,0,0,0,0,1,0,0,0,0,0,1,0,0,0
2392,0.461538461538462,1,"Shirt","Clothing",0.675,"Michigan",2,"Black","Winter",0.84,0,"Next Day Air",0,0,0.612244897959184,"Bank Transfer","Quarterly","Middle Age",0,1,0,0,0,0,0,1,0,0,0,1,0,0,1,0,0,0,0,0,0,0,0,0,0,1,0
2393,0.423076923076923,1,"Jeans","Clothing",0.525,"Missouri",3,"Silver","Spring",0.04,0,"2-Day Shipping",0,0,0.714285714285714,"Cash","Annually","Middle Age",0,1,0,0,0,1,0,0,1,0,0,0,0,0,0,1,0,0,0,0,1,0,0,0,0,0,0
2394,0.769230769230769,1,"Socks","Clothing",0.9625,"Louisiana",2,"Brown","Winter",1,0,"2-Day Shipping",0,0,0.755102040816326,"PayPal","Every 3 Months","Senior",0,1,0,0,0,0,0,1,1,0,0,0,0,0,0,0,0,0,1,0,0,0,1,0,0,0,0
2395,0.423076923076923,1,"Sandals","Footwear",0.3375,"Connecticut",3,"Peach","Fall",0.16,0,"2-Day Shipping",0,0,0.448979591836735,"Debit Card","Fortnightly","Middle Age",0,0,1,0,1,0,0,0,1,0,0,0,0,0,0,0,0,1,0,0,0,0,0,1,0,0,0
2396,0.846153846153846,1,"Blouse","Clothing",0.7875,"Connecticut",2,"Cyan","Winter",0.4,0,"2-Day Shipping",0,0,0.938775510204082,"PayPal","Bi-Weekly","Senior",0,1,0,0,0,0,0,1,1,0,0,0,0,0,0,0,0,0,1,0,0,1,0,0,0,0,0
2397,0.384615384615385,1,"Shirt","Clothing",0.775,"Oregon",2,"Olive","Spring",0.48,0,"2-Day Shipping",0,0,0.387755102040816,"Venmo","Weekly","Middle Age",0,1,0,0,0,1,0,0,1,0,0,0,0,0,0,0,0,0,0,1,0,0,0,0,0,0,1
2398,0.365384615384615,1,"Sunglasses","Accessories",0.075,"West Virginia",3,"Black","Fall",0.16,0,"Store Pickup",0,0,0.816326530612245,"Venmo","Monthly","Middle Age",1,0,0,0,1,0,0,0,0,0,0,0,0,1,0,0,0,0,0,1,0,0,0,0,1,0,0
2399,0.903846153846154,1,"Jacket","Outerwear",0.7625,"Florida",2,"Orange","Winter",0.72,0,"Free Shipping",0,0,0.877551020408163,"Bank Transfer","Fortnightly","Senior",0,0,0,1,0,0,0,1,0,0,1,0,0,0,1,0,0,0,0,0,0,0,0,1,0,0,0
2400,0.711538461538462,1,"Dress","Clothing",0.3,"New Hampshire",3,"Beige","Spring",0.28,0,"Store Pickup",0,0,0.612244897959184,"Cash","Monthly","Senior",0,1,0,0,0,1,0,0,0,0,0,0,0,1,0,1,0,0,0,0,0,0,0,0,1,0,0
2401,0.480769230769231,1,"Sunglasses","Accessories",0.85,"Oregon",2,"Peach","Winter",0.68,0,"Next Day Air",0,0,0.204081632653061,"Credit Card","Bi-Weekly","Middle Age",1,0,0,0,0,0,0,1,0,0,0,1,0,0,0,0,1,0,0,0,0,1,0,0,0,0,0
2402,0.480769230769231,1,"Boots","Footwear",0.7,"Oregon",2,"Pink","Winter",0.68,0,"Standard",0,0,0.489795918367347,"PayPal","Bi-Weekly","Middle Age",0,0,1,0,0,0,0,1,0,0,0,0,1,0,0,0,0,0,1,0,0,1,0,0,0,0,0
2403,0.519230769230769,1,"Scarf","Accessories",0.8625,"Utah",2,"Brown","Winter",0.52,0,"Free Shipping",0,0,0.612244897959184,"Cash","Weekly","Middle Age",1,0,0,0,0,0,0,1,0,0,1,0,0,0,0,1,0,0,0,0,0,0,0,0,0,0,1
2404,0.884615384615385,1,"Shorts","Clothing",0.025,"Missouri",2,"Magenta","Fall",0.76,0,"Standard",0,0,0.795918367346939,"Debit Card","Weekly","Senior",0,1,0,0,1,0,0,0,0,0,0,0,1,0,0,0,0,1,0,0,0,0,0,0,0,0,1
2405,0.192307692307692,1,"Shorts","Clothing",0.1625,"West Virginia",3,"Cyan","Winter",0.24,0,"2-Day Shipping",0,0,0.448979591836735,"Credit Card","Bi-Weekly","Adult",0,1,0,0,0,0,0,1,1,0,0,0,0,0,0,0,1,0,0,0,0,1,0,0,0,0,0
2406,0.980769230769231,1,"Jeans","Clothing",0.9625,"California",4,"Silver","Fall",1,0,"Standard",0,0,0.0816326530612245,"Debit Card","Quarterly","Senior",0,1,0,0,1,0,0,0,0,0,0,0,1,0,0,0,0,1,0,0,0,0,0,0,0,1,0
2407,0.692307692307692,1,"Scarf","Accessories",0.4625,"California",2,"Indigo","Winter",0.88,0,"Standard",0,0,0.510204081632653,"PayPal","Weekly","Senior",1,0,0,0,0,0,0,1,0,0,0,0,1,0,0,0,0,0,1,0,0,0,0,0,0,0,1
2408,0.653846153846154,1,"Shorts","Clothing",0.225,"Illinois",2,"Beige","Summer",0.2,0,"Express",0,0,0.204081632653061,"Credit Card","Bi-Weekly","Senior",0,1,0,0,0,0,1,0,0,1,0,0,0,0,0,0,1,0,0,0,0,1,0,0,0,0,0
2409,0.0961538461538462,1,"Sneakers","Footwear",0.4375,"Hawaii",4,"Black","Fall",0.68,0,"Next Day Air",0,0,0.877551020408163,"Debit Card","Every 3 Months","Young Adult",0,0,1,0,1,0,0,0,0,0,0,1,0,0,0,0,0,1,0,0,0,0,1,0,0,0,0
2410,0.153846153846154,1,"Jewelry","Accessories",0.2125,"Washington",3,"Yellow","Spring",0.2,0,"Store Pickup",0,0,0.938775510204082,"Cash","Every 3 Months","Adult",1,0,0,0,0,1,0,0,0,0,0,0,0,1,0,1,0,0,0,0,0,0,1,0,0,0,0
2411,0.576923076923077,1,"Shoes","Footwear",0.2875,"Wisconsin",2,"Maroon","Summer",0.48,0,"Free Shipping",0,0,0.918367346938776,"PayPal","Monthly","Middle Age",0,0,1,0,0,0,1,0,0,0,1,0,0,0,0,0,0,0,1,0,0,0,0,0,1,0,0
2412,0.596153846153846,1,"Hoodie","Clothing",0.95,"Virginia",2,"Cyan","Summer",0.0800000000000001,0,"Free Shipping",0,0,0.693877551020408,"Cash","Every 3 Months","Middle Age",0,1,0,0,0,0,1,0,0,0,1,0,0,0,0,1,0,0,0,0,0,0,1,0,0,0,0
2413,0.673076923076923,1,"Jacket","Outerwear",0.3875,"Oregon",2,"Pink","Winter",0.72,0,"2-Day Shipping",0,0,0.142857142857143,"Bank Transfer","Bi-Weekly","Senior",0,0,0,1,0,0,0,1,1,0,0,0,0,0,1,0,0,0,0,0,0,1,0,0,0,0,0
2414,0.980769230769231,1,"Shorts","Clothing",0.9375,"Pennsylvania",4,"Violet","Fall",0.0800000000000001,0,"2-Day Shipping",0,0,0.591836734693878,"Bank Transfer","Weekly","Senior",0,1,0,0,1,0,0,0,1,0,0,0,0,0,1,0,0,0,0,0,0,0,0,0,0,0,1
2415,0.153846153846154,1,"Socks","Clothing",0.075,"Virginia",2,"Lavender","Summer",0.48,0,"Next Day Air",0,0,0.26530612244898,"Credit Card","Bi-Weekly","Adult",0,1,0,0,0,0,1,0,0,0,0,1,0,0,0,0,1,0,0,0,0,1,0,0,0,0,0
2416,0.0576923076923077,1,"Coat","Outerwear",0.175,"Hawaii",4,"Lavender","Fall",0.72,0,"Standard",0,0,0.591836734693878,"Bank Transfer","Weekly","Young Adult",0,0,0,1,1,0,0,0,0,0,0,0,1,0,1,0,0,0,0,0,0,0,0,0,0,0,1
2417,0.788461538461538,1,"Sandals","Footwear",0.7875,"Nebraska",1,"Black","Summer",0.6,0,"Next Day Air",0,0,0.510204081632653,"Credit Card","Every 3 Months","Senior",0,0,1,0,0,0,1,0,0,0,0,1,0,0,0,0,1,0,0,0,0,0,1,0,0,0,0
2418,0.0576923076923077,1,"Backpack","Accessories",0.05,"Alaska",2,"Olive","Fall",0.32,0,"Standard",0,0,0.63265306122449,"Venmo","Fortnightly","Young Adult",1,0,0,0,1,0,0,0,0,0,0,0,1,0,0,0,0,0,0,1,0,0,0,1,0,0,0
2419,0.0769230769230769,1,"Pants","Clothing",0.6125,"Michigan",1,"Indigo","Fall",0.6,0,"Next Day Air",0,0,0.938775510204082,"Cash","Every 3 Months","Young Adult",0,1,0,0,1,0,0,0,0,0,0,1,0,0,0,1,0,0,0,0,0,0,1,0,0,0,0
2420,0.153846153846154,1,"Sweater","Clothing",0.25,"North Carolina",2,"Blue","Fall",0.0800000000000001,0,"Next Day Air",0,0,0.204081632653061,"Credit Card","Every 3 Months","Adult",0,1,0,0,1,0,0,0,0,0,0,1,0,0,0,0,1,0,0,0,0,0,1,0,0,0,0
2421,0.442307692307692,1,"Jacket","Outerwear",0.8375,"North Carolina",1,"Green","Winter",0.68,0,"Free Shipping",0,0,0.551020408163265,"PayPal","Annually","Middle Age",0,0,0,1,0,0,0,1,0,0,1,0,0,0,0,0,0,0,1,0,1,0,0,0,0,0,0
2422,0.365384615384615,1,"Sneakers","Footwear",0.325,"Minnesota",3,"Pink","Spring",0.84,0,"Standard",0,0,0.0204081632653061,"Debit Card","Every 3 Months","Middle Age",0,0,1,0,0,1,0,0,0,0,0,0,1,0,0,0,0,1,0,0,0,0,1,0,0,0,0
2423,0.230769230769231,1,"Jewelry","Accessories",0.775,"Georgia",2,"Peach","Winter",0.92,0,"Store Pickup",0,0,0.897959183673469,"Credit Card","Weekly","Adult",1,0,0,0,0,0,0,1,0,0,0,0,0,1,0,0,1,0,0,0,0,0,0,0,0,0,1
2424,0.596153846153846,1,"Backpack","Accessories",0.7625,"West Virginia",2,"Purple","Summer",0.12,0,"Free Shipping",0,0,0.122448979591837,"Credit Card","Every 3 Months","Middle Age",1,0,0,0,0,0,1,0,0,0,1,0,0,0,0,0,1,0,0,0,0,0,1,0,0,0,0
2425,0.596153846153846,1,"Jewelry","Accessories",0.4625,"Delaware",2,"Peach","Winter",0.8,0,"Next Day Air",0,0,0.551020408163265,"Bank Transfer","Bi-Weekly","Middle Age",1,0,0,0,0,0,0,1,0,0,0,1,0,0,1,0,0,0,0,0,0,1,0,0,0,0,0
2426,0.769230769230769,1,"Shoes","Footwear",0.3625,"North Dakota",1,"Olive","Summer",0.2,0,"2-Day Shipping",0,0,0.673469387755102,"Bank Transfer","Quarterly","Senior",0,0,1,0,0,0,1,0,1,0,0,0,0,0,1,0,0,0,0,0,0,0,0,0,0,1,0
2427,1,1,"Jacket","Outerwear",0.275,"Florida",2,"Olive","Fall",0.84,0,"Free Shipping",0,0,0.510204081632653,"Debit Card","Every 3 Months","Senior",0,0,0,1,1,0,0,0,0,0,1,0,0,0,0,0,0,1,0,0,0,0,1,0,0,0,0
2428,0.173076923076923,1,"Jacket","Outerwear",0.075,"Oregon",2,"Purple","Spring",0.32,0,"Standard",0,0,0.897959183673469,"Cash","Quarterly","Adult",0,0,0,1,0,1,0,0,0,0,0,0,1,0,0,1,0,0,0,0,0,0,0,0,0,1,0
2429,0.903846153846154,1,"T-shirt","Clothing",0.225,"Idaho",2,"Violet","Spring",0.76,0,"Next Day Air",0,0,0.673469387755102,"Debit Card","Annually","Senior",0,1,0,0,0,1,0,0,0,0,0,1,0,0,0,0,0,1,0,0,1,0,0,0,0,0,0
2430,0.75,1,"Sneakers","Footwear",0.4625,"Virginia",4,"Maroon","Summer",0.76,0,"Standard",0,0,0.938775510204082,"Credit Card","Fortnightly","Senior",0,0,1,0,0,0,1,0,0,0,0,0,1,0,0,0,1,0,0,0,0,0,0,1,0,0,0
2431,0.0384615384615385,1,"Jacket","Outerwear",1,"North Dakota",4,"White","Summer",0.72,0,"Express",0,0,0.836734693877551,"Cash","Quarterly","Young Adult",0,0,0,1,0,0,1,0,0,1,0,0,0,0,0,1,0,0,0,0,0,0,0,0,0,1,0
2432,0.307692307692308,1,"Hoodie","Clothing",0.6625,"Alabama",1,"Olive","Fall",0.36,0,"Express",0,0,0.530612244897959,"Bank Transfer","Every 3 Months","Adult",0,1,0,0,1,0,0,0,0,1,0,0,0,0,1,0,0,0,0,0,0,0,1,0,0,0,0
2433,0.788461538461538,1,"Jacket","Outerwear",0.575,"Hawaii",2,"Peach","Winter",0.12,0,"Store Pickup",0,0,0.857142857142857,"Venmo","Monthly","Senior",0,0,0,1,0,0,0,1,0,0,0,0,0,1,0,0,0,0,0,1,0,0,0,0,1,0,0
2434,0.692307692307692,1,"T-shirt","Clothing",0.6625,"Oregon",2,"Blue","Spring",0.36,0,"Standard",0,0,0.306122448979592,"Cash","Bi-Weekly","Senior",0,1,0,0,0,1,0,0,0,0,0,0,1,0,0,1,0,0,0,0,0,1,0,0,0,0,0
2435,0.346153846153846,1,"Gloves","Accessories",0.3125,"Utah",2,"Brown","Spring",1,0,"Store Pickup",0,0,0.795918367346939,"Credit Card","Monthly","Middle Age",1,0,0,0,0,1,0,0,0,0,0,0,0,1,0,0,1,0,0,0,0,0,0,0,1,0,0
2436,0.0576923076923077,1,"Sneakers","Footwear",0.0875,"Hawaii",1,"Black","Fall",0.8,0,"Free Shipping",0,0,0.571428571428571,"Cash","Bi-Weekly","Young Adult",0,0,1,0,1,0,0,0,0,0,1,0,0,0,0,1,0,0,0,0,0,1,0,0,0,0,0
2437,0.653846153846154,1,"T-shirt","Clothing",0.05,"Connecticut",2,"Yellow","Fall",0.0800000000000001,0,"Store Pickup",0,0,0.755102040816326,"Credit Card","Quarterly","Senior",0,1,0,0,1,0,0,0,0,0,0,0,0,1,0,0,1,0,0,0,0,0,0,0,0,1,0
2438,0.480769230769231,1,"Sneakers","Footwear",0.4875,"Wyoming",4,"Magenta","Winter",0.36,0,"Store Pickup",0,0,0.673469387755102,"Credit Card","Weekly","Middle Age",0,0,1,0,0,0,0,1,0,0,0,0,0,1,0,0,1,0,0,0,0,0,0,0,0,0,1
2439,0.269230769230769,1,"Jeans","Clothing",0,"Delaware",1,"Cyan","Winter",0.36,0,"Express",0,0,0.591836734693878,"Venmo","Weekly","Adult",0,1,0,0,0,0,0,1,0,1,0,0,0,0,0,0,0,0,0,1,0,0,0,0,0,0,1
2440,0.711538461538462,1,"Handbag","Accessories",0.3,"Arkansas",2,"Maroon","Summer",0.12,0,"Standard",0,0,0.897959183673469,"Bank Transfer","Annually","Senior",1,0,0,0,0,0,1,0,0,0,0,0,1,0,1,0,0,0,0,0,1,0,0,0,0,0,0
2441,0.25,1,"Socks","Clothing",0.875,"Indiana",2,"Red","Spring",0.88,0,"Standard",0,0,0.938775510204082,"Bank Transfer","Annually","Adult",0,1,0,0,0,1,0,0,0,0,0,0,1,0,1,0,0,0,0,0,1,0,0,0,0,0,0
2442,0.519230769230769,1,"Jewelry","Accessories",0.2,"California",2,"Black","Fall",0.88,0,"Free Shipping",0,0,0.0816326530612245,"Credit Card","Monthly","Middle Age",1,0,0,0,1,0,0,0,0,0,1,0,0,0,0,0,1,0,0,0,0,0,0,0,1,0,0
2443,0.673076923076923,1,"Blouse","Clothing",0.9375,"Wyoming",3,"Violet","Winter",0.88,0,"Free Shipping",0,0,1,"Debit Card","Bi-Weekly","Senior",0,1,0,0,0,0,0,1,0,0,1,0,0,0,0,0,0,1,0,0,0,1,0,0,0,0,0
2444,0.115384615384615,1,"Backpack","Accessories",0.125,"South Dakota",2,"Green","Spring",0.36,0,"2-Day Shipping",0,0,0.469387755102041,"Bank Transfer","Bi-Weekly","Young Adult",1,0,0,0,0,1,0,0,1,0,0,0,0,0,1,0,0,0,0,0,0,1,0,0,0,0,0
2445,0.557692307692308,1,"Scarf","Accessories",0.5625,"West Virginia",1,"Gold","Fall",0.48,0,"Express",0,0,0.285714285714286,"Debit Card","Bi-Weekly","Middle Age",1,0,0,0,1,0,0,0,0,1,0,0,0,0,0,0,0,1,0,0,0,1,0,0,0,0,0
2446,0.865384615384615,1,"Scarf","Accessories",0.95,"Tennessee",2,"Brown","Summer",0.64,0,"Store Pickup",0,0,1,"Cash","Weekly","Senior",1,0,0,0,0,0,1,0,0,0,0,0,0,1,0,1,0,0,0,0,0,0,0,0,0,0,1
2447,0.384615384615385,1,"Shirt","Clothing",0.5625,"Alaska",3,"Peach","Spring",0.16,0,"2-Day Shipping",0,0,0.122448979591837,"Credit Card","Monthly","Middle Age",0,1,0,0,0,1,0,0,1,0,0,0,0,0,0,0,1,0,0,0,0,0,0,0,1,0,0
2448,0.788461538461538,1,"Pants","Clothing",0.3375,"South Dakota",3,"Peach","Fall",0.28,0,"Store Pickup",0,0,0.183673469387755,"Venmo","Fortnightly","Senior",0,1,0,0,1,0,0,0,0,0,0,0,0,1,0,0,0,0,0,1,0,0,0,1,0,0,0
2449,0.692307692307692,1,"Hat","Accessories",0.0625,"Tennessee",1,"Violet","Fall",0.2,0,"Free Shipping",0,0,0.755102040816326,"PayPal","Bi-Weekly","Senior",1,0,0,0,1,0,0,0,0,0,1,0,0,0,0,0,0,0,1,0,0,1,0,0,0,0,0
2450,0.153846153846154,1,"Coat","Outerwear",0.45,"Alabama",1,"Violet","Fall",0.64,0,"Express",0,0,0.612244897959184,"Venmo","Fortnightly","Adult",0,0,0,1,1,0,0,0,0,1,0,0,0,0,0,0,0,0,0,1,0,0,0,1,0,0,0
2451,0.961538461538462,1,"T-shirt","Clothing",0.7,"North Carolina",2,"Magenta","Fall",0.8,0,"Standard",0,0,0.122448979591837,"Venmo","Quarterly","Senior",0,1,0,0,1,0,0,0,0,0,0,0,1,0,0,0,0,0,0,1,0,0,0,0,0,1,0
2452,0.442307692307692,1,"Socks","Clothing",0.5,"Oklahoma",2,"Purple","Fall",0.36,0,"Store Pickup",0,0,0.530612244897959,"Venmo","Monthly","Middle Age",0,1,0,0,1,0,0,0,0,0,0,0,0,1,0,0,0,0,0,1,0,0,0,0,1,0,0
2453,0.961538461538462,1,"Shirt","Clothing",0.5875,"New York",3,"Purple","Winter",0.64,0,"Express",0,0,0.897959183673469,"Bank Transfer","Every 3 Months","Senior",0,1,0,0,0,0,0,1,0,1,0,0,0,0,1,0,0,0,0,0,0,0,1,0,0,0,0
2454,0.0576923076923077,1,"Sweater","Clothing",0.9375,"Iowa",4,"Cyan","Spring",0.84,0,"Store Pickup",0,0,0.244897959183673,"Cash","Annually","Young Adult",0,1,0,0,0,1,0,0,0,0,0,0,0,1,0,1,0,0,0,0,1,0,0,0,0,0,0
2455,0.269230769230769,1,"Gloves","Accessories",0.65,"Alaska",2,"Magenta","Winter",0.84,0,"Express",0,0,0.653061224489796,"Venmo","Annually","Adult",1,0,0,0,0,0,0,1,0,1,0,0,0,0,0,0,0,0,0,1,1,0,0,0,0,0,0
2456,0.0384615384615385,1,"Belt","Accessories",0.975,"Alaska",3,"Lavender","Spring",0.36,0,"Express",0,0,0.489795918367347,"Cash","Every 3 Months","Young Adult",1,0,0,0,0,1,0,0,0,1,0,0,0,0,0,1,0,0,0,0,0,0,1,0,0,0,0
2457,0.788461538461538,1,"Jeans","Clothing",0.7875,"Nebraska",2,"Green","Winter",0.32,0,"2-Day Shipping",0,0,0.0816326530612245,"PayPal","Monthly","Senior",0,1,0,0,0,0,0,1,1,0,0,0,0,0,0,0,0,0,1,0,0,0,0,0,1,0,0
2458,0.673076923076923,1,"Handbag","Accessories",0.2125,"Delaware",2,"Maroon","Fall",0.44,0,"2-Day Shipping",0,0,0.448979591836735,"Cash","Quarterly","Senior",1,0,0,0,1,0,0,0,1,0,0,0,0,0,0,1,0,0,0,0,0,0,0,0,0,1,0
2459,0.923076923076923,1,"T-shirt","Clothing",0.8125,"Texas",3,"Turquoise","Fall",0.84,0,"Free Shipping",0,0,0.326530612244898,"Bank Transfer","Weekly","Senior",0,1,0,0,1,0,0,0,0,0,1,0,0,0,1,0,0,0,0,0,0,0,0,0,0,0,1
2460,0.557692307692308,1,"Socks","Clothing",0.2,"Missouri",3,"Violet","Fall",0.72,0,"2-Day Shipping",0,0,0.26530612244898,"Cash","Weekly","Middle Age",0,1,0,0,1,0,0,0,1,0,0,0,0,0,0,1,0,0,0,0,0,0,0,0,0,0,1
2461,0.769230769230769,1,"Jeans","Clothing",0.2,"Maine",1,"Lavender","Winter",0.6,0,"Store Pickup",0,0,0.551020408163265,"Credit Card","Annually","Senior",0,1,0,0,0,0,0,1,0,0,0,0,0,1,0,0,1,0,0,0,1,0,0,0,0,0,0
2462,0.192307692307692,1,"Scarf","Accessories",0.825,"Pennsylvania",3,"Red","Summer",0.92,0,"Next Day Air",0,0,0.36734693877551,"Credit Card","Weekly","Adult",1,0,0,0,0,0,1,0,0,0,0,1,0,0,0,0,1,0,0,0,0,0,0,0,0,0,1
2463,0.961538461538462,1,"Pants","Clothing",0.9875,"Missouri",4,"Orange","Spring",0.72,0,"Standard",0,0,0.612244897959184,"Bank Transfer","Bi-Weekly","Senior",0,1,0,0,0,1,0,0,0,0,0,0,1,0,1,0,0,0,0,0,0,1,0,0,0,0,0
2464,0.807692307692308,1,"Blouse","Clothing",0.0125,"Mississippi",4,"Indigo","Summer",0.32,0,"Standard",0,0,0.489795918367347,"Cash","Bi-Weekly","Senior",0,1,0,0,0,0,1,0,0,0,0,0,1,0,0,1,0,0,0,0,0,1,0,0,0,0,0
2465,0.557692307692308,1,"Jacket","Outerwear",0.8,"Hawaii",3,"Teal","Winter",0.12,0,"Express",0,0,0.0612244897959184,"Cash","Bi-Weekly","Middle Age",0,0,0,1,0,0,0,1,0,1,0,0,0,0,0,1,0,0,0,0,0,1,0,0,0,0,0
2466,0,1,"Sandals","Footwear",0.5375,"Texas",2,"Brown","Spring",0.76,0,"Free Shipping",0,0,0.387755102040816,"Bank Transfer","Weekly","Young Adult",0,0,1,0,0,1,0,0,0,0,1,0,0,0,1,0,0,0,0,0,0,0,0,0,0,0,1
2467,0.269230769230769,1,"Shorts","Clothing",0.8,"South Dakota",1,"Pink","Summer",0.48,0,"Express",0,0,0.73469387755102,"Cash","Annually","Adult",0,1,0,0,0,0,1,0,0,1,0,0,0,0,0,1,0,0,0,0,1,0,0,0,0,0,0
2468,0.173076923076923,1,"Shorts","Clothing",0.65,"New Jersey",2,"Lavender","Spring",0.44,0,"Express",0,0,0.551020408163265,"Credit Card","Annually","Adult",0,1,0,0,0,1,0,0,0,1,0,0,0,0,0,0,1,0,0,0,1,0,0,0,0,0,0
2469,0.903846153846154,1,"Skirt","Clothing",0.0125,"Connecticut",3,"Cyan","Winter",0.48,0,"2-Day Shipping",0,0,0.102040816326531,"Venmo","Weekly","Senior",0,1,0,0,0,0,0,1,1,0,0,0,0,0,0,0,0,0,0,1,0,0,0,0,0,0,1
2470,0.961538461538462,1,"Sandals","Footwear",0.9,"Maryland",2,"Yellow","Fall",1,0,"Standard",0,0,0.530612244897959,"PayPal","Annually","Senior",0,0,1,0,1,0,0,0,0,0,0,0,1,0,0,0,0,0,1,0,1,0,0,0,0,0,0
2471,0.711538461538462,1,"Blouse","Clothing",0.65,"Arizona",4,"Pink","Fall",0.0800000000000001,0,"Next Day Air",0,0,0.571428571428571,"Credit Card","Fortnightly","Senior",0,1,0,0,1,0,0,0,0,0,0,1,0,0,0,0,1,0,0,0,0,0,0,1,0,0,0
2472,0.230769230769231,1,"Sandals","Footwear",0.7875,"Oklahoma",2,"Gray","Spring",0.72,0,"Store Pickup",0,0,0,"Cash","Annually","Adult",0,0,1,0,0,1,0,0,0,0,0,0,0,1,0,1,0,0,0,0,1,0,0,0,0,0,0
2473,0.115384615384615,1,"Shirt","Clothing",0.6625,"Utah",2,"Peach","Summer",0.64,0,"Standard",0,0,0.612244897959184,"Credit Card","Annually","Young Adult",0,1,0,0,0,0,1,0,0,0,0,0,1,0,0,0,1,0,0,0,1,0,0,0,0,0,0
2474,0.75,1,"Socks","Clothing",0.975,"Arkansas",2,"Red","Winter",0.04,0,"Next Day Air",0,0,0.551020408163265,"Cash","Quarterly","Senior",0,1,0,0,0,0,0,1,0,0,0,1,0,0,0,1,0,0,0,0,0,0,0,0,0,1,0
2475,0.0961538461538462,1,"T-shirt","Clothing",0.7,"North Carolina",2,"Olive","Fall",0.28,0,"Store Pickup",0,0,0.36734693877551,"Bank Transfer","Quarterly","Young Adult",0,1,0,0,1,0,0,0,0,0,0,0,0,1,1,0,0,0,0,0,0,0,0,0,0,1,0
2476,0.980769230769231,1,"Dress","Clothing",0.2875,"California",1,"Lavender","Summer",0.4,0,"Next Day Air",0,0,0.714285714285714,"Venmo","Monthly","Senior",0,1,0,0,0,0,1,0,0,0,0,1,0,0,0,0,0,0,0,1,0,0,0,0,1,0,0
2477,0.807692307692308,1,"Hat","Accessories",0.5,"Colorado",2,"Turquoise","Summer",0.48,0,"Next Day Air",0,0,0.551020408163265,"Cash","Monthly","Senior",1,0,0,0,0,0,1,0,0,0,0,1,0,0,0,1,0,0,0,0,0,0,0,0,1,0,0
2478,0.134615384615385,1,"Gloves","Accessories",0.25,"California",3,"Turquoise","Spring",0.52,0,"2-Day Shipping",0,0,0.571428571428571,"PayPal","Weekly","Young Adult",1,0,0,0,0,1,0,0,1,0,0,0,0,0,0,0,0,0,1,0,0,0,0,0,0,0,1
2479,0,1,"Socks","Clothing",0.9125,"Vermont",1,"Maroon","Winter",0.92,0,"2-Day Shipping",0,0,0.163265306122449,"Bank Transfer","Every 3 Months","Young Adult",0,1,0,0,0,0,0,1,1,0,0,0,0,0,1,0,0,0,0,0,0,0,1,0,0,0,0
2480,0.365384615384615,1,"Dress","Clothing",0.975,"Kansas",1,"Olive","Fall",0.68,0,"Standard",0,0,0.510204081632653,"Credit Card","Every 3 Months","Middle Age",0,1,0,0,1,0,0,0,0,0,0,0,1,0,0,0,1,0,0,0,0,0,1,0,0,0,0
2481,0.826923076923077,1,"Socks","Clothing",0.8875,"Ohio",4,"Maroon","Summer",0.16,0,"Next Day Air",0,0,0.122448979591837,"Credit Card","Fortnightly","Senior",0,1,0,0,0,0,1,0,0,0,0,1,0,0,0,0,1,0,0,0,0,0,0,1,0,0,0
2482,0.442307692307692,1,"Belt","Accessories",0.9,"New Jersey",4,"Cyan","Fall",0.16,0,"Free Shipping",0,0,0.693877551020408,"Debit Card","Weekly","Middle Age",1,0,0,0,1,0,0,0,0,0,1,0,0,0,0,0,0,1,0,0,0,0,0,0,0,0,1
2483,0.980769230769231,1,"Handbag","Accessories",0.8375,"Arizona",1,"Peach","Winter",0.92,0,"Next Day Air",0,0,0.918367346938776,"Credit Card","Every 3 Months","Senior",1,0,0,0,0,0,0,1,0,0,0,1,0,0,0,0,1,0,0,0,0,0,1,0,0,0,0
2484,0.269230769230769,1,"Skirt","Clothing",0.95,"Arizona",1,"Teal","Fall",0.16,0,"Standard",0,0,0.142857142857143,"Debit Card","Monthly","Adult",0,1,0,0,1,0,0,0,0,0,0,0,1,0,0,0,0,1,0,0,0,0,0,0,1,0,0
2485,0.807692307692308,1,"Hoodie","Clothing",0.9625,"New Hampshire",2,"Green","Summer",0.92,0,"2-Day Shipping",0,0,1,"Cash","Every 3 Months","Senior",0,1,0,0,0,0,1,0,1,0,0,0,0,0,0,1,0,0,0,0,0,0,1,0,0,0,0
2486,0.480769230769231,1,"Blouse","Clothing",0.4375,"Louisiana",2,"Beige","Spring",0.84,0,"2-Day Shipping",0,0,0.73469387755102,"Bank Transfer","Annually","Middle Age",0,1,0,0,0,1,0,0,1,0,0,0,0,0,1,0,0,0,0,0,1,0,0,0,0,0,0
2487,0.826923076923077,1,"Jeans","Clothing",0.475,"Texas",3,"Magenta","Spring",0.76,0,"Store Pickup",0,0,0.102040816326531,"Credit Card","Fortnightly","Senior",0,1,0,0,0,1,0,0,0,0,0,0,0,1,0,0,1,0,0,0,0,0,0,1,0,0,0
2488,0.75,1,"Boots","Footwear",0.0125,"Montana",3,"Violet","Spring",0.2,0,"Next Day Air",0,0,0.306122448979592,"PayPal","Bi-Weekly","Senior",0,0,1,0,0,1,0,0,0,0,0,1,0,0,0,0,0,0,1,0,0,1,0,0,0,0,0
2489,0.730769230769231,1,"Handbag","Accessories",0.775,"New Hampshire",4,"Charcoal","Summer",0.76,0,"Express",0,0,0.591836734693878,"PayPal","Monthly","Senior",1,0,0,0,0,0,1,0,0,1,0,0,0,0,0,0,0,0,1,0,0,0,0,0,1,0,0
2490,0.923076923076923,1,"Coat","Outerwear",0.175,"South Dakota",2,"Green","Winter",0.56,0,"Express",0,0,1,"Venmo","Quarterly","Senior",0,0,0,1,0,0,0,1,0,1,0,0,0,0,0,0,0,0,0,1,0,0,0,0,0,1,0
2491,0.653846153846154,1,"Blouse","Clothing",0.725,"Montana",2,"Gray","Spring",0.6,0,"Free Shipping",0,0,0.0816326530612245,"Cash","Every 3 Months","Senior",0,1,0,0,0,1,0,0,0,0,1,0,0,0,0,1,0,0,0,0,0,0,1,0,0,0,0
2492,0.865384615384615,1,"Handbag","Accessories",0.3375,"North Carolina",2,"Magenta","Spring",0,0,"Express",0,0,0.285714285714286,"Bank Transfer","Monthly","Senior",1,0,0,0,0,1,0,0,0,1,0,0,0,0,1,0,0,0,0,0,0,0,0,0,1,0,0
2493,0.615384615384615,1,"Sunglasses","Accessories",0.95,"South Dakota",1,"Silver","Summer",0.64,0,"Next Day Air",0,0,0.673469387755102,"Bank Transfer","Bi-Weekly","Middle Age",1,0,0,0,0,0,1,0,0,0,0,1,0,0,1,0,0,0,0,0,0,1,0,0,0,0,0
2494,0.0576923076923077,1,"Socks","Clothing",0.0375,"Maine",1,"Beige","Fall",0.92,0,"2-Day Shipping",0,0,0.102040816326531,"Venmo","Every 3 Months","Young Adult",0,1,0,0,1,0,0,0,1,0,0,0,0,0,0,0,0,0,0,1,0,0,1,0,0,0,0
2495,0.461538461538462,1,"Shoes","Footwear",0.0875,"Oklahoma",1,"Peach","Winter",0.04,0,"Store Pickup",0,0,0.510204081632653,"Debit Card","Annually","Middle Age",0,0,1,0,0,0,0,1,0,0,0,0,0,1,0,0,0,1,0,0,1,0,0,0,0,0,0
2496,0.423076923076923,1,"Backpack","Accessories",0.2125,"Nebraska",4,"Orange","Spring",0.24,0,"Free Shipping",0,0,0.673469387755102,"Credit Card","Every 3 Months","Middle Age",1,0,0,0,0,1,0,0,0,0,1,0,0,0,0,0,1,0,0,0,0,0,1,0,0,0,0
2497,0.942307692307692,1,"Scarf","Accessories",0.7375,"Illinois",1,"Yellow","Summer",0.28,0,"Store Pickup",0,0,0.73469387755102,"Credit Card","Weekly","Senior",1,0,0,0,0,0,1,0,0,0,0,0,0,1,0,0,1,0,0,0,0,0,0,0,0,0,1
2498,0.326923076923077,1,"Backpack","Accessories",0.25,"Colorado",2,"Violet","Summer",0.68,0,"Standard",0,0,0.551020408163265,"Bank Transfer","Annually","Adult",1,0,0,0,0,0,1,0,0,0,0,0,1,0,1,0,0,0,0,0,1,0,0,0,0,0,0
2499,0,1,"Coat","Outerwear",0.2375,"Massachusetts",1,"Green","Fall",0.04,0,"Next Day Air",0,0,0.755102040816326,"Cash","Fortnightly","Young Adult",0,0,0,1,1,0,0,0,0,0,0,1,0,0,0,1,0,0,0,0,0,0,0,1,0,0,0
2500,0.653846153846154,1,"Hoodie","Clothing",0.6625,"Louisiana",3,"Pink","Summer",0.24,0,"Next Day Air",0,0,0.0204081632653061,"Cash","Quarterly","Senior",0,1,0,0,0,0,1,0,0,0,0,1,0,0,0,1,0,0,0,0,0,0,0,0,0,1,0
2501,0.788461538461538,1,"Gloves","Accessories",0.8,"Massachusetts",2,"Violet","Fall",0.16,0,"Store Pickup",0,0,0.63265306122449,"Cash","Bi-Weekly","Senior",1,0,0,0,1,0,0,0,0,0,0,0,0,1,0,1,0,0,0,0,0,1,0,0,0,0,0
2502,0.596153846153846,1,"Shorts","Clothing",0.925,"West Virginia",2,"Violet","Fall",0.84,0,"Free Shipping",0,0,0.591836734693878,"Venmo","Bi-Weekly","Middle Age",0,1,0,0,1,0,0,0,0,0,1,0,0,0,0,0,0,0,0,1,0,1,0,0,0,0,0
2503,0.538461538461538,1,"Skirt","Clothing",0.3375,"Idaho",3,"Pink","Spring",0.64,0,"Standard",0,0,0.326530612244898,"PayPal","Every 3 Months","Middle Age",0,1,0,0,0,1,0,0,0,0,0,0,1,0,0,0,0,0,1,0,0,0,1,0,0,0,0
2504,0.980769230769231,1,"Boots","Footwear",0.7125,"Ohio",2,"Violet","Summer",0,0,"Store Pickup",0,0,0.0816326530612245,"Debit Card","Bi-Weekly","Senior",0,0,1,0,0,0,1,0,0,0,0,0,0,1,0,0,0,1,0,0,0,1,0,0,0,0,0
2505,0.730769230769231,1,"Shorts","Clothing",0.925,"Rhode Island",2,"Turquoise","Winter",0.6,0,"Store Pickup",0,0,0.612244897959184,"Cash","Bi-Weekly","Senior",0,1,0,0,0,0,0,1,0,0,0,0,0,1,0,1,0,0,0,0,0,1,0,0,0,0,0
2506,0.173076923076923,1,"Handbag","Accessories",0.6875,"Illinois",2,"Cyan","Summer",0.4,0,"Express",0,0,0.857142857142857,"PayPal","Quarterly","Adult",1,0,0,0,0,0,1,0,0,1,0,0,0,0,0,0,0,0,1,0,0,0,0,0,0,1,0
2507,0.75,1,"Dress","Clothing",0.775,"New York",4,"Orange","Spring",0.76,0,"Free Shipping",0,0,0.36734693877551,"Venmo","Annually","Senior",0,1,0,0,0,1,0,0,0,0,1,0,0,0,0,0,0,0,0,1,1,0,0,0,0,0,0
2508,0.769230769230769,1,"Shoes","Footwear",0.2,"Louisiana",2,"Cyan","Fall",0.16,0,"Store Pickup",0,0,0.63265306122449,"Credit Card","Every 3 Months","Senior",0,0,1,0,1,0,0,0,0,0,0,0,0,1,0,0,1,0,0,0,0,0,1,0,0,0,0
2509,0.0961538461538462,1,"Sneakers","Footwear",0.875,"California",4,"Indigo","Spring",0.24,0,"2-Day Shipping",0,0,0.0816326530612245,"Debit Card","Bi-Weekly","Young Adult",0,0,1,0,0,1,0,0,1,0,0,0,0,0,0,0,0,1,0,0,0,1,0,0,0,0,0
2510,0.0192307692307692,1,"Socks","Clothing",0.35,"Washington",2,"Black","Spring",0.76,0,"Free Shipping",0,0,0.163265306122449,"Bank Transfer","Quarterly","Young Adult",0,1,0,0,0,1,0,0,0,0,1,0,0,0,1,0,0,0,0,0,0,0,0,0,0,1,0
2511,0.423076923076923,1,"Jacket","Outerwear",0.275,"South Dakota",3,"Purple","Winter",0.76,0,"Standard",0,0,0.959183673469388,"Credit Card","Weekly","Middle Age",0,0,0,1,0,0,0,1,0,0,0,0,1,0,0,0,1,0,0,0,0,0,0,0,0,0,1
2512,0.692307692307692,1,"Backpack","Accessories",0.1625,"Idaho",2,"Cyan","Summer",0.0800000000000001,0,"Store Pickup",0,0,0,"PayPal","Quarterly","Senior",1,0,0,0,0,0,1,0,0,0,0,0,0,1,0,0,0,0,1,0,0,0,0,0,0,1,0
2513,0.615384615384615,1,"Socks","Clothing",0.5375,"North Dakota",2,"Green","Summer",0.96,0,"Free Shipping",0,0,0.387755102040816,"Credit Card","Monthly","Middle Age",0,1,0,0,0,0,1,0,0,0,1,0,0,0,0,0,1,0,0,0,0,0,0,0,1,0,0
2514,0.980769230769231,1,"Handbag","Accessories",0.4125,"Washington",3,"Teal","Winter",0.4,0,"2-Day Shipping",0,0,0.836734693877551,"Cash","Annually","Senior",1,0,0,0,0,0,0,1,1,0,0,0,0,0,0,1,0,0,0,0,1,0,0,0,0,0,0
2515,0.461538461538462,1,"Hat","Accessories",0.2125,"Alaska",3,"Teal","Spring",0.92,0,"Free Shipping",0,0,0.897959183673469,"PayPal","Bi-Weekly","Middle Age",1,0,0,0,0,1,0,0,0,0,1,0,0,0,0,0,0,0,1,0,0,1,0,0,0,0,0
2516,0.365384615384615,1,"Blouse","Clothing",0.9,"Kansas",2,"Magenta","Summer",0.68,0,"2-Day Shipping",0,0,0.816326530612245,"Cash","Monthly","Middle Age",0,1,0,0,0,0,1,0,1,0,0,0,0,0,0,1,0,0,0,0,0,0,0,0,1,0,0
2517,0.538461538461538,1,"Shorts","Clothing",0.6625,"Utah",4,"Brown","Spring",0.84,0,"Standard",0,0,0.714285714285714,"Debit Card","Quarterly","Middle Age",0,1,0,0,0,1,0,0,0,0,0,0,1,0,0,0,0,1,0,0,0,0,0,0,0,1,0
2518,0.884615384615385,1,"Shirt","Clothing",0.225,"Wyoming",3,"Orange","Spring",0.16,0,"Standard",0,0,0.183673469387755,"Venmo","Annually","Senior",0,1,0,0,0,1,0,0,0,0,0,0,1,0,0,0,0,0,0,1,1,0,0,0,0,0,0
2519,0.0384615384615385,1,"Boots","Footwear",0.3875,"Maine",4,"Blue","Fall",0.6,0,"Store Pickup",0,0,0.612244897959184,"Venmo","Annually","Young Adult",0,0,1,0,1,0,0,0,0,0,0,0,0,1,0,0,0,0,0,1,1,0,0,0,0,0,0
2520,0.423076923076923,1,"Jacket","Outerwear",0.875,"Michigan",3,"Magenta","Spring",0.96,0,"Standard",0,0,0.408163265306122,"Credit Card","Quarterly","Middle Age",0,0,0,1,0,1,0,0,0,0,0,0,1,0,0,0,1,0,0,0,0,0,0,0,0,1,0
2521,0.884615384615385,1,"Jacket","Outerwear",0.45,"Illinois",3,"Magenta","Summer",0.24,0,"Next Day Air",0,0,0.306122448979592,"Cash","Every 3 Months","Senior",0,0,0,1,0,0,1,0,0,0,0,1,0,0,0,1,0,0,0,0,0,0,1,0,0,0,0
2522,0.211538461538462,1,"Handbag","Accessories",0.1625,"Minnesota",2,"Magenta","Fall",0.76,0,"Standard",0,0,0.346938775510204,"PayPal","Every 3 Months","Adult",1,0,0,0,1,0,0,0,0,0,0,0,1,0,0,0,0,0,1,0,0,0,1,0,0,0,0
2523,0.0384615384615385,1,"Belt","Accessories",0.4125,"Massachusetts",1,"Olive","Winter",0,0,"2-Day Shipping",0,0,0.387755102040816,"Debit Card","Weekly","Young Adult",1,0,0,0,0,0,0,1,1,0,0,0,0,0,0,0,0,1,0,0,0,0,0,0,0,0,1
2524,0.480769230769231,1,"Handbag","Accessories",0.05,"New Jersey",1,"Cyan","Spring",0.36,0,"Express",0,0,0.408163265306122,"Bank Transfer","Annually","Middle Age",1,0,0,0,0,1,0,0,0,1,0,0,0,0,1,0,0,0,0,0,1,0,0,0,0,0,0
2525,0.807692307692308,1,"Coat","Outerwear",0.4875,"Kansas",2,"Purple","Spring",0.48,0,"Express",0,0,0.448979591836735,"Credit Card","Quarterly","Senior",0,0,0,1,0,1,0,0,0,1,0,0,0,0,0,0,1,0,0,0,0,0,0,0,0,1,0
2526,0.403846153846154,1,"Sweater","Clothing",0.65,"Kentucky",2,"Purple","Winter",0.68,0,"Standard",0,0,0.387755102040816,"PayPal","Weekly","Middle Age",0,1,0,0,0,0,0,1,0,0,0,0,1,0,0,0,0,0,1,0,0,0,0,0,0,0,1
2527,0.557692307692308,1,"Shorts","Clothing",0.1,"Rhode Island",1,"Peach","Spring",0.36,0,"Express",0,0,0.591836734693878,"PayPal","Bi-Weekly","Middle Age",0,1,0,0,0,1,0,0,0,1,0,0,0,0,0,0,0,0,1,0,0,1,0,0,0,0,0
2528,0.0192307692307692,1,"Pants","Clothing",0.2,"Illinois",2,"Gold","Fall",0.44,0,"Express",0,0,0.653061224489796,"Bank Transfer","Every 3 Months","Young Adult",0,1,0,0,1,0,0,0,0,1,0,0,0,0,1,0,0,0,0,0,0,0,1,0,0,0,0
2529,0.653846153846154,1,"Jewelry","Accessories",0.3375,"Alabama",1,"Peach","Fall",0.88,0,"2-Day Shipping",0,0,0.612244897959184,"Debit Card","Monthly","Senior",1,0,0,0,1,0,0,0,1,0,0,0,0,0,0,0,0,1,0,0,0,0,0,0,1,0,0
2530,0.307692307692308,1,"Gloves","Accessories",0.525,"Tennessee",2,"Magenta","Spring",0.88,0,"Next Day Air",0,0,0.959183673469388,"Bank Transfer","Monthly","Adult",1,0,0,0,0,1,0,0,0,0,0,1,0,0,1,0,0,0,0,0,0,0,0,0,1,0,0
2531,0.134615384615385,1,"Skirt","Clothing",0.975,"Massachusetts",1,"Cyan","Spring",0.44,0,"Free Shipping",0,0,0.551020408163265,"Debit Card","Weekly","Young Adult",0,1,0,0,0,1,0,0,0,0,1,0,0,0,0,0,0,1,0,0,0,0,0,0,0,0,1
2532,0.480769230769231,1,"Sandals","Footwear",0.1,"Texas",2,"Violet","Summer",0.84,0,"Free Shipping",0,0,0.122448979591837,"Cash","Every 3 Months","Middle Age",0,0,1,0,0,0,1,0,0,0,1,0,0,0,0,1,0,0,0,0,0,0,1,0,0,0,0
2533,0.711538461538462,1,"Socks","Clothing",0.825,"Nebraska",1,"Charcoal","Summer",0.04,0,"Next Day Air",0,0,0.0612244897959184,"Debit Card","Weekly","Senior",0,1,0,0,0,0,1,0,0,0,0,1,0,0,0,0,0,1,0,0,0,0,0,0,0,0,1
2534,0.923076923076923,1,"Jewelry","Accessories",0.325,"Pennsylvania",1,"Blue","Summer",0.24,0,"Standard",0,0,0.979591836734694,"Cash","Bi-Weekly","Senior",1,0,0,0,0,0,1,0,0,0,0,0,1,0,0,1,0,0,0,0,0,1,0,0,0,0,0
2535,0.442307692307692,1,"Sunglasses","Accessories",0.275,"Virginia",4,"Red","Fall",0.28,0,"Free Shipping",0,0,0.428571428571429,"Cash","Weekly","Middle Age",1,0,0,0,1,0,0,0,0,0,1,0,0,0,0,1,0,0,0,0,0,0,0,0,0,0,1
2536,0.557692307692308,1,"Coat","Outerwear",0.75,"Vermont",1,"Purple","Winter",0.56,0,"Express",0,0,0.775510204081633,"Bank Transfer","Fortnightly","Middle Age",0,0,0,1,0,0,0,1,0,1,0,0,0,0,1,0,0,0,0,0,0,0,0,1,0,0,0
2537,0.634615384615385,1,"Belt","Accessories",0.2375,"Oklahoma",3,"Gray","Spring",0.96,0,"Express",0,0,0.897959183673469,"PayPal","Every 3 Months","Senior",1,0,0,0,0,1,0,0,0,1,0,0,0,0,0,0,0,0,1,0,0,0,1,0,0,0,0
2538,0.5,1,"Coat","Outerwear",0.3625,"Maine",2,"Purple","Summer",0.64,0,"2-Day Shipping",0,0,0.591836734693878,"PayPal","Fortnightly","Middle Age",0,0,0,1,0,0,1,0,1,0,0,0,0,0,0,0,0,0,1,0,0,0,0,1,0,0,0
2539,0,1,"Scarf","Accessories",0.15,"New Jersey",2,"Silver","Summer",0.68,0,"Next Day Air",0,0,0.653061224489796,"Credit Card","Bi-Weekly","Young Adult",1,0,0,0,0,0,1,0,0,0,0,1,0,0,0,0,1,0,0,0,0,1,0,0,0,0,0
2540,0.288461538461538,1,"Sandals","Footwear",0.6625,"Massachusetts",2,"Purple","Fall",0.64,0,"Next Day Air",0,0,0.469387755102041,"Cash","Bi-Weekly","Adult",0,0,1,0,1,0,0,0,0,0,0,1,0,0,0,1,0,0,0,0,0,1,0,0,0,0,0
2541,0.115384615384615,1,"Belt","Accessories",0.275,"New Jersey",2,"Charcoal","Summer",0.56,0,"Free Shipping",0,0,0.204081632653061,"Debit Card","Quarterly","Young Adult",1,0,0,0,0,0,1,0,0,0,1,0,0,0,0,0,0,1,0,0,0,0,0,0,0,1,0
2542,0.288461538461538,1,"Scarf","Accessories",0.475,"Washington",2,"Silver","Spring",0.0800000000000001,0,"Next Day Air",0,0,0.244897959183673,"Venmo","Every 3 Months","Adult",1,0,0,0,0,1,0,0,0,0,0,1,0,0,0,0,0,0,0,1,0,0,1,0,0,0,0
2543,0.826923076923077,1,"Jewelry","Accessories",0.025,"Arkansas",2,"White","Winter",0.48,0,"Express",0,0,0.530612244897959,"PayPal","Annually","Senior",1,0,0,0,0,0,0,1,0,1,0,0,0,0,0,0,0,0,1,0,1,0,0,0,0,0,0
2544,0.173076923076923,1,"Scarf","Accessories",0.45,"West Virginia",3,"Peach","Spring",0.0800000000000001,0,"Next Day Air",0,0,0.591836734693878,"PayPal","Bi-Weekly","Adult",1,0,0,0,0,1,0,0,0,0,0,1,0,0,0,0,0,0,1,0,0,1,0,0,0,0,0
2545,0.538461538461538,1,"Pants","Clothing",0.625,"Delaware",2,"Red","Spring",0,0,"Next Day Air",0,0,0.775510204081633,"Venmo","Quarterly","Middle Age",0,1,0,0,0,1,0,0,0,0,0,1,0,0,0,0,0,0,0,1,0,0,0,0,0,1,0
2546,0.384615384615385,1,"Shoes","Footwear",0.375,"Texas",3,"Olive","Spring",0.56,0,"Free Shipping",0,0,0.183673469387755,"Debit Card","Annually","Middle Age",0,0,1,0,0,1,0,0,0,0,1,0,0,0,0,0,0,1,0,0,1,0,0,0,0,0,0
2547,0.865384615384615,1,"Boots","Footwear",0.0125,"Texas",3,"Gray","Summer",0.2,0,"Express",0,0,0.0612244897959184,"Credit Card","Quarterly","Senior",0,0,1,0,0,0,1,0,0,1,0,0,0,0,0,0,1,0,0,0,0,0,0,0,0,1,0
2548,0.557692307692308,1,"Jacket","Outerwear",0.9625,"Mississippi",2,"Beige","Summer",0.28,0,"2-Day Shipping",0,0,0.306122448979592,"Cash","Weekly","Middle Age",0,0,0,1,0,0,1,0,1,0,0,0,0,0,0,1,0,0,0,0,0,0,0,0,0,0,1
2549,0.461538461538462,1,"Backpack","Accessories",0.5375,"Texas",3,"Pink","Winter",0.52,0,"Standard",0,0,0.673469387755102,"Credit Card","Monthly","Middle Age",1,0,0,0,0,0,0,1,0,0,0,0,1,0,0,0,1,0,0,0,0,0,0,0,1,0,0
2550,0.442307692307692,1,"Jacket","Outerwear",0.5,"Virginia",2,"Red","Fall",0.0800000000000001,0,"Standard",0,0,0.204081632653061,"Debit Card","Every 3 Months","Middle Age",0,0,0,1,1,0,0,0,0,0,0,0,1,0,0,0,0,1,0,0,0,0,1,0,0,0,0
2551,0.673076923076923,1,"Boots","Footwear",0.4,"New Hampshire",4,"Peach","Fall",0.2,0,"Store Pickup",0,0,0.591836734693878,"Debit Card","Fortnightly","Senior",0,0,1,0,1,0,0,0,0,0,0,0,0,1,0,0,0,1,0,0,0,0,0,1,0,0,0
2552,0.211538461538462,1,"Shoes","Footwear",0.15,"Minnesota",2,"Maroon","Winter",0.64,0,"Next Day Air",0,0,0.795918367346939,"Debit Card","Annually","Adult",0,0,1,0,0,0,0,1,0,0,0,1,0,0,0,0,0,1,0,0,1,0,0,0,0,0,0
2553,0.826923076923077,1,"Belt","Accessories",0.35,"Maryland",4,"Purple","Spring",0.28,0,"2-Day Shipping",0,0,0.244897959183673,"Credit Card","Annually","Senior",1,0,0,0,0,1,0,0,1,0,0,0,0,0,0,0,1,0,0,0,1,0,0,0,0,0,0
2554,0.980769230769231,1,"Jewelry","Accessories",0.0625,"Vermont",2,"Maroon","Summer",0.8,0,"Store Pickup",0,0,0.551020408163265,"Venmo","Every 3 Months","Senior",1,0,0,0,0,0,1,0,0,0,0,0,0,1,0,0,0,0,0,1,0,0,1,0,0,0,0
2555,0.634615384615385,1,"Jewelry","Accessories",0.6,"Kansas",2,"Gray","Summer",0.72,0,"Store Pickup",0,0,0.979591836734694,"Debit Card","Bi-Weekly","Senior",1,0,0,0,0,0,1,0,0,0,0,0,0,1,0,0,0,1,0,0,0,1,0,0,0,0,0
2556,0.115384615384615,1,"Pants","Clothing",0.675,"Idaho",2,"Gray","Fall",0.4,0,"Standard",0,0,0.448979591836735,"Credit Card","Weekly","Young Adult",0,1,0,0,1,0,0,0,0,0,0,0,1,0,0,0,1,0,0,0,0,0,0,0,0,0,1
2557,0.115384615384615,1,"T-shirt","Clothing",0.85,"Montana",4,"Magenta","Fall",0.24,0,"Standard",0,0,0.0612244897959184,"Bank Transfer","Quarterly","Young Adult",0,1,0,0,1,0,0,0,0,0,0,0,1,0,1,0,0,0,0,0,0,0,0,0,0,1,0
2558,1,1,"Shorts","Clothing",0.0375,"Oklahoma",3,"Cyan","Spring",0.56,0,"Standard",0,0,0.326530612244898,"PayPal","Fortnightly","Senior",0,1,0,0,0,1,0,0,0,0,0,0,1,0,0,0,0,0,1,0,0,0,0,1,0,0,0
2559,0.596153846153846,1,"Hoodie","Clothing",0.15,"California",2,"Silver","Fall",0.0800000000000001,0,"Express",0,0,0.469387755102041,"PayPal","Fortnightly","Middle Age",0,1,0,0,1,0,0,0,0,1,0,0,0,0,0,0,0,0,1,0,0,0,0,1,0,0,0
2560,0.576923076923077,1,"Belt","Accessories",0.6375,"Mississippi",1,"Green","Winter",0.6,0,"Free Shipping",0,0,0.408163265306122,"Debit Card","Every 3 Months","Middle Age",1,0,0,0,0,0,0,1,0,0,1,0,0,0,0,0,0,1,0,0,0,0,1,0,0,0,0
2561,0.769230769230769,1,"Boots","Footwear",0.525,"California",2,"Violet","Spring",0.0800000000000001,0,"Next Day Air",0,0,0.326530612244898,"Debit Card","Bi-Weekly","Senior",0,0,1,0,0,1,0,0,0,0,0,1,0,0,0,0,0,1,0,0,0,1,0,0,0,0,0
2562,0.269230769230769,1,"Hoodie","Clothing",0,"New York",3,"Magenta","Spring",0.0800000000000001,0,"Free Shipping",0,0,0.428571428571429,"Debit Card","Quarterly","Adult",0,1,0,0,0,1,0,0,0,0,1,0,0,0,0,0,0,1,0,0,0,0,0,0,0,1,0
2563,0.75,1,"Shorts","Clothing",0.525,"Arizona",4,"Yellow","Spring",0.88,0,"Standard",0,0,0.530612244897959,"Cash","Fortnightly","Senior",0,1,0,0,0,1,0,0,0,0,0,0,1,0,0,1,0,0,0,0,0,0,0,1,0,0,0
2564,0.980769230769231,1,"Backpack","Accessories",0.7625,"Massachusetts",4,"Gray","Winter",0.8,0,"Standard",0,0,0,"Venmo","Every 3 Months","Senior",1,0,0,0,0,0,0,1,0,0,0,0,1,0,0,0,0,0,0,1,0,0,1,0,0,0,0
2565,0.461538461538462,1,"Scarf","Accessories",0.875,"Kentucky",3,"Indigo","Winter",0.2,0,"2-Day Shipping",0,0,0.530612244897959,"Bank Transfer","Weekly","Middle Age",1,0,0,0,0,0,0,1,1,0,0,0,0,0,1,0,0,0,0,0,0,0,0,0,0,0,1
2566,0.230769230769231,1,"Socks","Clothing",0.2875,"Vermont",1,"Indigo","Fall",0.44,0,"Store Pickup",0,0,0.142857142857143,"Venmo","Quarterly","Adult",0,1,0,0,1,0,0,0,0,0,0,0,0,1,0,0,0,0,0,1,0,0,0,0,0,1,0
2567,0.326923076923077,1,"Handbag","Accessories",0.225,"Missouri",1,"Yellow","Fall",0.32,0,"Standard",0,0,0.857142857142857,"PayPal","Quarterly","Adult",1,0,0,0,1,0,0,0,0,0,0,0,1,0,0,0,0,0,1,0,0,0,0,0,0,1,0
2568,0.0192307692307692,1,"Sunglasses","Accessories",0.0625,"Michigan",4,"Gold","Spring",0.72,0,"Store Pickup",0,0,0.469387755102041,"Cash","Fortnightly","Young Adult",1,0,0,0,0,1,0,0,0,0,0,0,0,1,0,1,0,0,0,0,0,0,0,1,0,0,0
2569,0.653846153846154,1,"T-shirt","Clothing",0.975,"Texas",4,"Green","Winter",0.72,0,"Express",0,0,0.571428571428571,"PayPal","Fortnightly","Senior",0,1,0,0,0,0,0,1,0,1,0,0,0,0,0,0,0,0,1,0,0,0,0,1,0,0,0
2570,0.461538461538462,1,"Dress","Clothing",0.6875,"New York",2,"Charcoal","Spring",0.92,0,"Free Shipping",0,0,0.183673469387755,"Bank Transfer","Bi-Weekly","Middle Age",0,1,0,0,0,1,0,0,0,0,1,0,0,0,1,0,0,0,0,0,0,1,0,0,0,0,0
2571,0.346153846153846,1,"Sneakers","Footwear",0.0875,"New Mexico",4,"Olive","Spring",0.6,0,"Store Pickup",0,0,0.224489795918367,"PayPal","Fortnightly","Middle Age",0,0,1,0,0,1,0,0,0,0,0,0,0,1,0,0,0,0,1,0,0,0,0,1,0,0,0
2572,0.519230769230769,1,"Sunglasses","Accessories",0.0875,"Mississippi",3,"Black","Winter",0.4,0,"Standard",0,0,0.959183673469388,"Cash","Fortnightly","Middle Age",1,0,0,0,0,0,0,1,0,0,0,0,1,0,0,1,0,0,0,0,0,0,0,1,0,0,0
2573,0.692307692307692,1,"Blouse","Clothing",0.275,"Washington",2,"Silver","Fall",0.56,0,"Next Day Air",0,0,0.795918367346939,"Bank Transfer","Quarterly","Senior",0,1,0,0,1,0,0,0,0,0,0,1,0,0,1,0,0,0,0,0,0,0,0,0,0,1,0
2574,0.692307692307692,1,"T-shirt","Clothing",0.875,"New Mexico",2,"Red","Summer",0.76,0,"Store Pickup",0,0,0,"Bank Transfer","Annually","Senior",0,1,0,0,0,0,1,0,0,0,0,0,0,1,1,0,0,0,0,0,1,0,0,0,0,0,0
2575,0.173076923076923,1,"Hat","Accessories",0.5375,"Florida",2,"Brown","Summer",0.84,0,"2-Day Shipping",0,0,0.510204081632653,"Credit Card","Fortnightly","Adult",1,0,0,0,0,0,1,0,1,0,0,0,0,0,0,0,1,0,0,0,0,0,0,1,0,0,0
2576,0.673076923076923,1,"Shorts","Clothing",0.95,"Minnesota",2,"Silver","Fall",0.6,0,"Express",0,0,0.163265306122449,"PayPal","Annually","Senior",0,1,0,0,1,0,0,0,0,1,0,0,0,0,0,0,0,0,1,0,1,0,0,0,0,0,0
2577,0.0384615384615385,1,"Hoodie","Clothing",0.25,"New Hampshire",2,"Silver","Winter",0.68,0,"Free Shipping",0,0,0.36734693877551,"Debit Card","Quarterly","Young Adult",0,1,0,0,0,0,0,1,0,0,1,0,0,0,0,0,0,1,0,0,0,0,0,0,0,1,0
2578,0.653846153846154,1,"Socks","Clothing",0.2375,"Minnesota",3,"Black","Fall",0.8,0,"Next Day Air",0,0,0.73469387755102,"Bank Transfer","Monthly","Senior",0,1,0,0,1,0,0,0,0,0,0,1,0,0,1,0,0,0,0,0,0,0,0,0,1,0,0
2579,0.692307692307692,1,"Sunglasses","Accessories",0.35,"Vermont",2,"Purple","Fall",0.56,0,"Free Shipping",0,0,0.0408163265306122,"Cash","Quarterly","Senior",1,0,0,0,1,0,0,0,0,0,1,0,0,0,0,1,0,0,0,0,0,0,0,0,0,1,0
2580,0.903846153846154,1,"Blouse","Clothing",0,"Minnesota",2,"Purple","Summer",0.48,0,"Express",0,0,0.795918367346939,"Venmo","Weekly","Senior",0,1,0,0,0,0,1,0,0,1,0,0,0,0,0,0,0,0,0,1,0,0,0,0,0,0,1
2581,0.480769230769231,1,"Jeans","Clothing",0.1125,"Massachusetts",1,"Turquoise","Summer",0.44,0,"Store Pickup",0,0,0.244897959183673,"Bank Transfer","Quarterly","Middle Age",0,1,0,0,0,0,1,0,0,0,0,0,0,1,1,0,0,0,0,0,0,0,0,0,0,1,0
2582,0.75,1,"Dress","Clothing",0.7625,"Wyoming",2,"Gold","Winter",0.88,0,"Express",0,0,0.959183673469388,"Credit Card","Monthly","Senior",0,1,0,0,0,0,0,1,0,1,0,0,0,0,0,0,1,0,0,0,0,0,0,0,1,0,0
2583,0.0192307692307692,1,"Dress","Clothing",0.975,"South Dakota",1,"Indigo","Fall",0.44,0,"2-Day Shipping",0,0,0.0612244897959184,"Venmo","Every 3 Months","Young Adult",0,1,0,0,1,0,0,0,1,0,0,0,0,0,0,0,0,0,0,1,0,0,1,0,0,0,0
2584,0.980769230769231,1,"Jeans","Clothing",0.9125,"Oklahoma",2,"Lavender","Fall",0,0,"Next Day Air",0,0,0.163265306122449,"Cash","Weekly","Senior",0,1,0,0,1,0,0,0,0,0,0,1,0,0,0,1,0,0,0,0,0,0,0,0,0,0,1
2585,0.153846153846154,1,"Socks","Clothing",0.125,"Florida",3,"Blue","Summer",0.16,0,"Store Pickup",0,0,0.510204081632653,"Bank Transfer","Bi-Weekly","Adult",0,1,0,0,0,0,1,0,0,0,0,0,0,1,1,0,0,0,0,0,0,1,0,0,0,0,0
2586,0.75,1,"Sunglasses","Accessories",0.2125,"Wisconsin",3,"Maroon","Fall",0.76,0,"Free Shipping",0,0,0.36734693877551,"Debit Card","Weekly","Senior",1,0,0,0,1,0,0,0,0,0,1,0,0,0,0,0,0,1,0,0,0,0,0,0,0,0,1
2587,0.0384615384615385,1,"Coat","Outerwear",0.1,"Maine",3,"Yellow","Winter",0.84,0,"Express",0,0,0,"Credit Card","Every 3 Months","Young Adult",0,0,0,1,0,0,0,1,0,1,0,0,0,0,0,0,1,0,0,0,0,0,1,0,0,0,0
2588,0.711538461538462,1,"Scarf","Accessories",0.1125,"Connecticut",2,"Purple","Winter",0.48,0,"Express",0,0,0.571428571428571,"PayPal","Every 3 Months","Senior",1,0,0,0,0,0,0,1,0,1,0,0,0,0,0,0,0,0,1,0,0,0,1,0,0,0,0
2589,0.5,1,"Backpack","Accessories",0.3625,"Delaware",2,"Peach","Summer",0.28,0,"Free Shipping",0,0,0.755102040816326,"Venmo","Bi-Weekly","Middle Age",1,0,0,0,0,0,1,0,0,0,1,0,0,0,0,0,0,0,0,1,0,1,0,0,0,0,0
2590,0.653846153846154,1,"Pants","Clothing",0.4125,"North Dakota",2,"Silver","Winter",0.96,0,"2-Day Shipping",0,0,0.612244897959184,"PayPal","Annually","Senior",0,1,0,0,0,0,0,1,1,0,0,0,0,0,0,0,0,0,1,0,1,0,0,0,0,0,0
2591,0.75,1,"Gloves","Accessories",0.575,"California",2,"Turquoise","Summer",1,0,"Free Shipping",0,0,0.693877551020408,"Venmo","Annually","Senior",1,0,0,0,0,0,1,0,0,0,1,0,0,0,0,0,0,0,0,1,1,0,0,0,0,0,0
2592,0.423076923076923,1,"Jacket","Outerwear",0.5125,"New Mexico",1,"Olive","Spring",0.32,0,"Express",0,0,0.795918367346939,"Cash","Quarterly","Middle Age",0,0,0,1,0,1,0,0,0,1,0,0,0,0,0,1,0,0,0,0,0,0,0,0,0,1,0
2593,0.0961538461538462,1,"Shorts","Clothing",0.0375,"Iowa",4,"Peach","Summer",0.76,0,"Store Pickup",0,0,0.244897959183673,"Venmo","Quarterly","Young Adult",0,1,0,0,0,0,1,0,0,0,0,0,0,1,0,0,0,0,0,1,0,0,0,0,0,1,0
2594,0.346153846153846,1,"Pants","Clothing",0.2,"Colorado",1,"Indigo","Fall",0.88,0,"Store Pickup",0,0,0.163265306122449,"Bank Transfer","Every 3 Months","Middle Age",0,1,0,0,1,0,0,0,0,0,0,0,0,1,1,0,0,0,0,0,0,0,1,0,0,0,0
2595,0.788461538461538,1,"Skirt","Clothing",0.7625,"Montana",3,"Indigo","Fall",0.44,0,"Free Shipping",0,0,0.489795918367347,"Cash","Every 3 Months","Senior",0,1,0,0,1,0,0,0,0,0,1,0,0,0,0,1,0,0,0,0,0,0,1,0,0,0,0
2596,0.211538461538462,1,"Blouse","Clothing",0.45,"Iowa",4,"Maroon","Summer",0.28,0,"Free Shipping",0,0,0.0408163265306122,"Bank Transfer","Bi-Weekly","Adult",0,1,0,0,0,0,1,0,0,0,1,0,0,0,1,0,0,0,0,0,0,1,0,0,0,0,0
2597,0.865384615384615,1,"Shirt","Clothing",0.725,"Louisiana",3,"Black","Spring",0.2,0,"Next Day Air",0,0,0.693877551020408,"Credit Card","Monthly","Senior",0,1,0,0,0,1,0,0,0,0,0,1,0,0,0,0,1,0,0,0,0,0,0,0,1,0,0
2598,0.807692307692308,1,"Jewelry","Accessories",0.0625,"Alabama",4,"Teal","Summer",0.76,0,"Store Pickup",0,0,0.244897959183673,"Venmo","Bi-Weekly","Senior",1,0,0,0,0,0,1,0,0,0,0,0,0,1,0,0,0,0,0,1,0,1,0,0,0,0,0
2599,0.884615384615385,1,"Backpack","Accessories",0.825,"Nevada",4,"Olive","Fall",0.32,0,"Express",0,0,0.612244897959184,"Debit Card","Annually","Senior",1,0,0,0,1,0,0,0,0,1,0,0,0,0,0,0,0,1,0,0,1,0,0,0,0,0,0
2600,0.865384615384615,1,"Jewelry","Accessories",0.9875,"Vermont",2,"Gold","Winter",0.36,0,"Express",0,0,0.959183673469388,"Credit Card","Monthly","Senior",1,0,0,0,0,0,0,1,0,1,0,0,0,0,0,0,1,0,0,0,0,0,0,0,1,0,0
2601,0.0576923076923077,1,"Belt","Accessories",0.7875,"New York",2,"Gray","Fall",0.56,0,"Express",0,0,0.102040816326531,"Bank Transfer","Bi-Weekly","Young Adult",1,0,0,0,1,0,0,0,0,1,0,0,0,0,1,0,0,0,0,0,0,1,0,0,0,0,0
2602,0.826923076923077,1,"Dress","Clothing",0.1625,"Mississippi",3,"Orange","Winter",0.16,0,"Store Pickup",0,0,0.857142857142857,"Cash","Monthly","Senior",0,1,0,0,0,0,0,1,0,0,0,0,0,1,0,1,0,0,0,0,0,0,0,0,1,0,0
2603,0.903846153846154,1,"Coat","Outerwear",0.3,"South Carolina",2,"Black","Fall",0.16,0,"Free Shipping",0,0,0,"Venmo","Quarterly","Senior",0,0,0,1,1,0,0,0,0,0,1,0,0,0,0,0,0,0,0,1,0,0,0,0,0,1,0
2604,0.980769230769231,1,"Dress","Clothing",0.475,"Washington",2,"Teal","Spring",0.0800000000000001,0,"2-Day Shipping",0,0,0.142857142857143,"Cash","Annually","Senior",0,1,0,0,0,1,0,0,1,0,0,0,0,0,0,1,0,0,0,0,1,0,0,0,0,0,0
2605,0.557692307692308,1,"Sweater","Clothing",0.425,"Colorado",2,"Beige","Spring",0.36,0,"Store Pickup",0,0,0.102040816326531,"Debit Card","Weekly","Middle Age",0,1,0,0,0,1,0,0,0,0,0,0,0,1,0,0,0,1,0,0,0,0,0,0,0,0,1
2606,0.442307692307692,1,"Hoodie","Clothing",0.9125,"Nevada",2,"White","Spring",0.48,0,"2-Day Shipping",0,0,0.63265306122449,"Venmo","Fortnightly","Middle Age",0,1,0,0,0,1,0,0,1,0,0,0,0,0,0,0,0,0,0,1,0,0,0,1,0,0,0
2607,0.961538461538462,1,"Shoes","Footwear",0.975,"Nevada",3,"Turquoise","Spring",0.88,0,"Standard",0,0,0.918367346938776,"Bank Transfer","Bi-Weekly","Senior",0,0,1,0,0,1,0,0,0,0,0,0,1,0,1,0,0,0,0,0,0,1,0,0,0,0,0
2608,0.442307692307692,1,"Shoes","Footwear",0.2,"Oklahoma",4,"Teal","Spring",0.24,0,"Express",0,0,0.755102040816326,"PayPal","Every 3 Months","Middle Age",0,0,1,0,0,1,0,0,0,1,0,0,0,0,0,0,0,0,1,0,0,0,1,0,0,0,0
2609,0.461538461538462,1,"Jacket","Outerwear",0.6,"Mississippi",3,"Orange","Fall",0.68,0,"2-Day Shipping",0,0,0.959183673469388,"Credit Card","Fortnightly","Middle Age",0,0,0,1,1,0,0,0,1,0,0,0,0,0,0,0,1,0,0,0,0,0,0,1,0,0,0
2610,0.923076923076923,1,"Backpack","Accessories",0.9375,"Arkansas",2,"Black","Summer",0.2,0,"Store Pickup",0,0,0.346938775510204,"Debit Card","Bi-Weekly","Senior",1,0,0,0,0,0,1,0,0,0,0,0,0,1,0,0,0,1,0,0,0,1,0,0,0,0,0
2611,0.923076923076923,1,"Jeans","Clothing",0.9125,"West Virginia",2,"Violet","Spring",0.24,0,"Express",0,0,0.489795918367347,"Cash","Quarterly","Senior",0,1,0,0,0,1,0,0,0,1,0,0,0,0,0,1,0,0,0,0,0,0,0,0,0,1,0
2612,0.288461538461538,1,"Jacket","Outerwear",0.9875,"Michigan",3,"Maroon","Fall",0.68,0,"2-Day Shipping",0,0,0.0612244897959184,"Cash","Fortnightly","Adult",0,0,0,1,1,0,0,0,1,0,0,0,0,0,0,1,0,0,0,0,0,0,0,1,0,0,0
2613,0.711538461538462,1,"Sunglasses","Accessories",0.025,"Louisiana",2,"Turquoise","Winter",0.52,0,"Next Day Air",0,0,0.530612244897959,"Venmo","Quarterly","Senior",1,0,0,0,0,0,0,1,0,0,0,1,0,0,0,0,0,0,0,1,0,0,0,0,0,1,0
2614,0.769230769230769,1,"Gloves","Accessories",0.85,"South Dakota",2,"Gold","Fall",0.16,0,"Express",0,0,0.26530612244898,"Bank Transfer","Monthly","Senior",1,0,0,0,1,0,0,0,0,1,0,0,0,0,1,0,0,0,0,0,0,0,0,0,1,0,0
2615,0,1,"Jacket","Outerwear",0.5625,"North Dakota",2,"Turquoise","Spring",0.68,0,"Express",0,0,0.714285714285714,"Bank Transfer","Fortnightly","Young Adult",0,0,0,1,0,1,0,0,0,1,0,0,0,0,1,0,0,0,0,0,0,0,0,1,0,0,0
2616,0.596153846153846,1,"T-shirt","Clothing",0.525,"Arizona",2,"Maroon","Fall",0.24,0,"2-Day Shipping",0,0,0.102040816326531,"Debit Card","Quarterly","Middle Age",0,1,0,0,1,0,0,0,1,0,0,0,0,0,0,0,0,1,0,0,0,0,0,0,0,1,0
2617,0.826923076923077,1,"Sandals","Footwear",0.4375,"Georgia",4,"Purple","Spring",0.44,0,"Express",0,0,0.918367346938776,"Cash","Annually","Senior",0,0,1,0,0,1,0,0,0,1,0,0,0,0,0,1,0,0,0,0,1,0,0,0,0,0,0
2618,0.25,1,"Shorts","Clothing",0.9625,"Idaho",1,"Maroon","Spring",0.92,0,"Standard",0,0,0.571428571428571,"Bank Transfer","Annually","Adult",0,1,0,0,0,1,0,0,0,0,0,0,1,0,1,0,0,0,0,0,1,0,0,0,0,0,0
2619,1,1,"Handbag","Accessories",0.7125,"Louisiana",3,"Brown","Fall",0.64,0,"Express",0,0,0.224489795918367,"Venmo","Monthly","Senior",1,0,0,0,1,0,0,0,0,1,0,0,0,0,0,0,0,0,0,1,0,0,0,0,1,0,0
2620,0.961538461538462,1,"Pants","Clothing",0.25,"Connecticut",3,"Indigo","Winter",0.56,0,"Free Shipping",0,0,0.938775510204082,"Credit Card","Weekly","Senior",0,1,0,0,0,0,0,1,0,0,1,0,0,0,0,0,1,0,0,0,0,0,0,0,0,0,1
2621,0.173076923076923,1,"Blouse","Clothing",0.0375,"Ohio",1,"Lavender","Winter",0.2,0,"Standard",0,0,0.551020408163265,"Debit Card","Annually","Adult",0,1,0,0,0,0,0,1,0,0,0,0,1,0,0,0,0,1,0,0,1,0,0,0,0,0,0
2622,0.576923076923077,1,"Shoes","Footwear",0.325,"Maine",2,"Beige","Winter",0.2,0,"Express",0,0,0.408163265306122,"Bank Transfer","Annually","Middle Age",0,0,1,0,0,0,0,1,0,1,0,0,0,0,1,0,0,0,0,0,1,0,0,0,0,0,0
2623,0.865384615384615,1,"Backpack","Accessories",0.6875,"New Hampshire",2,"Yellow","Spring",0.96,0,"2-Day Shipping",0,0,0.285714285714286,"Credit Card","Annually","Senior",1,0,0,0,0,1,0,0,1,0,0,0,0,0,0,0,1,0,0,0,1,0,0,0,0,0,0
2624,0.596153846153846,1,"Shoes","Footwear",0.7,"Massachusetts",2,"Gold","Fall",0.92,0,"Next Day Air",0,0,0.755102040816326,"Cash","Annually","Middle Age",0,0,1,0,1,0,0,0,0,0,0,1,0,0,0,1,0,0,0,0,1,0,0,0,0,0,0
2625,0.0192307692307692,1,"Dress","Clothing",0.4875,"South Dakota",2,"Indigo","Summer",0.32,0,"Standard",0,0,0.36734693877551,"Credit Card","Annually","Young Adult",0,1,0,0,0,0,1,0,0,0,0,0,1,0,0,0,1,0,0,0,1,0,0,0,0,0,0
2626,0.230769230769231,1,"Skirt","Clothing",0.3875,"Colorado",3,"Cyan","Summer",0.0800000000000001,0,"Standard",0,0,0.612244897959184,"Credit Card","Weekly","Adult",0,1,0,0,0,0,1,0,0,0,0,0,1,0,0,0,1,0,0,0,0,0,0,0,0,0,1
2627,0.615384615384615,1,"Jacket","Outerwear",0.325,"Rhode Island",4,"Silver","Fall",0.68,0,"Express",0,0,0.591836734693878,"Credit Card","Every 3 Months","Middle Age",0,0,0,1,1,0,0,0,0,1,0,0,0,0,0,0,1,0,0,0,0,0,1,0,0,0,0
2628,0.923076923076923,1,"Shirt","Clothing",0.075,"Missouri",3,"Silver","Fall",0.44,0,"Next Day Air",0,0,0.795918367346939,"Bank Transfer","Quarterly","Senior",0,1,0,0,1,0,0,0,0,0,0,1,0,0,1,0,0,0,0,0,0,0,0,0,0,1,0
2629,0.134615384615385,1,"Hoodie","Clothing",0.3875,"Wyoming",2,"Silver","Summer",0.52,0,"Next Day Air",0,0,0.836734693877551,"Credit Card","Bi-Weekly","Young Adult",0,1,0,0,0,0,1,0,0,0,0,1,0,0,0,0,1,0,0,0,0,1,0,0,0,0,0
2630,0.826923076923077,1,"Scarf","Accessories",0.3,"New Hampshire",2,"Peach","Winter",0.52,0,"Free Shipping",0,0,0.489795918367347,"Venmo","Annually","Senior",1,0,0,0,0,0,0,1,0,0,1,0,0,0,0,0,0,0,0,1,1,0,0,0,0,0,0
2631,0.211538461538462,1,"Skirt","Clothing",0.775,"Maine",1,"Pink","Spring",0.68,0,"Free Shipping",0,0,0.387755102040816,"Cash","Quarterly","Adult",0,1,0,0,0,1,0,0,0,0,1,0,0,0,0,1,0,0,0,0,0,0,0,0,0,1,0
2632,0.673076923076923,1,"Skirt","Clothing",0.3,"Connecticut",1,"Violet","Summer",0.0800000000000001,0,"Express",0,0,0.0408163265306122,"Cash","Weekly","Senior",0,1,0,0,0,0,1,0,0,1,0,0,0,0,0,1,0,0,0,0,0,0,0,0,0,0,1
2633,0.115384615384615,1,"Scarf","Accessories",0.0875,"Alaska",2,"Black","Fall",1,0,"Next Day Air",0,0,0.26530612244898,"Cash","Annually","Young Adult",1,0,0,0,1,0,0,0,0,0,0,1,0,0,0,1,0,0,0,0,1,0,0,0,0,0,0
2634,0.634615384615385,1,"Sunglasses","Accessories",0.875,"Alaska",2,"Purple","Fall",0.88,0,"Next Day Air",0,0,0.63265306122449,"Credit Card","Fortnightly","Senior",1,0,0,0,1,0,0,0,0,0,0,1,0,0,0,0,1,0,0,0,0,0,0,1,0,0,0
2635,0.153846153846154,1,"Sandals","Footwear",0.475,"North Carolina",1,"Black","Summer",0.28,0,"Store Pickup",0,0,0.387755102040816,"PayPal","Every 3 Months","Adult",0,0,1,0,0,0,1,0,0,0,0,0,0,1,0,0,0,0,1,0,0,0,1,0,0,0,0
2636,0.788461538461538,1,"Hoodie","Clothing",0.75,"Colorado",4,"Peach","Spring",0.16,0,"2-Day Shipping",0,0,0.673469387755102,"PayPal","Fortnightly","Senior",0,1,0,0,0,1,0,0,1,0,0,0,0,0,0,0,0,0,1,0,0,0,0,1,0,0,0
2637,0.442307692307692,1,"Jacket","Outerwear",0.25,"Utah",1,"Magenta","Winter",0.68,0,"Store Pickup",0,0,0.102040816326531,"Venmo","Annually","Middle Age",0,0,0,1,0,0,0,1,0,0,0,0,0,1,0,0,0,0,0,1,1,0,0,0,0,0,0
2638,0.0384615384615385,1,"Pants","Clothing",0.0375,"Alabama",2,"Magenta","Spring",0.48,0,"Store Pickup",0,0,0.0204081632653061,"PayPal","Annually","Young Adult",0,1,0,0,0,1,0,0,0,0,0,0,0,1,0,0,0,0,1,0,1,0,0,0,0,0,0
2639,0.0769230769230769,1,"Shirt","Clothing",0.175,"Hawaii",1,"Black","Spring",0.68,0,"Store Pickup",0,0,0.693877551020408,"Credit Card","Annually","Young Adult",0,1,0,0,0,1,0,0,0,0,0,0,0,1,0,0,1,0,0,0,1,0,0,0,0,0,0
2640,0,1,"Blouse","Clothing",0.1875,"New Hampshire",4,"Pink","Winter",0.04,0,"Free Shipping",0,0,0.653061224489796,"Debit Card","Quarterly","Young Adult",0,1,0,0,0,0,0,1,0,0,1,0,0,0,0,0,0,1,0,0,0,0,0,0,0,1,0
2641,0.230769230769231,1,"Skirt","Clothing",0.6875,"Indiana",3,"Olive","Summer",0.6,0,"Store Pickup",0,0,0.897959183673469,"Venmo","Bi-Weekly","Adult",0,1,0,0,0,0,1,0,0,0,0,0,0,1,0,0,0,0,0,1,0,1,0,0,0,0,0
2642,0.134615384615385,1,"Sunglasses","Accessories",0.5,"Vermont",4,"Olive","Winter",0.0800000000000001,0,"Next Day Air",0,0,0.387755102040816,"Bank Transfer","Every 3 Months","Young Adult",1,0,0,0,0,0,0,1,0,0,0,1,0,0,1,0,0,0,0,0,0,0,1,0,0,0,0
2643,0.403846153846154,1,"Belt","Accessories",0.8375,"Iowa",3,"Peach","Summer",0.6,0,"Store Pickup",0,0,0.959183673469388,"Bank Transfer","Annually","Middle Age",1,0,0,0,0,0,1,0,0,0,0,0,0,1,1,0,0,0,0,0,1,0,0,0,0,0,0
2644,0.596153846153846,1,"Gloves","Accessories",0.2625,"Maryland",1,"Silver","Spring",0.16,0,"Next Day Air",0,0,0.73469387755102,"Cash","Monthly","Middle Age",1,0,0,0,0,1,0,0,0,0,0,1,0,0,0,1,0,0,0,0,0,0,0,0,1,0,0
2645,0.134615384615385,1,"Pants","Clothing",0.7875,"New Mexico",2,"Turquoise","Spring",0.32,0,"Standard",0,0,0.0612244897959184,"Bank Transfer","Every 3 Months","Young Adult",0,1,0,0,0,1,0,0,0,0,0,0,1,0,1,0,0,0,0,0,0,0,1,0,0,0,0
2646,0.0961538461538462,1,"Scarf","Accessories",0.7625,"Louisiana",3,"Olive","Spring",0.6,0,"Store Pickup",0,0,0.469387755102041,"Bank Transfer","Bi-Weekly","Young Adult",1,0,0,0,0,1,0,0,0,0,0,0,0,1,1,0,0,0,0,0,0,1,0,0,0,0,0
2647,0.288461538461538,1,"T-shirt","Clothing",0.45,"New Mexico",1,"Lavender","Summer",0.56,0,"Next Day Air",0,0,0.0612244897959184,"Debit Card","Every 3 Months","Adult",0,1,0,0,0,0,1,0,0,0,0,1,0,0,0,0,0,1,0,0,0,0,1,0,0,0,0
2648,0.807692307692308,1,"Shoes","Footwear",0.475,"South Carolina",2,"Red","Summer",0.32,0,"2-Day Shipping",0,0,0.489795918367347,"Debit Card","Annually","Senior",0,0,1,0,0,0,1,0,1,0,0,0,0,0,0,0,0,1,0,0,1,0,0,0,0,0,0
2649,0.634615384615385,1,"Pants","Clothing",0.8,"Illinois",2,"Gray","Spring",0.56,0,"Next Day Air",0,0,0.26530612244898,"PayPal","Bi-Weekly","Senior",0,1,0,0,0,1,0,0,0,0,0,1,0,0,0,0,0,0,1,0,0,1,0,0,0,0,0
2650,0.0961538461538462,1,"Gloves","Accessories",0.0125,"Minnesota",2,"Magenta","Fall",0.56,0,"Store Pickup",0,0,0.26530612244898,"Bank Transfer","Fortnightly","Young Adult",1,0,0,0,1,0,0,0,0,0,0,0,0,1,1,0,0,0,0,0,0,0,0,1,0,0,0
2651,0.0384615384615385,1,"Socks","Clothing",0.1875,"Oregon",3,"Maroon","Summer",0.68,0,"Standard",0,0,0.918367346938776,"Credit Card","Every 3 Months","Young Adult",0,1,0,0,0,0,1,0,0,0,0,0,1,0,0,0,1,0,0,0,0,0,1,0,0,0,0
2652,0.634615384615385,1,"Sneakers","Footwear",0.2875,"Tennessee",2,"Cyan","Summer",0.84,0,"Store Pickup",0,0,0.530612244897959,"PayPal","Quarterly","Senior",0,0,1,0,0,0,1,0,0,0,0,0,0,1,0,0,0,0,1,0,0,0,0,0,0,1,0
2653,0.0961538461538462,0,"Shorts","Clothing",0,"Maryland",3,"Cyan","Summer",0.32,0,"2-Day Shipping",0,0,0.918367346938776,"Credit Card","Monthly","Young Adult",0,1,0,0,0,0,1,0,1,0,0,0,0,0,0,0,1,0,0,0,0,0,0,0,1,0,0
2654,0.942307692307692,0,"Blouse","Clothing",0.2,"Wisconsin",3,"Lavender","Fall",0.92,0,"Express",0,0,0.469387755102041,"Venmo","Every 3 Months","Senior",0,1,0,0,1,0,0,0,0,1,0,0,0,0,0,0,0,0,0,1,0,0,1,0,0,0,0
2655,0.0961538461538462,0,"Coat","Outerwear",0.625,"Idaho",1,"Pink","Fall",0.64,0,"Next Day Air",0,0,0.0612244897959184,"PayPal","Annually","Young Adult",0,0,0,1,1,0,0,0,0,0,0,1,0,0,0,0,0,0,1,0,1,0,0,0,0,0,0
2656,0.153846153846154,0,"Sunglasses","Accessories",0.7875,"Wyoming",2,"Gray","Summer",0.36,0,"Standard",0,0,0.0204081632653061,"Credit Card","Fortnightly","Adult",1,0,0,0,0,0,1,0,0,0,0,0,1,0,0,0,1,0,0,0,0,0,0,1,0,0,0
2657,0.653846153846154,0,"Shorts","Clothing",0.7,"Indiana",3,"Yellow","Winter",0.44,0,"Express",0,0,0.571428571428571,"Bank Transfer","Fortnightly","Senior",0,1,0,0,0,0,0,1,0,1,0,0,0,0,1,0,0,0,0,0,0,0,0,1,0,0,0
2658,0.653846153846154,0,"Dress","Clothing",0.7625,"Texas",2,"Pink","Summer",0.0800000000000001,0,"Express",0,0,0.122448979591837,"Credit Card","Fortnightly","Senior",0,1,0,0,0,0,1,0,0,1,0,0,0,0,0,0,1,0,0,0,0,0,0,1,0,0,0
2659,0.653846153846154,0,"Handbag","Accessories",0.3375,"Ohio",4,"Indigo","Summer",0.28,0,"Next Day Air",0,0,0.775510204081633,"PayPal","Monthly","Senior",1,0,0,0,0,0,1,0,0,0,0,1,0,0,0,0,0,0,1,0,0,0,0,0,1,0,0
2660,0.326923076923077,0,"Boots","Footwear",0.1875,"Kansas",3,"Gray","Summer",0.76,0,"2-Day Shipping",0,0,0.918367346938776,"Credit Card","Fortnightly","Adult",0,0,1,0,0,0,1,0,1,0,0,0,0,0,0,0,1,0,0,0,0,0,0,1,0,0,0
2661,0.115384615384615,0,"Pants","Clothing",0.8125,"South Carolina",3,"Yellow","Spring",0.96,0,"Express",0,0,0.877551020408163,"Venmo","Annually","Young Adult",0,1,0,0,0,1,0,0,0,1,0,0,0,0,0,0,0,0,0,1,1,0,0,0,0,0,0
2662,0.480769230769231,0,"Boots","Footwear",0.95,"Michigan",4,"Olive","Fall",0.92,0,"Express",0,0,0.387755102040816,"Bank Transfer","Annually","Middle Age",0,0,1,0,1,0,0,0,0,1,0,0,0,0,1,0,0,0,0,0,1,0,0,0,0,0,0
2663,0.134615384615385,0,"Skirt","Clothing",0.975,"Nebraska",2,"Cyan","Summer",0.12,0,"2-Day Shipping",0,0,0.877551020408163,"PayPal","Fortnightly","Young Adult",0,1,0,0,0,0,1,0,1,0,0,0,0,0,0,0,0,0,1,0,0,0,0,1,0,0,0
2664,0.538461538461538,0,"Sneakers","Footwear",0.4,"Wisconsin",3,"Silver","Fall",0.16,0,"Free Shipping",0,0,0.448979591836735,"Bank Transfer","Annually","Middle Age",0,0,1,0,1,0,0,0,0,0,1,0,0,0,1,0,0,0,0,0,1,0,0,0,0,0,0
2665,0.0769230769230769,0,"Jewelry","Accessories",0.8,"Illinois",3,"Silver","Winter",0.28,0,"Store Pickup",0,0,0.73469387755102,"PayPal","Weekly","Young Adult",1,0,0,0,0,0,0,1,0,0,0,0,0,1,0,0,0,0,1,0,0,0,0,0,0,0,1
2666,1,0,"T-shirt","Clothing",0.6375,"Louisiana",3,"Red","Winter",0.4,0,"Store Pickup",0,0,0.0612244897959184,"Venmo","Weekly","Senior",0,1,0,0,0,0,0,1,0,0,0,0,0,1,0,0,0,0,0,1,0,0,0,0,0,0,1
2667,0.596153846153846,0,"Sandals","Footwear",0.9375,"Ohio",1,"Brown","Winter",0.64,0,"Store Pickup",0,0,0.26530612244898,"Venmo","Fortnightly","Middle Age",0,0,1,0,0,0,0,1,0,0,0,0,0,1,0,0,0,0,0,1,0,0,0,1,0,0,0
2668,0.576923076923077,0,"Boots","Footwear",0.3375,"Maryland",2,"Orange","Summer",0.64,0,"Free Shipping",0,0,0.612244897959184,"Cash","Fortnightly","Middle Age",0,0,1,0,0,0,1,0,0,0,1,0,0,0,0,1,0,0,0,0,0,0,0,1,0,0,0
2669,0.788461538461538,0,"Coat","Outerwear",0.6875,"Texas",2,"Black","Summer",0.92,0,"Next Day Air",0,0,0.163265306122449,"PayPal","Quarterly","Senior",0,0,0,1,0,0,1,0,0,0,0,1,0,0,0,0,0,0,1,0,0,0,0,0,0,1,0
2670,0.403846153846154,0,"Belt","Accessories",0.1,"Illinois",3,"Teal","Spring",0.12,0,"Free Shipping",0,0,0.612244897959184,"Credit Card","Weekly","Middle Age",1,0,0,0,0,1,0,0,0,0,1,0,0,0,0,0,1,0,0,0,0,0,0,0,0,0,1
2671,0.230769230769231,0,"Sunglasses","Accessories",0.3,"Pennsylvania",2,"Yellow","Fall",0.88,0,"Express",0,0,0.510204081632653,"Bank Transfer","Bi-Weekly","Adult",1,0,0,0,1,0,0,0,0,1,0,0,0,0,1,0,0,0,0,0,0,1,0,0,0,0,0
2672,0.365384615384615,0,"Sandals","Footwear",0.55,"Alabama",4,"Gray","Winter",0.92,0,"2-Day Shipping",0,0,0.816326530612245,"PayPal","Every 3 Months","Middle Age",0,0,1,0,0,0,0,1,1,0,0,0,0,0,0,0,0,0,1,0,0,0,1,0,0,0,0
2673,0.730769230769231,0,"Boots","Footwear",0.1,"West Virginia",2,"Maroon","Spring",0.16,0,"Standard",0,0,0.244897959183673,"Cash","Annually","Senior",0,0,1,0,0,1,0,0,0,0,0,0,1,0,0,1,0,0,0,0,1,0,0,0,0,0,0
2674,0.942307692307692,0,"Hoodie","Clothing",0.0125,"Nevada",2,"Olive","Summer",0.04,0,"2-Day Shipping",0,0,0.0612244897959184,"Cash","Monthly","Senior",0,1,0,0,0,0,1,0,1,0,0,0,0,0,0,1,0,0,0,0,0,0,0,0,1,0,0
2675,0.423076923076923,0,"Hat","Accessories",0.2625,"Florida",1,"Charcoal","Fall",0.32,0,"Express",0,0,0.285714285714286,"Cash","Every 3 Months","Middle Age",1,0,0,0,1,0,0,0,0,1,0,0,0,0,0,1,0,0,0,0,0,0,1,0,0,0,0
2676,0.115384615384615,0,"Shorts","Clothing",0.225,"Virginia",2,"Peach","Winter",0.36,0,"Free Shipping",0,0,0.755102040816326,"Cash","Bi-Weekly","Young Adult",0,1,0,0,0,0,0,1,0,0,1,0,0,0,0,1,0,0,0,0,0,1,0,0,0,0,0
2677,0.480769230769231,0,"Backpack","Accessories",0.7125,"Kentucky",2,"Maroon","Spring",0.44,0,"Free Shipping",0,0,0.0408163265306122,"Cash","Fortnightly","Middle Age",1,0,0,0,0,1,0,0,0,0,1,0,0,0,0,1,0,0,0,0,0,0,0,1,0,0,0
2678,0.519230769230769,0,"Shorts","Clothing",0.2875,"Connecticut",3,"Olive","Spring",0.52,0,"Next Day Air",0,0,0.102040816326531,"PayPal","Every 3 Months","Middle Age",0,1,0,0,0,1,0,0,0,0,0,1,0,0,0,0,0,0,1,0,0,0,1,0,0,0,0
2679,0.288461538461538,0,"Belt","Accessories",0.8875,"Montana",2,"Magenta","Spring",0.36,0,"2-Day Shipping",0,0,0.673469387755102,"Credit Card","Bi-Weekly","Adult",1,0,0,0,0,1,0,0,1,0,0,0,0,0,0,0,1,0,0,0,0,1,0,0,0,0,0
2680,0.673076923076923,0,"Shorts","Clothing",0.6,"Montana",1,"Yellow","Spring",0.52,0,"Express",0,0,0.122448979591837,"Debit Card","Quarterly","Senior",0,1,0,0,0,1,0,0,0,1,0,0,0,0,0,0,0,1,0,0,0,0,0,0,0,1,0
2681,0.5,0,"Socks","Clothing",0.2125,"Nebraska",3,"Indigo","Fall",0.32,0,"Next Day Air",0,0,0.408163265306122,"Venmo","Annually","Middle Age",0,1,0,0,1,0,0,0,0,0,0,1,0,0,0,0,0,0,0,1,1,0,0,0,0,0,0
2682,0.0961538461538462,0,"Shoes","Footwear",0.0375,"Massachusetts",3,"Olive","Summer",0.92,0,"Standard",0,0,0.326530612244898,"Debit Card","Monthly","Young Adult",0,0,1,0,0,0,1,0,0,0,0,0,1,0,0,0,0,1,0,0,0,0,0,0,1,0,0
2683,0.788461538461538,0,"Sneakers","Footwear",0.5625,"North Carolina",3,"Maroon","Winter",0.56,0,"2-Day Shipping",0,0,0.0816326530612245,"Venmo","Every 3 Months","Senior",0,0,1,0,0,0,0,1,1,0,0,0,0,0,0,0,0,0,0,1,0,0,1,0,0,0,0
2684,0.961538461538462,0,"Backpack","Accessories",0.125,"Montana",2,"Indigo","Summer",0.68,0,"Next Day Air",0,0,0.408163265306122,"Cash","Fortnightly","Senior",1,0,0,0,0,0,1,0,0,0,0,1,0,0,0,1,0,0,0,0,0,0,0,1,0,0,0
2685,0.538461538461538,0,"Dress","Clothing",0.3125,"Washington",2,"Gray","Summer",0.88,0,"Free Shipping",0,0,0.836734693877551,"Credit Card","Bi-Weekly","Middle Age",0,1,0,0,0,0,1,0,0,0,1,0,0,0,0,0,1,0,0,0,0,1,0,0,0,0,0
2686,0.730769230769231,0,"Boots","Footwear",0.0625,"Virginia",2,"Gray","Winter",0.0800000000000001,0,"Express",0,0,0.979591836734694,"Credit Card","Quarterly","Senior",0,0,1,0,0,0,0,1,0,1,0,0,0,0,0,0,1,0,0,0,0,0,0,0,0,1,0
2687,0.423076923076923,0,"Socks","Clothing",0.65,"Georgia",2,"Black","Winter",0.52,0,"2-Day Shipping",0,0,0.653061224489796,"Cash","Fortnightly","Middle Age",0,1,0,0,0,0,0,1,1,0,0,0,0,0,0,1,0,0,0,0,0,0,0,1,0,0,0
2688,0.826923076923077,0,"Dress","Clothing",0.6875,"Delaware",2,"White","Fall",0.44,0,"2-Day Shipping",0,0,0.224489795918367,"Debit Card","Bi-Weekly","Senior",0,1,0,0,1,0,0,0,1,0,0,0,0,0,0,0,0,1,0,0,0,1,0,0,0,0,0
2689,0.673076923076923,0,"Handbag","Accessories",0.5375,"West Virginia",4,"Turquoise","Spring",0.16,0,"2-Day Shipping",0,0,0.346938775510204,"Credit Card","Every 3 Months","Senior",1,0,0,0,0,1,0,0,1,0,0,0,0,0,0,0,1,0,0,0,0,0,1,0,0,0,0
2690,0.211538461538462,0,"Blouse","Clothing",0.1875,"Wyoming",2,"Orange","Fall",0.56,0,"Standard",0,0,0.938775510204082,"PayPal","Quarterly","Adult",0,1,0,0,1,0,0,0,0,0,0,0,1,0,0,0,0,0,1,0,0,0,0,0,0,1,0
2691,0.5,0,"Belt","Accessories",0.15,"New Mexico",3,"Yellow","Summer",0.88,0,"Free Shipping",0,0,0.346938775510204,"Bank Transfer","Weekly","Middle Age",1,0,0,0,0,0,1,0,0,0,1,0,0,0,1,0,0,0,0,0,0,0,0,0,0,0,1
2692,0.480769230769231,0,"Pants","Clothing",0.0625,"Nebraska",3,"Blue","Winter",0.32,0,"2-Day Shipping",0,0,0.959183673469388,"Cash","Monthly","Middle Age",0,1,0,0,0,0,0,1,1,0,0,0,0,0,0,1,0,0,0,0,0,0,0,0,1,0,0
2693,0.423076923076923,0,"Sneakers","Footwear",0.875,"Washington",4,"Violet","Spring",0.68,0,"Free Shipping",0,0,0.346938775510204,"Debit Card","Every 3 Months","Middle Age",0,0,1,0,0,1,0,0,0,0,1,0,0,0,0,0,0,1,0,0,0,0,1,0,0,0,0
2694,0.711538461538462,0,"Boots","Footwear",0.625,"Hawaii",3,"Lavender","Summer",0.04,0,"Standard",0,0,0.918367346938776,"Cash","Quarterly","Senior",0,0,1,0,0,0,1,0,0,0,0,0,1,0,0,1,0,0,0,0,0,0,0,0,0,1,0
2695,0.923076923076923,0,"Sunglasses","Accessories",0.0875,"Louisiana",2,"Olive","Spring",0.96,0,"Express",0,0,0.673469387755102,"Credit Card","Every 3 Months","Senior",1,0,0,0,0,1,0,0,0,1,0,0,0,0,0,0,1,0,0,0,0,0,1,0,0,0,0
2696,0.615384615384615,0,"Hat","Accessories",0.9,"Tennessee",2,"Orange","Fall",0.44,0,"Standard",0,0,0.183673469387755,"PayPal","Bi-Weekly","Middle Age",1,0,0,0,1,0,0,0,0,0,0,0,1,0,0,0,0,0,1,0,0,1,0,0,0,0,0
2697,0.75,0,"Coat","Outerwear",0,"South Dakota",2,"White","Spring",0.88,0,"Free Shipping",0,0,0.224489795918367,"Debit Card","Monthly","Senior",0,0,0,1,0,1,0,0,0,0,1,0,0,0,0,0,0,1,0,0,0,0,0,0,1,0,0
2698,0.461538461538462,0,"Jacket","Outerwear",0.4,"Delaware",3,"Red","Winter",0.28,0,"Standard",0,0,0.714285714285714,"Bank Transfer","Quarterly","Middle Age",0,0,0,1,0,0,0,1,0,0,0,0,1,0,1,0,0,0,0,0,0,0,0,0,0,1,0
2699,0.711538461538462,0,"Hoodie","Clothing",0.4625,"Virginia",2,"Magenta","Summer",0.44,0,"Store Pickup",0,0,0.673469387755102,"Venmo","Quarterly","Senior",0,1,0,0,0,0,1,0,0,0,0,0,0,1,0,0,0,0,0,1,0,0,0,0,0,1,0
2700,0.134615384615385,0,"Boots","Footwear",0.95,"Utah",2,"Violet","Fall",0.44,0,"2-Day Shipping",0,0,0.979591836734694,"Debit Card","Annually","Young Adult",0,0,1,0,1,0,0,0,1,0,0,0,0,0,0,0,0,1,0,0,1,0,0,0,0,0,0
2701,0.0769230769230769,0,"T-shirt","Clothing",0.6,"California",4,"Olive","Winter",0.28,0,"Standard",0,0,0.714285714285714,"Cash","Weekly","Young Adult",0,1,0,0,0,0,0,1,0,0,0,0,1,0,0,1,0,0,0,0,0,0,0,0,0,0,1
2702,0.596153846153846,0,"Sweater","Clothing",0.125,"Idaho",3,"Silver","Summer",0.12,0,"Store Pickup",0,0,0.346938775510204,"Bank Transfer","Fortnightly","Middle Age",0,1,0,0,0,0,1,0,0,0,0,0,0,1,1,0,0,0,0,0,0,0,0,1,0,0,0
2703,1,0,"Shoes","Footwear",0.2125,"Texas",3,"Gray","Fall",0.6,0,"Next Day Air",0,0,0.775510204081633,"Debit Card","Fortnightly","Senior",0,0,1,0,1,0,0,0,0,0,0,1,0,0,0,0,0,1,0,0,0,0,0,1,0,0,0
2704,0.730769230769231,0,"Scarf","Accessories",0.275,"Tennessee",4,"Olive","Winter",0.76,0,"Free Shipping",0,0,0.673469387755102,"PayPal","Weekly","Senior",1,0,0,0,0,0,0,1,0,0,1,0,0,0,0,0,0,0,1,0,0,0,0,0,0,0,1
2705,0.653846153846154,0,"Dress","Clothing",0.425,"Tennessee",3,"Beige","Spring",0.36,0,"Next Day Air",0,0,0.693877551020408,"Debit Card","Weekly","Senior",0,1,0,0,0,1,0,0,0,0,0,1,0,0,0,0,0,1,0,0,0,0,0,0,0,0,1
2706,0.903846153846154,0,"Jacket","Outerwear",0.7625,"Washington",1,"Turquoise","Spring",1,0,"Store Pickup",0,0,0,"Credit Card","Bi-Weekly","Senior",0,0,0,1,0,1,0,0,0,0,0,0,0,1,0,0,1,0,0,0,0,1,0,0,0,0,0
2707,0.115384615384615,0,"Shoes","Footwear",0.25,"Alabama",1,"Blue","Spring",0.24,0,"Express",0,0,0.959183673469388,"Debit Card","Quarterly","Young Adult",0,0,1,0,0,1,0,0,0,1,0,0,0,0,0,0,0,1,0,0,0,0,0,0,0,1,0
2708,0.269230769230769,0,"Backpack","Accessories",0.85,"Nebraska",2,"Pink","Fall",0.68,0,"Standard",0,0,0.36734693877551,"Cash","Weekly","Adult",1,0,0,0,1,0,0,0,0,0,0,0,1,0,0,1,0,0,0,0,0,0,0,0,0,0,1
2709,0.75,0,"Dress","Clothing",0.925,"Alabama",2,"Teal","Summer",0.32,0,"Store Pickup",0,0,0.877551020408163,"Debit Card","Weekly","Senior",0,1,0,0,0,0,1,0,0,0,0,0,0,1,0,0,0,1,0,0,0,0,0,0,0,0,1
2710,0.326923076923077,0,"Shirt","Clothing",0.425,"Illinois",1,"Cyan","Winter",0.16,0,"Standard",0,0,0.163265306122449,"Credit Card","Bi-Weekly","Adult",0,1,0,0,0,0,0,1,0,0,0,0,1,0,0,0,1,0,0,0,0,1,0,0,0,0,0
2711,0.980769230769231,0,"Jacket","Outerwear",0.3875,"Wisconsin",3,"Purple","Summer",0.88,0,"Standard",0,0,0.0408163265306122,"Bank Transfer","Fortnightly","Senior",0,0,0,1,0,0,1,0,0,0,0,0,1,0,1,0,0,0,0,0,0,0,0,1,0,0,0
2712,0.230769230769231,0,"Sunglasses","Accessories",0.025,"Nebraska",3,"Red","Spring",0.6,0,"Standard",0,0,1,"Venmo","Monthly","Adult",1,0,0,0,0,1,0,0,0,0,0,0,1,0,0,0,0,0,0,1,0,0,0,0,1,0,0
2713,0.365384615384615,0,"Jacket","Outerwear",0.9375,"North Dakota",3,"Brown","Fall",0.84,0,"Standard",0,0,0.122448979591837,"Debit Card","Quarterly","Middle Age",0,0,0,1,1,0,0,0,0,0,0,0,1,0,0,0,0,1,0,0,0,0,0,0,0,1,0
2714,0.0192307692307692,0,"Coat","Outerwear",0.4625,"Mississippi",2,"Magenta","Fall",0.52,0,"2-Day Shipping",0,0,0.387755102040816,"Debit Card","Annually","Young Adult",0,0,0,1,1,0,0,0,1,0,0,0,0,0,0,0,0,1,0,0,1,0,0,0,0,0,0
2715,0.673076923076923,0,"Sweater","Clothing",0.3125,"Iowa",1,"Olive","Winter",0.44,0,"Store Pickup",0,0,0.306122448979592,"Credit Card","Bi-Weekly","Senior",0,1,0,0,0,0,0,1,0,0,0,0,0,1,0,0,1,0,0,0,0,1,0,0,0,0,0
2716,0.134615384615385,0,"Sneakers","Footwear",0.9,"Mississippi",4,"Pink","Winter",0.64,0,"Express",0,0,0.571428571428571,"PayPal","Fortnightly","Young Adult",0,0,1,0,0,0,0,1,0,1,0,0,0,0,0,0,0,0,1,0,0,0,0,1,0,0,0
2717,0.557692307692308,0,"Shoes","Footwear",0.25,"Colorado",3,"Black","Spring",0.0800000000000001,0,"Store Pickup",0,0,0.408163265306122,"Debit Card","Weekly","Middle Age",0,0,1,0,0,1,0,0,0,0,0,0,0,1,0,0,0,1,0,0,0,0,0,0,0,0,1
2718,0,0,"Sunglasses","Accessories",0.525,"Nebraska",4,"Beige","Winter",0.72,0,"Free Shipping",0,0,0.36734693877551,"Credit Card","Every 3 Months","Young Adult",1,0,0,0,0,0,0,1,0,0,1,0,0,0,0,0,1,0,0,0,0,0,1,0,0,0,0
2719,0.0769230769230769,0,"Shorts","Clothing",0.875,"Virginia",2,"Peach","Winter",0.96,0,"Next Day Air",0,0,0.183673469387755,"Venmo","Bi-Weekly","Young Adult",0,1,0,0,0,0,0,1,0,0,0,1,0,0,0,0,0,0,0,1,0,1,0,0,0,0,0
2720,0.980769230769231,0,"Hoodie","Clothing",0.775,"Louisiana",1,"Peach","Fall",0.68,0,"Free Shipping",0,0,0.0612244897959184,"Bank Transfer","Monthly","Senior",0,1,0,0,1,0,0,0,0,0,1,0,0,0,1,0,0,0,0,0,0,0,0,0,1,0,0
2721,0.711538461538462,0,"Scarf","Accessories",0.4,"Maryland",2,"Peach","Spring",0.12,0,"Store Pickup",0,0,0.897959183673469,"Bank Transfer","Quarterly","Senior",1,0,0,0,0,1,0,0,0,0,0,0,0,1,1,0,0,0,0,0,0,0,0,0,0,1,0
2722,0.0192307692307692,0,"Sandals","Footwear",0.625,"Minnesota",1,"Teal","Spring",0.96,0,"Free Shipping",0,0,0.326530612244898,"PayPal","Fortnightly","Young Adult",0,0,1,0,0,1,0,0,0,0,1,0,0,0,0,0,0,0,1,0,0,0,0,1,0,0,0
2723,0.0961538461538462,0,"Hat","Accessories",0.7875,"Maine",2,"Green","Spring",0.12,0,"2-Day Shipping",0,0,0.428571428571429,"PayPal","Fortnightly","Young Adult",1,0,0,0,0,1,0,0,1,0,0,0,0,0,0,0,0,0,1,0,0,0,0,1,0,0,0
2724,0.692307692307692,0,"Shoes","Footwear",0.3625,"Texas",4,"Brown","Summer",0.16,0,"Store Pickup",0,0,0.0408163265306122,"PayPal","Every 3 Months","Senior",0,0,1,0,0,0,1,0,0,0,0,0,0,1,0,0,0,0,1,0,0,0,1,0,0,0,0
2725,0.653846153846154,0,"Sneakers","Footwear",0.8875,"Missouri",2,"Brown","Spring",0,0,"Next Day Air",0,0,0.204081632653061,"Debit Card","Fortnightly","Senior",0,0,1,0,0,1,0,0,0,0,0,1,0,0,0,0,0,1,0,0,0,0,0,1,0,0,0
2726,0.884615384615385,0,"Backpack","Accessories",0.9875,"Mississippi",1,"Violet","Summer",0.0800000000000001,0,"Free Shipping",0,0,0.0612244897959184,"Debit Card","Annually","Senior",1,0,0,0,0,0,1,0,0,0,1,0,0,0,0,0,0,1,0,0,1,0,0,0,0,0,0
2727,0.288461538461538,0,"Belt","Accessories",0.9,"Michigan",3,"Blue","Winter",0.32,0,"Free Shipping",0,0,0.204081632653061,"PayPal","Bi-Weekly","Adult",1,0,0,0,0,0,0,1,0,0,1,0,0,0,0,0,0,0,1,0,0,1,0,0,0,0,0
2728,0.423076923076923,0,"Shirt","Clothing",0.8375,"Colorado",3,"Charcoal","Winter",0.48,0,"2-Day Shipping",0,0,0.938775510204082,"Credit Card","Fortnightly","Middle Age",0,1,0,0,0,0,0,1,1,0,0,0,0,0,0,0,1,0,0,0,0,0,0,1,0,0,0
2729,0.153846153846154,0,"Skirt","Clothing",0.1,"Florida",2,"Pink","Winter",0.6,0,"Express",0,0,0.326530612244898,"Debit Card","Weekly","Adult",0,1,0,0,0,0,0,1,0,1,0,0,0,0,0,0,0,1,0,0,0,0,0,0,0,0,1
2730,0.25,0,"Gloves","Accessories",0.6375,"Montana",1,"Violet","Summer",0.64,0,"Free Shipping",0,0,0.63265306122449,"Credit Card","Monthly","Adult",1,0,0,0,0,0,1,0,0,0,1,0,0,0,0,0,1,0,0,0,0,0,0,0,1,0,0
2731,0.0961538461538462,0,"Gloves","Accessories",0.15,"Wisconsin",2,"Teal","Winter",0.64,0,"Store Pickup",0,0,0.73469387755102,"Bank Transfer","Annually","Young Adult",1,0,0,0,0,0,0,1,0,0,0,0,0,1,1,0,0,0,0,0,1,0,0,0,0,0,0
2732,0.653846153846154,0,"Handbag","Accessories",0.1625,"Wisconsin",2,"Red","Summer",0,0,"2-Day Shipping",0,0,0.877551020408163,"Bank Transfer","Quarterly","Senior",1,0,0,0,0,0,1,0,1,0,0,0,0,0,1,0,0,0,0,0,0,0,0,0,0,1,0
2733,0.0576923076923077,0,"Socks","Clothing",0.6875,"Delaware",3,"Orange","Winter",0.68,0,"Store Pickup",0,0,0.530612244897959,"Debit Card","Every 3 Months","Young Adult",0,1,0,0,0,0,0,1,0,0,0,0,0,1,0,0,0,1,0,0,0,0,1,0,0,0,0
2734,0.25,0,"Backpack","Accessories",0.7875,"North Carolina",2,"Magenta","Summer",0.88,0,"Express",0,0,0.918367346938776,"PayPal","Annually","Adult",1,0,0,0,0,0,1,0,0,1,0,0,0,0,0,0,0,0,1,0,1,0,0,0,0,0,0
2735,0.865384615384615,0,"Jeans","Clothing",0.9125,"New York",4,"Yellow","Summer",0.0800000000000001,0,"2-Day Shipping",0,0,0.244897959183673,"Cash","Bi-Weekly","Senior",0,1,0,0,0,0,1,0,1,0,0,0,0,0,0,1,0,0,0,0,0,1,0,0,0,0,0
2736,0.538461538461538,0,"Skirt","Clothing",0.1125,"California",2,"Yellow","Spring",0.2,0,"Express",0,0,0.0204081632653061,"PayPal","Bi-Weekly","Middle Age",0,1,0,0,0,1,0,0,0,1,0,0,0,0,0,0,0,0,1,0,0,1,0,0,0,0,0
2737,0.5,0,"Hoodie","Clothing",0.0625,"Montana",2,"Pink","Spring",0.92,0,"Store Pickup",0,0,0.897959183673469,"Credit Card","Annually","Middle Age",0,1,0,0,0,1,0,0,0,0,0,0,0,1,0,0,1,0,0,0,1,0,0,0,0,0,0
2738,0.75,0,"Jewelry","Accessories",0.7,"North Carolina",1,"Indigo","Spring",0.76,0,"Free Shipping",0,0,0.693877551020408,"Cash","Every 3 Months","Senior",1,0,0,0,0,1,0,0,0,0,1,0,0,0,0,1,0,0,0,0,0,0,1,0,0,0,0
2739,0.615384615384615,0,"Sneakers","Footwear",0.7625,"Ohio",2,"Charcoal","Summer",0.72,0,"2-Day Shipping",0,0,0.775510204081633,"Venmo","Every 3 Months","Middle Age",0,0,1,0,0,0,1,0,1,0,0,0,0,0,0,0,0,0,0,1,0,0,1,0,0,0,0
2740,0.288461538461538,0,"Shirt","Clothing",0.75,"Alaska",4,"Blue","Winter",0,0,"Store Pickup",0,0,0.775510204081633,"Credit Card","Every 3 Months","Adult",0,1,0,0,0,0,0,1,0,0,0,0,0,1,0,0,1,0,0,0,0,0,1,0,0,0,0
2741,0.0192307692307692,0,"Sunglasses","Accessories",0.625,"Pennsylvania",2,"Lavender","Summer",0.96,0,"Free Shipping",0,0,0.673469387755102,"Bank Transfer","Fortnightly","Young Adult",1,0,0,0,0,0,1,0,0,0,1,0,0,0,1,0,0,0,0,0,0,0,0,1,0,0,0
2742,0.961538461538462,0,"Dress","Clothing",0.7625,"Maine",3,"Yellow","Fall",0.96,0,"2-Day Shipping",0,0,0.816326530612245,"Venmo","Monthly","Senior",0,1,0,0,1,0,0,0,1,0,0,0,0,0,0,0,0,0,0,1,0,0,0,0,1,0,0
2743,0.173076923076923,0,"Shoes","Footwear",0.825,"Texas",2,"Black","Spring",0.56,0,"Free Shipping",0,0,0.938775510204082,"Debit Card","Annually","Adult",0,0,1,0,0,1,0,0,0,0,1,0,0,0,0,0,0,1,0,0,1,0,0,0,0,0,0
2744,0.826923076923077,0,"Belt","Accessories",0.925,"New Jersey",1,"Beige","Fall",0.64,0,"2-Day Shipping",0,0,0.326530612244898,"Venmo","Quarterly","Senior",1,0,0,0,1,0,0,0,1,0,0,0,0,0,0,0,0,0,0,1,0,0,0,0,0,1,0
2745,0.384615384615385,0,"Shirt","Clothing",0.575,"Wyoming",2,"Silver","Winter",0.32,0,"Store Pickup",0,0,0.795918367346939,"Credit Card","Monthly","Middle Age",0,1,0,0,0,0,0,1,0,0,0,0,0,1,0,0,1,0,0,0,0,0,0,0,1,0,0
2746,0.192307692307692,0,"Boots","Footwear",0.975,"Michigan",2,"Magenta","Summer",0.64,0,"Standard",0,0,0.877551020408163,"PayPal","Bi-Weekly","Adult",0,0,1,0,0,0,1,0,0,0,0,0,1,0,0,0,0,0,1,0,0,1,0,0,0,0,0
2747,0.403846153846154,0,"Hoodie","Clothing",0.0625,"Ohio",2,"Orange","Fall",0.48,0,"Standard",0,0,0.408163265306122,"PayPal","Every 3 Months","Middle Age",0,1,0,0,1,0,0,0,0,0,0,0,1,0,0,0,0,0,1,0,0,0,1,0,0,0,0
2748,0,0,"Jeans","Clothing",0.525,"West Virginia",2,"Teal","Winter",0.24,0,"Free Shipping",0,0,0.408163265306122,"Credit Card","Every 3 Months","Young Adult",0,1,0,0,0,0,0,1,0,0,1,0,0,0,0,0,1,0,0,0,0,0,1,0,0,0,0
2749,0.115384615384615,0,"Jacket","Outerwear",0.975,"Virginia",3,"Turquoise","Spring",0.2,0,"Free Shipping",0,0,0.306122448979592,"Venmo","Annually","Young Adult",0,0,0,1,0,1,0,0,0,0,1,0,0,0,0,0,0,0,0,1,1,0,0,0,0,0,0
2750,0.884615384615385,0,"Jacket","Outerwear",0.4125,"Vermont",2,"Cyan","Spring",0.36,0,"Standard",0,0,0.285714285714286,"Bank Transfer","Annually","Senior",0,0,0,1,0,1,0,0,0,0,0,0,1,0,1,0,0,0,0,0,1,0,0,0,0,0,0
2751,0.634615384615385,0,"Sandals","Footwear",0.575,"Alaska",3,"Pink","Spring",0.0800000000000001,0,"2-Day Shipping",0,0,0.510204081632653,"PayPal","Every 3 Months","Senior",0,0,1,0,0,1,0,0,1,0,0,0,0,0,0,0,0,0,1,0,0,0,1,0,0,0,0
2752,0.173076923076923,0,"Dress","Clothing",0.4,"Minnesota",1,"Indigo","Fall",0.24,0,"Free Shipping",0,0,1,"Venmo","Monthly","Adult",0,1,0,0,1,0,0,0,0,0,1,0,0,0,0,0,0,0,0,1,0,0,0,0,1,0,0
2753,0.576923076923077,0,"Sweater","Clothing",0.55,"Colorado",1,"Peach","Winter",0.6,0,"Free Shipping",0,0,0.591836734693878,"Venmo","Bi-Weekly","Middle Age",0,1,0,0,0,0,0,1,0,0,1,0,0,0,0,0,0,0,0,1,0,1,0,0,0,0,0
2754,0.980769230769231,0,"Gloves","Accessories",0.4875,"Rhode Island",2,"Beige","Spring",0.44,0,"Next Day Air",0,0,0.959183673469388,"PayPal","Quarterly","Senior",1,0,0,0,0,1,0,0,0,0,0,1,0,0,0,0,0,0,1,0,0,0,0,0,0,1,0
2755,0.788461538461538,0,"Sunglasses","Accessories",0.5125,"New Jersey",3,"Gold","Summer",0.44,0,"Free Shipping",0,0,0.408163265306122,"Venmo","Bi-Weekly","Senior",1,0,0,0,0,0,1,0,0,0,1,0,0,0,0,0,0,0,0,1,0,1,0,0,0,0,0
2756,0.788461538461538,0,"Belt","Accessories",0.9625,"Nevada",2,"Indigo","Winter",0.32,0,"Store Pickup",0,0,0.346938775510204,"Credit Card","Annually","Senior",1,0,0,0,0,0,0,1,0,0,0,0,0,1,0,0,1,0,0,0,1,0,0,0,0,0,0
2757,0.461538461538462,0,"Hat","Accessories",0.0375,"Minnesota",3,"Violet","Winter",0.64,0,"Free Shipping",0,0,0.816326530612245,"PayPal","Monthly","Middle Age",1,0,0,0,0,0,0,1,0,0,1,0,0,0,0,0,0,0,1,0,0,0,0,0,1,0,0
2758,0.403846153846154,0,"Hat","Accessories",0.975,"Delaware",4,"Brown","Fall",0.72,0,"Next Day Air",0,0,0.204081632653061,"Venmo","Monthly","Middle Age",1,0,0,0,1,0,0,0,0,0,0,1,0,0,0,0,0,0,0,1,0,0,0,0,1,0,0
2759,0.269230769230769,0,"Blouse","Clothing",0.975,"Illinois",2,"Purple","Summer",0.28,0,"Standard",0,0,0.142857142857143,"Bank Transfer","Bi-Weekly","Adult",0,1,0,0,0,0,1,0,0,0,0,0,1,0,1,0,0,0,0,0,0,1,0,0,0,0,0
2760,0.961538461538462,0,"Shoes","Footwear",0.4875,"Washington",2,"Turquoise","Summer",0.56,0,"Free Shipping",0,0,0.836734693877551,"Cash","Every 3 Months","Senior",0,0,1,0,0,0,1,0,0,0,1,0,0,0,0,1,0,0,0,0,0,0,1,0,0,0,0
2761,0.442307692307692,0,"Skirt","Clothing",0.775,"Alaska",1,"Violet","Fall",1,0,"Next Day Air",0,0,0.816326530612245,"Credit Card","Bi-Weekly","Middle Age",0,1,0,0,1,0,0,0,0,0,0,1,0,0,0,0,1,0,0,0,0,1,0,0,0,0,0
2762,0.25,0,"Sneakers","Footwear",0.775,"Michigan",2,"Purple","Fall",0.36,0,"Next Day Air",0,0,0.0408163265306122,"Credit Card","Every 3 Months","Adult",0,0,1,0,1,0,0,0,0,0,0,1,0,0,0,0,1,0,0,0,0,0,1,0,0,0,0
2763,0.769230769230769,0,"T-shirt","Clothing",0.2625,"Georgia",2,"Charcoal","Fall",0.52,0,"Store Pickup",0,0,0.183673469387755,"Debit Card","Every 3 Months","Senior",0,1,0,0,1,0,0,0,0,0,0,0,0,1,0,0,0,1,0,0,0,0,1,0,0,0,0
2764,0.192307692307692,0,"Handbag","Accessories",0.4,"West Virginia",2,"Green","Fall",0.16,0,"2-Day Shipping",0,0,0.693877551020408,"Venmo","Quarterly","Adult",1,0,0,0,1,0,0,0,1,0,0,0,0,0,0,0,0,0,0,1,0,0,0,0,0,1,0
2765,0.865384615384615,0,"Sweater","Clothing",0.2625,"Arizona",4,"White","Spring",0.04,0,"Next Day Air",0,0,0.0204081632653061,"Debit Card","Weekly","Senior",0,1,0,0,0,1,0,0,0,0,0,1,0,0,0,0,0,1,0,0,0,0,0,0,0,0,1
2766,0.884615384615385,0,"Gloves","Accessories",0.625,"Colorado",2,"Purple","Summer",0.72,0,"2-Day Shipping",0,0,0.469387755102041,"Credit Card","Quarterly","Senior",1,0,0,0,0,0,1,0,1,0,0,0,0,0,0,0,1,0,0,0,0,0,0,0,0,1,0
2767,0.923076923076923,0,"Dress","Clothing",0.8875,"Tennessee",2,"Cyan","Winter",0.12,0,"Standard",0,0,0.938775510204082,"Credit Card","Monthly","Senior",0,1,0,0,0,0,0,1,0,0,0,0,1,0,0,0,1,0,0,0,0,0,0,0,1,0,0
2768,0.25,0,"Dress","Clothing",0.9375,"Iowa",2,"Green","Spring",0.8,0,"Free Shipping",0,0,0.612244897959184,"Cash","Monthly","Adult",0,1,0,0,0,1,0,0,0,0,1,0,0,0,0,1,0,0,0,0,0,0,0,0,1,0,0
2769,0.711538461538462,0,"Blouse","Clothing",0.0625,"Kansas",2,"Beige","Spring",0.52,0,"2-Day Shipping",0,0,0.551020408163265,"PayPal","Bi-Weekly","Senior",0,1,0,0,0,1,0,0,1,0,0,0,0,0,0,0,0,0,1,0,0,1,0,0,0,0,0
2770,0.269230769230769,0,"Shirt","Clothing",0.8625,"Oklahoma",3,"Lavender","Fall",0.2,0,"Standard",0,0,0.244897959183673,"Cash","Weekly","Adult",0,1,0,0,1,0,0,0,0,0,0,0,1,0,0,1,0,0,0,0,0,0,0,0,0,0,1
2771,0.615384615384615,0,"Boots","Footwear",0.3,"Nebraska",1,"Blue","Fall",0.32,0,"Express",0,0,0.428571428571429,"Bank Transfer","Quarterly","Middle Age",0,0,1,0,1,0,0,0,0,1,0,0,0,0,1,0,0,0,0,0,0,0,0,0,0,1,0
2772,0.769230769230769,0,"Jacket","Outerwear",0.4,"Maryland",1,"Beige","Summer",0.24,0,"2-Day Shipping",0,0,0.224489795918367,"Bank Transfer","Fortnightly","Senior",0,0,0,1,0,0,1,0,1,0,0,0,0,0,1,0,0,0,0,0,0,0,0,1,0,0,0
2773,0,0,"Backpack","Accessories",0.925,"Pennsylvania",3,"Blue","Spring",0.4,0,"Store Pickup",0,0,0.183673469387755,"Bank Transfer","Every 3 Months","Young Adult",1,0,0,0,0,1,0,0,0,0,0,0,0,1,1,0,0,0,0,0,0,0,1,0,0,0,0
2774,0.403846153846154,0,"Pants","Clothing",0.975,"Arizona",1,"Maroon","Spring",0.84,0,"Express",0,0,0.897959183673469,"Bank Transfer","Quarterly","Middle Age",0,1,0,0,0,1,0,0,0,1,0,0,0,0,1,0,0,0,0,0,0,0,0,0,0,1,0
2775,0.730769230769231,0,"Boots","Footwear",0.25,"Oklahoma",3,"Yellow","Fall",0.64,0,"Standard",0,0,0.836734693877551,"Credit Card","Quarterly","Senior",0,0,1,0,1,0,0,0,0,0,0,0,1,0,0,0,1,0,0,0,0,0,0,0,0,1,0
2776,0.365384615384615,0,"Socks","Clothing",0.0625,"Montana",3,"Red","Fall",0.44,0,"Free Shipping",0,0,0.306122448979592,"Debit Card","Weekly","Middle Age",0,1,0,0,1,0,0,0,0,0,1,0,0,0,0,0,0,1,0,0,0,0,0,0,0,0,1
2777,0.538461538461538,0,"Scarf","Accessories",0.525,"Wyoming",3,"Green","Fall",0.16,0,"Free Shipping",0,0,0.102040816326531,"Bank Transfer","Annually","Middle Age",1,0,0,0,1,0,0,0,0,0,1,0,0,0,1,0,0,0,0,0,1,0,0,0,0,0,0
2778,0.653846153846154,0,"Blouse","Clothing",0.05,"Idaho",2,"Magenta","Fall",0.92,0,"Standard",0,0,0.551020408163265,"Credit Card","Every 3 Months","Senior",0,1,0,0,1,0,0,0,0,0,0,0,1,0,0,0,1,0,0,0,0,0,1,0,0,0,0
2779,1,0,"Belt","Accessories",0.4625,"Pennsylvania",3,"Yellow","Spring",0.28,0,"Standard",0,0,0.469387755102041,"Credit Card","Bi-Weekly","Senior",1,0,0,0,0,1,0,0,0,0,0,0,1,0,0,0,1,0,0,0,0,1,0,0,0,0,0
2780,0.826923076923077,0,"Sunglasses","Accessories",0.575,"Montana",3,"Blue","Winter",0.72,0,"Express",0,0,0.26530612244898,"Credit Card","Fortnightly","Senior",1,0,0,0,0,0,0,1,0,1,0,0,0,0,0,0,1,0,0,0,0,0,0,1,0,0,0
2781,0.288461538461538,0,"Boots","Footwear",0.625,"Ohio",2,"Charcoal","Winter",0.64,0,"Next Day Air",0,0,0.571428571428571,"PayPal","Fortnightly","Adult",0,0,1,0,0,0,0,1,0,0,0,1,0,0,0,0,0,0,1,0,0,0,0,1,0,0,0
2782,0.903846153846154,0,"Sandals","Footwear",0.2375,"Mississippi",2,"Blue","Spring",0.84,0,"Standard",0,0,0.653061224489796,"PayPal","Weekly","Senior",0,0,1,0,0,1,0,0,0,0,0,0,1,0,0,0,0,0,1,0,0,0,0,0,0,0,1
2783,0.442307692307692,0,"Gloves","Accessories",0.175,"Idaho",1,"Cyan","Spring",0.52,0,"Free Shipping",0,0,0.591836734693878,"PayPal","Annually","Middle Age",1,0,0,0,0,1,0,0,0,0,1,0,0,0,0,0,0,0,1,0,1,0,0,0,0,0,0
2784,0.0192307692307692,0,"Skirt","Clothing",0.225,"Virginia",2,"Silver","Spring",0.8,0,"Next Day Air",0,0,0.510204081632653,"Credit Card","Quarterly","Young Adult",0,1,0,0,0,1,0,0,0,0,0,1,0,0,0,0,1,0,0,0,0,0,0,0,0,1,0
2785,0.288461538461538,0,"Skirt","Clothing",0.625,"Idaho",2,"Black","Winter",0.24,0,"Express",0,0,0.224489795918367,"PayPal","Every 3 Months","Adult",0,1,0,0,0,0,0,1,0,1,0,0,0,0,0,0,0,0,1,0,0,0,1,0,0,0,0
2786,0.673076923076923,0,"Blouse","Clothing",0.75,"Louisiana",1,"Green","Summer",0.16,0,"Next Day Air",0,0,0.244897959183673,"Bank Transfer","Monthly","Senior",0,1,0,0,0,0,1,0,0,0,0,1,0,0,1,0,0,0,0,0,0,0,0,0,1,0,0
2787,0.692307692307692,0,"Handbag","Accessories",0.3875,"Colorado",2,"Violet","Spring",0.52,0,"Next Day Air",0,0,0.816326530612245,"Debit Card","Every 3 Months","Senior",1,0,0,0,0,1,0,0,0,0,0,1,0,0,0,0,0,1,0,0,0,0,1,0,0,0,0
2788,0.346153846153846,0,"Boots","Footwear",0.7375,"West Virginia",4,"Pink","Spring",0.64,0,"Next Day Air",0,0,0.0612244897959184,"Venmo","Fortnightly","Middle Age",0,0,1,0,0,1,0,0,0,0,0,1,0,0,0,0,0,0,0,1,0,0,0,1,0,0,0
2789,0.730769230769231,0,"Boots","Footwear",0.9,"Rhode Island",2,"Olive","Summer",0.24,0,"Free Shipping",0,0,0.0204081632653061,"Credit Card","Annually","Senior",0,0,1,0,0,0,1,0,0,0,1,0,0,0,0,0,1,0,0,0,1,0,0,0,0,0,0
2790,0.192307692307692,0,"Sweater","Clothing",0.8125,"North Carolina",3,"Orange","Fall",1,0,"Express",0,0,0.551020408163265,"Credit Card","Bi-Weekly","Adult",0,1,0,0,1,0,0,0,0,1,0,0,0,0,0,0,1,0,0,0,0,1,0,0,0,0,0
2791,0.307692307692308,0,"Socks","Clothing",0.5375,"Maine",2,"Black","Spring",0.8,0,"Free Shipping",0,0,0.469387755102041,"Debit Card","Annually","Adult",0,1,0,0,0,1,0,0,0,0,1,0,0,0,0,0,0,1,0,0,1,0,0,0,0,0,0
2792,0.480769230769231,0,"Gloves","Accessories",0.5,"Iowa",2,"Yellow","Fall",0.12,0,"Express",0,0,0.26530612244898,"Venmo","Fortnightly","Middle Age",1,0,0,0,1,0,0,0,0,1,0,0,0,0,0,0,0,0,0,1,0,0,0,1,0,0,0
2793,0.692307692307692,0,"Shorts","Clothing",0.3,"Kentucky",3,"Violet","Winter",0.28,0,"Express",0,0,0.204081632653061,"Credit Card","Weekly","Senior",0,1,0,0,0,0,0,1,0,1,0,0,0,0,0,0,1,0,0,0,0,0,0,0,0,0,1
2794,0.365384615384615,0,"Boots","Footwear",0.4625,"Massachusetts",2,"Silver","Spring",0.24,0,"Standard",0,0,0.530612244897959,"Debit Card","Bi-Weekly","Middle Age",0,0,1,0,0,1,0,0,0,0,0,0,1,0,0,0,0,1,0,0,0,1,0,0,0,0,0
2795,0.288461538461538,0,"Jacket","Outerwear",0.05,"New York",2,"Gold","Fall",0.32,0,"Standard",0,0,0.122448979591837,"Cash","Fortnightly","Adult",0,0,0,1,1,0,0,0,0,0,0,0,1,0,0,1,0,0,0,0,0,0,0,1,0,0,0
2796,0.288461538461538,0,"Scarf","Accessories",0.1875,"Nebraska",2,"Magenta","Winter",0.36,0,"Store Pickup",0,0,0.979591836734694,"PayPal","Annually","Adult",1,0,0,0,0,0,0,1,0,0,0,0,0,1,0,0,0,0,1,0,1,0,0,0,0,0,0
2797,0.711538461538462,0,"Jacket","Outerwear",0.6625,"Oklahoma",2,"Red","Winter",0.52,0,"Store Pickup",0,0,0.408163265306122,"Cash","Annually","Senior",0,0,0,1,0,0,0,1,0,0,0,0,0,1,0,1,0,0,0,0,1,0,0,0,0,0,0
2798,0.865384615384615,0,"Jewelry","Accessories",0.275,"Oklahoma",2,"Green","Winter",0.4,0,"Express",0,0,0.183673469387755,"Venmo","Every 3 Months","Senior",1,0,0,0,0,0,0,1,0,1,0,0,0,0,0,0,0,0,0,1,0,0,1,0,0,0,0
2799,0.653846153846154,0,"Hoodie","Clothing",0,"Rhode Island",4,"Red","Winter",0.92,0,"Store Pickup",0,0,0.73469387755102,"PayPal","Weekly","Senior",0,1,0,0,0,0,0,1,0,0,0,0,0,1,0,0,0,0,1,0,0,0,0,0,0,0,1
2800,0.0961538461538462,0,"T-shirt","Clothing",0.8625,"Maine",3,"Pink","Spring",0.56,0,"Free Shipping",0,0,0.163265306122449,"Bank Transfer","Every 3 Months","Young Adult",0,1,0,0,0,1,0,0,0,0,1,0,0,0,1,0,0,0,0,0,0,0,1,0,0,0,0
2801,1,0,"Shirt","Clothing",0.7,"Arkansas",3,"Violet","Fall",0.36,0,"Free Shipping",0,0,0.26530612244898,"Cash","Bi-Weekly","Senior",0,1,0,0,1,0,0,0,0,0,1,0,0,0,0,1,0,0,0,0,0,1,0,0,0,0,0
2802,0.884615384615385,0,"Shirt","Clothing",0.45,"New Mexico",2,"Indigo","Winter",0.04,0,"Express",0,0,0.591836734693878,"PayPal","Annually","Senior",0,1,0,0,0,0,0,1,0,1,0,0,0,0,0,0,0,0,1,0,1,0,0,0,0,0,0
2803,0.0769230769230769,0,"Coat","Outerwear",1,"Hawaii",3,"Red","Fall",0.24,0,"Store Pickup",0,0,0.836734693877551,"Credit Card","Fortnightly","Young Adult",0,0,0,1,1,0,0,0,0,0,0,0,0,1,0,0,1,0,0,0,0,0,0,1,0,0,0
2804,0.538461538461538,0,"T-shirt","Clothing",0.3,"Idaho",2,"Violet","Winter",0.32,0,"Free Shipping",0,0,0.612244897959184,"Bank Transfer","Monthly","Middle Age",0,1,0,0,0,0,0,1,0,0,1,0,0,0,1,0,0,0,0,0,0,0,0,0,1,0,0
2805,0.903846153846154,0,"Hoodie","Clothing",0.7,"South Carolina",2,"Cyan","Spring",0.12,0,"Standard",0,0,0.959183673469388,"Bank Transfer","Every 3 Months","Senior",0,1,0,0,0,1,0,0,0,0,0,0,1,0,1,0,0,0,0,0,0,0,1,0,0,0,0
2806,0,0,"Sunglasses","Accessories",0.9625,"Nevada",1,"Black","Fall",0.72,0,"Standard",0,0,0.959183673469388,"Cash","Quarterly","Young Adult",1,0,0,0,1,0,0,0,0,0,0,0,1,0,0,1,0,0,0,0,0,0,0,0,0,1,0
2807,0.519230769230769,0,"Blouse","Clothing",0.2375,"South Carolina",3,"Purple","Spring",0.0800000000000001,0,"Standard",0,0,1,"Credit Card","Annually","Middle Age",0,1,0,0,0,1,0,0,0,0,0,0,1,0,0,0,1,0,0,0,1,0,0,0,0,0,0
2808,0.730769230769231,0,"Hoodie","Clothing",1,"Maryland",2,"Charcoal","Spring",0.76,0,"2-Day Shipping",0,0,0.183673469387755,"Debit Card","Fortnightly","Senior",0,1,0,0,0,1,0,0,1,0,0,0,0,0,0,0,0,1,0,0,0,0,0,1,0,0,0
2809,0.596153846153846,0,"Skirt","Clothing",0.525,"Tennessee",2,"Beige","Spring",0.56,0,"Free Shipping",0,0,0.897959183673469,"PayPal","Every 3 Months","Middle Age",0,1,0,0,0,1,0,0,0,0,1,0,0,0,0,0,0,0,1,0,0,0,1,0,0,0,0
2810,0.923076923076923,0,"Shorts","Clothing",0.975,"Arkansas",4,"Teal","Summer",0.2,0,"Standard",0,0,0.530612244897959,"Debit Card","Quarterly","Senior",0,1,0,0,0,0,1,0,0,0,0,0,1,0,0,0,0,1,0,0,0,0,0,0,0,1,0
2811,0.173076923076923,0,"Jeans","Clothing",0.1375,"Arizona",2,"Purple","Summer",0.6,0,"Standard",0,0,0.183673469387755,"Debit Card","Fortnightly","Adult",0,1,0,0,0,0,1,0,0,0,0,0,1,0,0,0,0,1,0,0,0,0,0,1,0,0,0
2812,0.980769230769231,0,"Jacket","Outerwear",0.8625,"Ohio",2,"Blue","Fall",0.48,0,"Store Pickup",0,0,0.36734693877551,"Credit Card","Quarterly","Senior",0,0,0,1,1,0,0,0,0,0,0,0,0,1,0,0,1,0,0,0,0,0,0,0,0,1,0
2813,0.923076923076923,0,"Hoodie","Clothing",0.8875,"North Dakota",4,"Magenta","Fall",0.52,0,"Store Pickup",0,0,0,"Credit Card","Every 3 Months","Senior",0,1,0,0,1,0,0,0,0,0,0,0,0,1,0,0,1,0,0,0,0,0,1,0,0,0,0
2814,0.519230769230769,0,"Shirt","Clothing",0.375,"Vermont",1,"Maroon","Summer",0.32,0,"2-Day Shipping",0,0,0.775510204081633,"Debit Card","Quarterly","Middle Age",0,1,0,0,0,0,1,0,1,0,0,0,0,0,0,0,0,1,0,0,0,0,0,0,0,1,0
2815,0.25,0,"T-shirt","Clothing",0.15,"Minnesota",3,"Gold","Winter",0.44,0,"Standard",0,0,0.26530612244898,"Bank Transfer","Monthly","Adult",0,1,0,0,0,0,0,1,0,0,0,0,1,0,1,0,0,0,0,0,0,0,0,0,1,0,0
2816,0.288461538461538,0,"Blouse","Clothing",0.5875,"Idaho",3,"Black","Fall",0.56,0,"Free Shipping",0,0,0.795918367346939,"Venmo","Every 3 Months","Adult",0,1,0,0,1,0,0,0,0,0,1,0,0,0,0,0,0,0,0,1,0,0,1,0,0,0,0
2817,0.480769230769231,0,"Skirt","Clothing",0.1,"Maryland",2,"Black","Spring",0.4,0,"Free Shipping",0,0,0.897959183673469,"Venmo","Weekly","Middle Age",0,1,0,0,0,1,0,0,0,0,1,0,0,0,0,0,0,0,0,1,0,0,0,0,0,0,1
2818,0.134615384615385,0,"Backpack","Accessories",0.5625,"South Carolina",4,"Yellow","Winter",0.36,0,"Standard",0,0,0.102040816326531,"Venmo","Weekly","Young Adult",1,0,0,0,0,0,0,1,0,0,0,0,1,0,0,0,0,0,0,1,0,0,0,0,0,0,1
2819,0.538461538461538,0,"Shorts","Clothing",0.6625,"California",2,"Turquoise","Fall",0.88,0,"Next Day Air",0,0,0.224489795918367,"Debit Card","Annually","Middle Age",0,1,0,0,1,0,0,0,0,0,0,1,0,0,0,0,0,1,0,0,1,0,0,0,0,0,0
2820,0.942307692307692,0,"Shirt","Clothing",0.0875,"Georgia",3,"Lavender","Spring",0.2,0,"Free Shipping",0,0,0.36734693877551,"Cash","Monthly","Senior",0,1,0,0,0,1,0,0,0,0,1,0,0,0,0,1,0,0,0,0,0,0,0,0,1,0,0
2821,0.153846153846154,0,"Backpack","Accessories",0.8625,"Vermont",3,"Yellow","Summer",0.56,0,"Free Shipping",0,0,0.0816326530612245,"Cash","Bi-Weekly","Adult",1,0,0,0,0,0,1,0,0,0,1,0,0,0,0,1,0,0,0,0,0,1,0,0,0,0,0
2822,0.326923076923077,0,"Shoes","Footwear",0.65,"Georgia",3,"Olive","Summer",0.8,0,"Standard",0,0,0.73469387755102,"Venmo","Monthly","Adult",0,0,1,0,0,0,1,0,0,0,0,0,1,0,0,0,0,0,0,1,0,0,0,0,1,0,0
2823,0.826923076923077,0,"Skirt","Clothing",0.2125,"New Jersey",1,"Brown","Fall",0.64,0,"Standard",0,0,0.653061224489796,"PayPal","Quarterly","Senior",0,1,0,0,1,0,0,0,0,0,0,0,1,0,0,0,0,0,1,0,0,0,0,0,0,1,0
2824,0.153846153846154,0,"Dress","Clothing",0.5375,"Utah",2,"Olive","Summer",0.8,0,"Standard",0,0,0.938775510204082,"Debit Card","Bi-Weekly","Adult",0,1,0,0,0,0,1,0,0,0,0,0,1,0,0,0,0,1,0,0,0,1,0,0,0,0,0
2825,0.403846153846154,0,"Hat","Accessories",0.875,"Utah",2,"Purple","Fall",0.6,0,"Free Shipping",0,0,0.979591836734694,"Debit Card","Quarterly","Middle Age",1,0,0,0,1,0,0,0,0,0,1,0,0,0,0,0,0,1,0,0,0,0,0,0,0,1,0
2826,0.980769230769231,0,"Handbag","Accessories",0.525,"North Carolina",2,"Yellow","Winter",0.72,0,"2-Day Shipping",0,0,0.551020408163265,"Bank Transfer","Annually","Senior",1,0,0,0,0,0,0,1,1,0,0,0,0,0,1,0,0,0,0,0,1,0,0,0,0,0,0
2827,0.269230769230769,0,"Handbag","Accessories",0.2875,"Florida",3,"Brown","Fall",0.44,0,"Express",0,0,0.448979591836735,"Venmo","Annually","Adult",1,0,0,0,1,0,0,0,0,1,0,0,0,0,0,0,0,0,0,1,1,0,0,0,0,0,0
2828,0.0384615384615385,0,"Blouse","Clothing",0.95,"Wisconsin",2,"Magenta","Fall",0.24,0,"Next Day Air",0,0,0.204081632653061,"Bank Transfer","Bi-Weekly","Young Adult",0,1,0,0,1,0,0,0,0,0,0,1,0,0,1,0,0,0,0,0,0,1,0,0,0,0,0
2829,0.134615384615385,0,"Scarf","Accessories",0.7875,"Tennessee",3,"Lavender","Fall",0.04,0,"Standard",0,0,0.653061224489796,"PayPal","Quarterly","Young Adult",1,0,0,0,1,0,0,0,0,0,0,0,1,0,0,0,0,0,1,0,0,0,0,0,0,1,0
2830,0.730769230769231,0,"Jewelry","Accessories",0.5875,"Arizona",4,"Teal","Fall",0.36,0,"Next Day Air",0,0,0.938775510204082,"Cash","Weekly","Senior",1,0,0,0,1,0,0,0,0,0,0,1,0,0,0,1,0,0,0,0,0,0,0,0,0,0,1
2831,0.865384615384615,0,"Skirt","Clothing",0.875,"Oregon",3,"Cyan","Spring",0.16,0,"Store Pickup",0,0,0.244897959183673,"Venmo","Every 3 Months","Senior",0,1,0,0,0,1,0,0,0,0,0,0,0,1,0,0,0,0,0,1,0,0,1,0,0,0,0
2832,0.307692307692308,0,"Hoodie","Clothing",0.4125,"Virginia",3,"Pink","Winter",1,0,"Express",0,0,0.0612244897959184,"Credit Card","Weekly","Adult",0,1,0,0,0,0,0,1,0,1,0,0,0,0,0,0,1,0,0,0,0,0,0,0,0,0,1
2833,0.211538461538462,0,"Scarf","Accessories",0.2125,"Maryland",2,"Magenta","Summer",0.84,0,"Standard",0,0,0.795918367346939,"PayPal","Quarterly","Adult",1,0,0,0,0,0,1,0,0,0,0,0,1,0,0,0,0,0,1,0,0,0,0,0,0,1,0
2834,0.480769230769231,0,"Jeans","Clothing",0.45,"Arkansas",2,"Teal","Fall",0.32,0,"Free Shipping",0,0,0.36734693877551,"Cash","Monthly","Middle Age",0,1,0,0,1,0,0,0,0,0,1,0,0,0,0,1,0,0,0,0,0,0,0,0,1,0,0
2835,0.403846153846154,0,"Jacket","Outerwear",0.2875,"Texas",2,"Indigo","Fall",0.16,0,"2-Day Shipping",0,0,0.326530612244898,"Credit Card","Weekly","Middle Age",0,0,0,1,1,0,0,0,1,0,0,0,0,0,0,0,1,0,0,0,0,0,0,0,0,0,1
2836,0.288461538461538,0,"T-shirt","Clothing",0.8,"Vermont",1,"Pink","Winter",0.96,0,"Free Shipping",0,0,0.122448979591837,"Venmo","Annually","Adult",0,1,0,0,0,0,0,1,0,0,1,0,0,0,0,0,0,0,0,1,1,0,0,0,0,0,0
2837,0.634615384615385,0,"Pants","Clothing",0.375,"Wyoming",2,"Charcoal","Winter",1,0,"2-Day Shipping",0,0,0.408163265306122,"Cash","Bi-Weekly","Senior",0,1,0,0,0,0,0,1,1,0,0,0,0,0,0,1,0,0,0,0,0,1,0,0,0,0,0
2838,0.903846153846154,0,"Shoes","Footwear",0.85,"Alabama",2,"Brown","Summer",0.8,0,"Express",0,0,0.877551020408163,"PayPal","Weekly","Senior",0,0,1,0,0,0,1,0,0,1,0,0,0,0,0,0,0,0,1,0,0,0,0,0,0,0,1
2839,0.634615384615385,0,"Jacket","Outerwear",0.375,"Maine",2,"Blue","Fall",0.48,0,"Free Shipping",0,0,0.0204081632653061,"Bank Transfer","Weekly","Senior",0,0,0,1,1,0,0,0,0,0,1,0,0,0,1,0,0,0,0,0,0,0,0,0,0,0,1
2840,1,0,"Scarf","Accessories",0.75,"South Dakota",3,"Teal","Summer",0.12,0,"Store Pickup",0,0,0.591836734693878,"Bank Transfer","Monthly","Senior",1,0,0,0,0,0,1,0,0,0,0,0,0,1,1,0,0,0,0,0,0,0,0,0,1,0,0
2841,0.423076923076923,0,"T-shirt","Clothing",0.3375,"West Virginia",3,"Pink","Spring",0.4,0,"Store Pickup",0,0,0.816326530612245,"Cash","Annually","Middle Age",0,1,0,0,0,1,0,0,0,0,0,0,0,1,0,1,0,0,0,0,1,0,0,0,0,0,0
2842,0.0192307692307692,0,"Dress","Clothing",0.1625,"Ohio",4,"Magenta","Winter",0.2,0,"2-Day Shipping",0,0,0.612244897959184,"Cash","Weekly","Young Adult",0,1,0,0,0,0,0,1,1,0,0,0,0,0,0,1,0,0,0,0,0,0,0,0,0,0,1
2843,0.192307692307692,0,"Coat","Outerwear",1,"Arizona",3,"Green","Fall",0.72,0,"Standard",0,0,0.959183673469388,"Debit Card","Quarterly","Adult",0,0,0,1,1,0,0,0,0,0,0,0,1,0,0,0,0,1,0,0,0,0,0,0,0,1,0
2844,0.634615384615385,0,"Sweater","Clothing",0.075,"Ohio",2,"White","Summer",0.44,0,"Store Pickup",0,0,0.816326530612245,"Venmo","Weekly","Senior",0,1,0,0,0,0,1,0,0,0,0,0,0,1,0,0,0,0,0,1,0,0,0,0,0,0,1
2845,0.269230769230769,0,"Hat","Accessories",0.7375,"New Mexico",2,"Indigo","Summer",0.76,0,"Standard",0,0,0.836734693877551,"Venmo","Annually","Adult",1,0,0,0,0,0,1,0,0,0,0,0,1,0,0,0,0,0,0,1,1,0,0,0,0,0,0
2846,0.153846153846154,0,"Backpack","Accessories",0.7125,"South Dakota",3,"Lavender","Summer",0.64,0,"Express",0,0,0.775510204081633,"Debit Card","Every 3 Months","Adult",1,0,0,0,0,0,1,0,0,1,0,0,0,0,0,0,0,1,0,0,0,0,1,0,0,0,0
2847,0.615384615384615,0,"Socks","Clothing",0.2,"Oklahoma",4,"Black","Fall",0.12,0,"Next Day Air",0,0,0.285714285714286,"PayPal","Bi-Weekly","Middle Age",0,1,0,0,1,0,0,0,0,0,0,1,0,0,0,0,0,0,1,0,0,1,0,0,0,0,0
2848,0.961538461538462,0,"Jewelry","Accessories",0.0125,"Connecticut",3,"Charcoal","Winter",0.12,0,"Free Shipping",0,0,0.0408163265306122,"PayPal","Every 3 Months","Senior",1,0,0,0,0,0,0,1,0,0,1,0,0,0,0,0,0,0,1,0,0,0,1,0,0,0,0
2849,0.288461538461538,0,"Boots","Footwear",0.65,"Wisconsin",3,"Gray","Fall",0.96,0,"Store Pickup",0,0,0.551020408163265,"Bank Transfer","Quarterly","Adult",0,0,1,0,1,0,0,0,0,0,0,0,0,1,1,0,0,0,0,0,0,0,0,0,0,1,0
2850,0.730769230769231,0,"Coat","Outerwear",0.0625,"New Hampshire",2,"Gold","Spring",0.64,0,"Express",0,0,0.530612244897959,"PayPal","Bi-Weekly","Senior",0,0,0,1,0,1,0,0,0,1,0,0,0,0,0,0,0,0,1,0,0,1,0,0,0,0,0
2851,0.75,0,"Sweater","Clothing",0.7375,"Nebraska",2,"Silver","Spring",0.2,0,"Store Pickup",0,0,0.714285714285714,"Debit Card","Annually","Senior",0,1,0,0,0,1,0,0,0,0,0,0,0,1,0,0,0,1,0,0,1,0,0,0,0,0,0
2852,0.769230769230769,0,"Blouse","Clothing",0.6625,"Nevada",3,"Teal","Summer",0.2,0,"Store Pickup",0,0,0.836734693877551,"Debit Card","Monthly","Senior",0,1,0,0,0,0,1,0,0,0,0,0,0,1,0,0,0,1,0,0,0,0,0,0,1,0,0
2853,0.423076923076923,0,"Belt","Accessories",0.6375,"New York",2,"Magenta","Spring",0.2,0,"Store Pickup",0,0,0.591836734693878,"Venmo","Weekly","Middle Age",1,0,0,0,0,1,0,0,0,0,0,0,0,1,0,0,0,0,0,1,0,0,0,0,0,0,1
2854,0.365384615384615,0,"Hat","Accessories",0.35,"Pennsylvania",2,"Magenta","Winter",0.28,0,"Next Day Air",0,0,0.163265306122449,"PayPal","Weekly","Middle Age",1,0,0,0,0,0,0,1,0,0,0,1,0,0,0,0,0,0,1,0,0,0,0,0,0,0,1
2855,0.346153846153846,0,"Sandals","Footwear",0.1,"Delaware",2,"Beige","Fall",0.0800000000000001,0,"Store Pickup",0,0,0.489795918367347,"Venmo","Monthly","Middle Age",0,0,1,0,1,0,0,0,0,0,0,0,0,1,0,0,0,0,0,1,0,0,0,0,1,0,0
2856,0.211538461538462,0,"Boots","Footwear",0.9375,"Mississippi",1,"Maroon","Winter",0.52,0,"2-Day Shipping",0,0,0.653061224489796,"PayPal","Quarterly","Adult",0,0,1,0,0,0,0,1,1,0,0,0,0,0,0,0,0,0,1,0,0,0,0,0,0,1,0
2857,0.903846153846154,0,"Jacket","Outerwear",0.35,"Iowa",2,"Indigo","Winter",0.4,0,"2-Day Shipping",0,0,0.612244897959184,"Credit Card","Monthly","Senior",0,0,0,1,0,0,0,1,1,0,0,0,0,0,0,0,1,0,0,0,0,0,0,0,1,0,0
2858,0.5,0,"Dress","Clothing",0.9125,"Utah",1,"Maroon","Spring",0.52,0,"Next Day Air",0,0,0.693877551020408,"Debit Card","Monthly","Middle Age",0,1,0,0,0,1,0,0,0,0,0,1,0,0,0,0,0,1,0,0,0,0,0,0,1,0,0
2859,0.307692307692308,0,"Jeans","Clothing",0.8375,"Maryland",3,"Teal","Summer",0.52,0,"2-Day Shipping",0,0,0.918367346938776,"Bank Transfer","Monthly","Adult",0,1,0,0,0,0,1,0,1,0,0,0,0,0,1,0,0,0,0,0,0,0,0,0,1,0,0
2860,0.25,0,"Shorts","Clothing",0.15,"Utah",3,"Yellow","Fall",0.36,0,"Express",0,0,0.571428571428571,"Bank Transfer","Annually","Adult",0,1,0,0,1,0,0,0,0,1,0,0,0,0,1,0,0,0,0,0,1,0,0,0,0,0,0
2861,0.192307692307692,0,"Shirt","Clothing",0.225,"Rhode Island",2,"Gold","Spring",0.16,0,"Next Day Air",0,0,0.979591836734694,"Bank Transfer","Weekly","Adult",0,1,0,0,0,1,0,0,0,0,0,1,0,0,1,0,0,0,0,0,0,0,0,0,0,0,1
2862,0.923076923076923,0,"Coat","Outerwear",0.425,"Maryland",2,"Teal","Fall",0.36,0,"Free Shipping",0,0,0.530612244897959,"Credit Card","Monthly","Senior",0,0,0,1,1,0,0,0,0,0,1,0,0,0,0,0,1,0,0,0,0,0,0,0,1,0,0
2863,0.961538461538462,0,"Coat","Outerwear",0.6875,"Hawaii",1,"Violet","Summer",0.88,0,"Store Pickup",0,0,0.0816326530612245,"Bank Transfer","Every 3 Months","Senior",0,0,0,1,0,0,1,0,0,0,0,0,0,1,1,0,0,0,0,0,0,0,1,0,0,0,0
2864,0.365384615384615,0,"T-shirt","Clothing",0.45,"Connecticut",2,"Yellow","Fall",0.56,0,"2-Day Shipping",0,0,0.346938775510204,"Venmo","Monthly","Middle Age",0,1,0,0,1,0,0,0,1,0,0,0,0,0,0,0,0,0,0,1,0,0,0,0,1,0,0
2865,0.769230769230769,0,"Sweater","Clothing",0.2875,"Illinois",1,"Maroon","Fall",0.44,0,"Store Pickup",0,0,0.612244897959184,"Venmo","Weekly","Senior",0,1,0,0,1,0,0,0,0,0,0,0,0,1,0,0,0,0,0,1,0,0,0,0,0,0,1
2866,0.192307692307692,0,"Skirt","Clothing",0.9625,"California",2,"Silver","Fall",0.48,0,"Free Shipping",0,0,0.530612244897959,"Cash","Fortnightly","Adult",0,1,0,0,1,0,0,0,0,0,1,0,0,0,0,1,0,0,0,0,0,0,0,1,0,0,0
2867,0.692307692307692,0,"Blouse","Clothing",0.6875,"Connecticut",1,"Violet","Summer",0.24,0,"Free Shipping",0,0,0.36734693877551,"Cash","Annually","Senior",0,1,0,0,0,0,1,0,0,0,1,0,0,0,0,1,0,0,0,0,1,0,0,0,0,0,0
2868,0.0576923076923077,0,"Sneakers","Footwear",0.4375,"Colorado",3,"White","Summer",0.96,0,"Next Day Air",0,0,0.653061224489796,"Cash","Fortnightly","Young Adult",0,0,1,0,0,0,1,0,0,0,0,1,0,0,0,1,0,0,0,0,0,0,0,1,0,0,0
2869,0.519230769230769,0,"Backpack","Accessories",0.3625,"Colorado",2,"Black","Winter",0.04,0,"Next Day Air",0,0,0.836734693877551,"PayPal","Every 3 Months","Middle Age",1,0,0,0,0,0,0,1,0,0,0,1,0,0,0,0,0,0,1,0,0,0,1,0,0,0,0
2870,0.75,0,"Socks","Clothing",0.475,"Georgia",2,"White","Summer",0.68,0,"Standard",0,0,0.306122448979592,"Bank Transfer","Weekly","Senior",0,1,0,0,0,0,1,0,0,0,0,0,1,0,1,0,0,0,0,0,0,0,0,0,0,0,1
2871,0.557692307692308,0,"Jewelry","Accessories",0.175,"North Dakota",2,"Blue","Winter",0.92,0,"Free Shipping",0,0,0.979591836734694,"Debit Card","Every 3 Months","Middle Age",1,0,0,0,0,0,0,1,0,0,1,0,0,0,0,0,0,1,0,0,0,0,1,0,0,0,0
2872,0.538461538461538,0,"Shorts","Clothing",0.2875,"Idaho",1,"Black","Summer",0.0800000000000001,0,"2-Day Shipping",0,0,0.795918367346939,"Venmo","Bi-Weekly","Middle Age",0,1,0,0,0,0,1,0,1,0,0,0,0,0,0,0,0,0,0,1,0,1,0,0,0,0,0
2873,0.865384615384615,0,"Jewelry","Accessories",0.35,"Connecticut",3,"Olive","Fall",0.04,0,"Next Day Air",0,0,0.0816326530612245,"Cash","Annually","Senior",1,0,0,0,1,0,0,0,0,0,0,1,0,0,0,1,0,0,0,0,1,0,0,0,0,0,0
2874,0.5,0,"Sweater","Clothing",0.25,"Montana",2,"Teal","Spring",0.04,0,"Free Shipping",0,0,0.142857142857143,"Bank Transfer","Monthly","Middle Age",0,1,0,0,0,1,0,0,0,0,1,0,0,0,1,0,0,0,0,0,0,0,0,0,1,0,0
2875,0.346153846153846,0,"Shirt","Clothing",0.1125,"Colorado",3,"Silver","Summer",0.24,0,"Standard",0,0,0.0204081632653061,"Debit Card","Annually","Middle Age",0,1,0,0,0,0,1,0,0,0,0,0,1,0,0,0,0,1,0,0,1,0,0,0,0,0,0
2876,0.115384615384615,0,"Pants","Clothing",0.7625,"Kentucky",2,"Pink","Fall",0.04,0,"Free Shipping",0,0,0.26530612244898,"Debit Card","Weekly","Young Adult",0,1,0,0,1,0,0,0,0,0,1,0,0,0,0,0,0,1,0,0,0,0,0,0,0,0,1
2877,0.903846153846154,0,"Hoodie","Clothing",0.8,"New Mexico",2,"Charcoal","Spring",0.36,0,"2-Day Shipping",0,0,0.0816326530612245,"Bank Transfer","Fortnightly","Senior",0,1,0,0,0,1,0,0,1,0,0,0,0,0,1,0,0,0,0,0,0,0,0,1,0,0,0
2878,0.269230769230769,0,"Socks","Clothing",0.325,"New Jersey",2,"Silver","Summer",0.44,0,"Standard",0,0,0.673469387755102,"Venmo","Monthly","Adult",0,1,0,0,0,0,1,0,0,0,0,0,1,0,0,0,0,0,0,1,0,0,0,0,1,0,0
2879,0.865384615384615,0,"Dress","Clothing",0.825,"California",3,"Turquoise","Summer",0.72,0,"Next Day Air",0,0,0.244897959183673,"Bank Transfer","Annually","Senior",0,1,0,0,0,0,1,0,0,0,0,1,0,0,1,0,0,0,0,0,1,0,0,0,0,0,0
2880,0.846153846153846,0,"Blouse","Clothing",0.4625,"North Dakota",4,"Turquoise","Winter",0.96,0,"Free Shipping",0,0,0.612244897959184,"Venmo","Annually","Senior",0,1,0,0,0,0,0,1,0,0,1,0,0,0,0,0,0,0,0,1,1,0,0,0,0,0,0
2881,0.0192307692307692,0,"Skirt","Clothing",0.5125,"Florida",3,"Beige","Winter",0.92,0,"Store Pickup",0,0,0.857142857142857,"PayPal","Quarterly","Young Adult",0,1,0,0,0,0,0,1,0,0,0,0,0,1,0,0,0,0,1,0,0,0,0,0,0,1,0
2882,0.384615384615385,0,"Backpack","Accessories",0.875,"Texas",2,"Cyan","Winter",0.68,0,"Free Shipping",0,0,0.102040816326531,"Bank Transfer","Annually","Middle Age",1,0,0,0,0,0,0,1,0,0,1,0,0,0,1,0,0,0,0,0,1,0,0,0,0,0,0
2883,0.788461538461538,0,"Blouse","Clothing",0.3875,"Oklahoma",3,"Gold","Winter",0.04,0,"Store Pickup",0,0,0.448979591836735,"Credit Card","Bi-Weekly","Senior",0,1,0,0,0,0,0,1,0,0,0,0,0,1,0,0,1,0,0,0,0,1,0,0,0,0,0
2884,0.0769230769230769,0,"Socks","Clothing",0.35,"Rhode Island",4,"Silver","Spring",0.28,0,"Standard",0,0,0.183673469387755,"PayPal","Weekly","Young Adult",0,1,0,0,0,1,0,0,0,0,0,0,1,0,0,0,0,0,1,0,0,0,0,0,0,0,1
2885,0.711538461538462,0,"Boots","Footwear",0.375,"Arkansas",2,"Purple","Summer",0.36,0,"2-Day Shipping",0,0,0.938775510204082,"Credit Card","Every 3 Months","Senior",0,0,1,0,0,0,1,0,1,0,0,0,0,0,0,0,1,0,0,0,0,0,1,0,0,0,0
2886,0.211538461538462,0,"Backpack","Accessories",0.775,"Nevada",2,"Yellow","Summer",0.4,0,"Next Day Air",0,0,0.26530612244898,"Credit Card","Bi-Weekly","Adult",1,0,0,0,0,0,1,0,0,0,0,1,0,0,0,0,1,0,0,0,0,1,0,0,0,0,0
2887,0.461538461538462,0,"Hat","Accessories",0.1625,"Utah",3,"Blue","Spring",0.68,0,"Free Shipping",0,0,0.571428571428571,"PayPal","Weekly","Middle Age",1,0,0,0,0,1,0,0,0,0,1,0,0,0,0,0,0,0,1,0,0,0,0,0,0,0,1
2888,0.0961538461538462,0,"Sandals","Footwear",0.1,"Kentucky",3,"Blue","Winter",0.12,0,"Express",0,0,0.224489795918367,"Cash","Bi-Weekly","Young Adult",0,0,1,0,0,0,0,1,0,1,0,0,0,0,0,1,0,0,0,0,0,1,0,0,0,0,0
2889,1,0,"Hoodie","Clothing",0.275,"Wisconsin",3,"Green","Spring",1,0,"2-Day Shipping",0,0,0.489795918367347,"Debit Card","Quarterly","Senior",0,1,0,0,0,1,0,0,1,0,0,0,0,0,0,0,0,1,0,0,0,0,0,0,0,1,0
2890,0.884615384615385,0,"Sunglasses","Accessories",0.2875,"Minnesota",2,"Charcoal","Fall",0.32,0,"Store Pickup",0,0,0.408163265306122,"Venmo","Annually","Senior",1,0,0,0,1,0,0,0,0,0,0,0,0,1,0,0,0,0,0,1,1,0,0,0,0,0,0
2891,0.403846153846154,0,"Jeans","Clothing",0.4375,"North Dakota",2,"Violet","Winter",0.48,0,"Free Shipping",0,0,0.448979591836735,"Credit Card","Monthly","Middle Age",0,1,0,0,0,0,0,1,0,0,1,0,0,0,0,0,1,0,0,0,0,0,0,0,1,0,0
2892,0.557692307692308,0,"T-shirt","Clothing",0.6625,"Ohio",4,"Black","Winter",0,0,"Free Shipping",0,0,0.183673469387755,"PayPal","Monthly","Middle Age",0,1,0,0,0,0,0,1,0,0,1,0,0,0,0,0,0,0,1,0,0,0,0,0,1,0,0
2893,0.0769230769230769,0,"Dress","Clothing",0.2375,"Nevada",2,"Teal","Spring",0.28,0,"Standard",0,0,0.938775510204082,"Credit Card","Monthly","Young Adult",0,1,0,0,0,1,0,0,0,0,0,0,1,0,0,0,1,0,0,0,0,0,0,0,1,0,0
2894,0.980769230769231,0,"Belt","Accessories",0,"Kentucky",1,"Orange","Spring",0.24,0,"Free Shipping",0,0,0.877551020408163,"Debit Card","Every 3 Months","Senior",1,0,0,0,0,1,0,0,0,0,1,0,0,0,0,0,0,1,0,0,0,0,1,0,0,0,0
2895,0.326923076923077,0,"Jewelry","Accessories",0.15,"Kentucky",1,"Brown","Spring",0.4,0,"Standard",0,0,0.816326530612245,"Venmo","Annually","Adult",1,0,0,0,0,1,0,0,0,0,0,0,1,0,0,0,0,0,0,1,1,0,0,0,0,0,0
2896,0.730769230769231,0,"Hoodie","Clothing",0.825,"Montana",3,"Green","Summer",0.84,0,"Standard",0,0,0.571428571428571,"Bank Transfer","Monthly","Senior",0,1,0,0,0,0,1,0,0,0,0,0,1,0,1,0,0,0,0,0,0,0,0,0,1,0,0
2897,0.230769230769231,0,"Blouse","Clothing",0.8875,"Delaware",2,"Silver","Summer",0.32,0,"Free Shipping",0,0,0.0204081632653061,"Venmo","Every 3 Months","Adult",0,1,0,0,0,0,1,0,0,0,1,0,0,0,0,0,0,0,0,1,0,0,1,0,0,0,0
2898,0.480769230769231,0,"Jacket","Outerwear",0.4875,"Montana",3,"Violet","Fall",0,0,"Free Shipping",0,0,0.0204081632653061,"Cash","Fortnightly","Middle Age",0,0,0,1,1,0,0,0,0,0,1,0,0,0,0,1,0,0,0,0,0,0,0,1,0,0,0
2899,0.0961538461538462,0,"Sneakers","Footwear",0.1625,"New Jersey",4,"Peach","Summer",0.84,0,"Express",0,0,0.571428571428571,"Credit Card","Annually","Young Adult",0,0,1,0,0,0,1,0,0,1,0,0,0,0,0,0,1,0,0,0,1,0,0,0,0,0,0
2900,0.615384615384615,0,"Boots","Footwear",0.55,"Nebraska",2,"Gold","Spring",0.68,0,"2-Day Shipping",0,0,0.428571428571429,"Bank Transfer","Fortnightly","Middle Age",0,0,1,0,0,1,0,0,1,0,0,0,0,0,1,0,0,0,0,0,0,0,0,1,0,0,0
2901,0.442307692307692,0,"Blouse","Clothing",0.5875,"Maryland",4,"Violet","Winter",0.6,0,"Standard",0,0,0.448979591836735,"Cash","Bi-Weekly","Middle Age",0,1,0,0,0,0,0,1,0,0,0,0,1,0,0,1,0,0,0,0,0,1,0,0,0,0,0
2902,0.442307692307692,0,"Blouse","Clothing",0.2875,"Alabama",3,"Olive","Winter",0.04,0,"Free Shipping",0,0,0.918367346938776,"Credit Card","Quarterly","Middle Age",0,1,0,0,0,0,0,1,0,0,1,0,0,0,0,0,1,0,0,0,0,0,0,0,0,1,0
2903,0.173076923076923,0,"Boots","Footwear",0.15,"North Carolina",1,"Orange","Spring",0.84,0,"Standard",0,0,0.36734693877551,"PayPal","Bi-Weekly","Adult",0,0,1,0,0,1,0,0,0,0,0,0,1,0,0,0,0,0,1,0,0,1,0,0,0,0,0
2904,0.384615384615385,0,"Scarf","Accessories",0.2375,"Delaware",1,"Teal","Spring",0.4,0,"2-Day Shipping",0,0,0.469387755102041,"Credit Card","Every 3 Months","Middle Age",1,0,0,0,0,1,0,0,1,0,0,0,0,0,0,0,1,0,0,0,0,0,1,0,0,0,0
2905,0.442307692307692,0,"Sandals","Footwear",0.2625,"Iowa",2,"Gray","Spring",0.6,0,"2-Day Shipping",0,0,0.857142857142857,"Venmo","Monthly","Middle Age",0,0,1,0,0,1,0,0,1,0,0,0,0,0,0,0,0,0,0,1,0,0,0,0,1,0,0
2906,0.769230769230769,0,"Sunglasses","Accessories",0.4125,"New York",3,"Black","Winter",0.92,0,"Standard",0,0,0.26530612244898,"Debit Card","Fortnightly","Senior",1,0,0,0,0,0,0,1,0,0,0,0,1,0,0,0,0,1,0,0,0,0,0,1,0,0,0
2907,0.769230769230769,0,"Coat","Outerwear",0.0875,"Virginia",2,"Indigo","Spring",0.56,0,"Standard",0,0,0.122448979591837,"Venmo","Annually","Senior",0,0,0,1,0,1,0,0,0,0,0,0,1,0,0,0,0,0,0,1,1,0,0,0,0,0,0
2908,0.0192307692307692,0,"Sunglasses","Accessories",0.775,"Maryland",4,"Lavender","Summer",0.48,0,"Next Day Air",0,0,1,"PayPal","Bi-Weekly","Young Adult",1,0,0,0,0,0,1,0,0,0,0,1,0,0,0,0,0,0,1,0,0,1,0,0,0,0,0
2909,0.480769230769231,0,"Blouse","Clothing",0.8375,"Texas",2,"Beige","Winter",0.24,0,"Store Pickup",0,0,0.285714285714286,"Debit Card","Every 3 Months","Middle Age",0,1,0,0,0,0,0,1,0,0,0,0,0,1,0,0,0,1,0,0,0,0,1,0,0,0,0
2910,0.173076923076923,0,"Backpack","Accessories",0.725,"Louisiana",2,"Indigo","Winter",0.2,0,"Next Day Air",0,0,0.795918367346939,"Credit Card","Every 3 Months","Adult",1,0,0,0,0,0,0,1,0,0,0,1,0,0,0,0,1,0,0,0,0,0,1,0,0,0,0
2911,0.269230769230769,0,"Belt","Accessories",0.15,"Mississippi",2,"Blue","Summer",0.16,0,"Store Pickup",0,0,0.816326530612245,"Credit Card","Monthly","Adult",1,0,0,0,0,0,1,0,0,0,0,0,0,1,0,0,1,0,0,0,0,0,0,0,1,0,0
2912,0.192307692307692,0,"Socks","Clothing",0.225,"Ohio",4,"Orange","Fall",0.16,0,"Next Day Air",0,0,0.673469387755102,"Venmo","Quarterly","Adult",0,1,0,0,1,0,0,0,0,0,0,1,0,0,0,0,0,0,0,1,0,0,0,0,0,1,0
2913,0.576923076923077,0,"Shoes","Footwear",0.2125,"Oregon",2,"Yellow","Winter",0.6,0,"Standard",0,0,0.530612244897959,"Cash","Bi-Weekly","Middle Age",0,0,1,0,0,0,0,1,0,0,0,0,1,0,0,1,0,0,0,0,0,1,0,0,0,0,0
2914,0.480769230769231,0,"Coat","Outerwear",0.7875,"Wyoming",3,"Cyan","Winter",0.4,0,"Express",0,0,0.224489795918367,"Cash","Every 3 Months","Middle Age",0,0,0,1,0,0,0,1,0,1,0,0,0,0,0,1,0,0,0,0,0,0,1,0,0,0,0
2915,0.519230769230769,0,"Sweater","Clothing",0.65,"Pennsylvania",2,"Yellow","Fall",0.52,0,"Express",0,0,0,"Debit Card","Bi-Weekly","Middle Age",0,1,0,0,1,0,0,0,0,1,0,0,0,0,0,0,0,1,0,0,0,1,0,0,0,0,0
2916,0.153846153846154,0,"Shirt","Clothing",0.125,"Oregon",2,"Cyan","Fall",0.8,0,"Express",0,0,0.775510204081633,"Debit Card","Bi-Weekly","Adult",0,1,0,0,1,0,0,0,0,1,0,0,0,0,0,0,0,1,0,0,0,1,0,0,0,0,0
2917,0.846153846153846,0,"Shorts","Clothing",0.575,"Oklahoma",2,"Green","Winter",0.0800000000000001,0,"Express",0,0,0.244897959183673,"Credit Card","Bi-Weekly","Senior",0,1,0,0,0,0,0,1,0,1,0,0,0,0,0,0,1,0,0,0,0,1,0,0,0,0,0
2918,0.769230769230769,0,"Shirt","Clothing",0.3125,"Colorado",4,"White","Winter",0.16,0,"Store Pickup",0,0,1,"Venmo","Annually","Senior",0,1,0,0,0,0,0,1,0,0,0,0,0,1,0,0,0,0,0,1,1,0,0,0,0,0,0
2919,0.0192307692307692,0,"Sunglasses","Accessories",0.6625,"New York",1,"Black","Fall",0.96,0,"Free Shipping",0,0,0.714285714285714,"Cash","Weekly","Young Adult",1,0,0,0,1,0,0,0,0,0,1,0,0,0,0,1,0,0,0,0,0,0,0,0,0,0,1
2920,0.884615384615385,0,"Shoes","Footwear",0.5875,"Minnesota",3,"Charcoal","Winter",0.52,0,"Standard",0,0,0.612244897959184,"Debit Card","Monthly","Senior",0,0,1,0,0,0,0,1,0,0,0,0,1,0,0,0,0,1,0,0,0,0,0,0,1,0,0
2921,0.288461538461538,0,"Sunglasses","Accessories",0.65,"Texas",4,"Brown","Spring",0.96,0,"Free Shipping",0,0,0.0408163265306122,"Debit Card","Bi-Weekly","Adult",1,0,0,0,0,1,0,0,0,0,1,0,0,0,0,0,0,1,0,0,0,1,0,0,0,0,0
2922,0.0384615384615385,0,"Handbag","Accessories",0.05,"Wisconsin",2,"Cyan","Fall",0.84,0,"Standard",0,0,0.204081632653061,"Cash","Fortnightly","Young Adult",1,0,0,0,1,0,0,0,0,0,0,0,1,0,0,1,0,0,0,0,0,0,0,1,0,0,0
2923,0.519230769230769,0,"Sunglasses","Accessories",0.6,"Kentucky",3,"Beige","Winter",0.4,0,"Express",0,0,0.306122448979592,"PayPal","Quarterly","Middle Age",1,0,0,0,0,0,0,1,0,1,0,0,0,0,0,0,0,0,1,0,0,0,0,0,0,1,0
2924,0.192307692307692,0,"Shirt","Clothing",0.625,"Pennsylvania",2,"Magenta","Spring",0.68,0,"2-Day Shipping",0,0,0.224489795918367,"Cash","Quarterly","Adult",0,1,0,0,0,1,0,0,1,0,0,0,0,0,0,1,0,0,0,0,0,0,0,0,0,1,0
2925,0.557692307692308,0,"Shirt","Clothing",0.55,"Rhode Island",3,"Indigo","Winter",0.48,0,"Free Shipping",0,0,0.73469387755102,"Debit Card","Every 3 Months","Middle Age",0,1,0,0,0,0,0,1,0,0,1,0,0,0,0,0,0,1,0,0,0,0,1,0,0,0,0
2926,0.692307692307692,0,"Sweater","Clothing",0.8875,"Illinois",2,"Maroon","Spring",0.12,0,"Store Pickup",0,0,0.857142857142857,"Credit Card","Every 3 Months","Senior",0,1,0,0,0,1,0,0,0,0,0,0,0,1,0,0,1,0,0,0,0,0,1,0,0,0,0
2927,0.884615384615385,0,"Handbag","Accessories",0.775,"Maryland",2,"Gray","Winter",0.92,0,"2-Day Shipping",0,0,0.163265306122449,"Cash","Weekly","Senior",1,0,0,0,0,0,0,1,1,0,0,0,0,0,0,1,0,0,0,0,0,0,0,0,0,0,1
2928,0.519230769230769,0,"Shirt","Clothing",0.05,"Missouri",2,"Black","Summer",0.0800000000000001,0,"Express",0,0,0.285714285714286,"Venmo","Bi-Weekly","Middle Age",0,1,0,0,0,0,1,0,0,1,0,0,0,0,0,0,0,0,0,1,0,1,0,0,0,0,0
2929,0.423076923076923,0,"Jewelry","Accessories",0.75,"Alabama",3,"Yellow","Spring",0.44,0,"Store Pickup",0,0,0.326530612244898,"Credit Card","Weekly","Middle Age",1,0,0,0,0,1,0,0,0,0,0,0,0,1,0,0,1,0,0,0,0,0,0,0,0,0,1
2930,0.25,0,"Socks","Clothing",0.4125,"Maine",4,"White","Winter",0.8,0,"Next Day Air",0,0,0.836734693877551,"Venmo","Fortnightly","Adult",0,1,0,0,0,0,0,1,0,0,0,1,0,0,0,0,0,0,0,1,0,0,0,1,0,0,0
2931,0.384615384615385,0,"T-shirt","Clothing",0.375,"Mississippi",2,"Orange","Spring",0.6,0,"Free Shipping",0,0,0.26530612244898,"Venmo","Monthly","Middle Age",0,1,0,0,0,1,0,0,0,0,1,0,0,0,0,0,0,0,0,1,0,0,0,0,1,0,0
2932,0.346153846153846,0,"Jewelry","Accessories",0.1375,"Alabama",2,"Magenta","Fall",0.8,0,"2-Day Shipping",0,0,0.979591836734694,"Credit Card","Bi-Weekly","Middle Age",1,0,0,0,1,0,0,0,1,0,0,0,0,0,0,0,1,0,0,0,0,1,0,0,0,0,0
2933,0.903846153846154,0,"Backpack","Accessories",0.85,"Alaska",3,"Black","Spring",0.56,0,"Express",0,0,0.0408163265306122,"PayPal","Quarterly","Senior",1,0,0,0,0,1,0,0,0,1,0,0,0,0,0,0,0,0,1,0,0,0,0,0,0,1,0
2934,0.173076923076923,0,"Hat","Accessories",0.4,"Illinois",2,"Brown","Summer",0.52,0,"Standard",0,0,0.551020408163265,"Venmo","Monthly","Adult",1,0,0,0,0,0,1,0,0,0,0,0,1,0,0,0,0,0,0,1,0,0,0,0,1,0,0
2935,0.384615384615385,0,"Gloves","Accessories",0.025,"Idaho",2,"Orange","Fall",0.88,0,"Next Day Air",0,0,0.816326530612245,"Bank Transfer","Quarterly","Middle Age",1,0,0,0,1,0,0,0,0,0,0,1,0,0,1,0,0,0,0,0,0,0,0,0,0,1,0
2936,0.769230769230769,0,"Sneakers","Footwear",0.0875,"North Carolina",4,"Gray","Spring",0.84,0,"Standard",0,0,0.204081632653061,"Venmo","Weekly","Senior",0,0,1,0,0,1,0,0,0,0,0,0,1,0,0,0,0,0,0,1,0,0,0,0,0,0,1
2937,0.25,0,"Skirt","Clothing",0.175,"Washington",2,"White","Spring",0.44,0,"Express",0,0,0.918367346938776,"PayPal","Weekly","Adult",0,1,0,0,0,1,0,0,0,1,0,0,0,0,0,0,0,0,1,0,0,0,0,0,0,0,1
2938,0.192307692307692,0,"Handbag","Accessories",0.2375,"West Virginia",2,"White","Spring",0.72,0,"2-Day Shipping",0,0,0.285714285714286,"Credit Card","Weekly","Adult",1,0,0,0,0,1,0,0,1,0,0,0,0,0,0,0,1,0,0,0,0,0,0,0,0,0,1
2939,0.192307692307692,0,"Sunglasses","Accessories",0.4125,"Maine",2,"Violet","Fall",0.2,0,"Standard",0,0,0.285714285714286,"Cash","Monthly","Adult",1,0,0,0,1,0,0,0,0,0,0,0,1,0,0,1,0,0,0,0,0,0,0,0,1,0,0
2940,0.269230769230769,0,"Sweater","Clothing",0.325,"Kentucky",2,"Beige","Winter",0.72,0,"Express",0,0,0.673469387755102,"Venmo","Weekly","Adult",0,1,0,0,0,0,0,1,0,1,0,0,0,0,0,0,0,0,0,1,0,0,0,0,0,0,1
2941,0.826923076923077,0,"Handbag","Accessories",0.8125,"Massachusetts",3,"Beige","Summer",0.92,0,"Next Day Air",0,0,0.244897959183673,"Cash","Monthly","Senior",1,0,0,0,0,0,1,0,0,0,0,1,0,0,0,1,0,0,0,0,0,0,0,0,1,0,0
2942,0.384615384615385,0,"Skirt","Clothing",0.825,"Pennsylvania",3,"Purple","Spring",0.48,0,"Free Shipping",0,0,0.530612244897959,"PayPal","Monthly","Middle Age",0,1,0,0,0,1,0,0,0,0,1,0,0,0,0,0,0,0,1,0,0,0,0,0,1,0,0
2943,0.692307692307692,0,"Socks","Clothing",0.5375,"Hawaii",2,"Brown","Summer",0.04,0,"Free Shipping",0,0,0.73469387755102,"Bank Transfer","Weekly","Senior",0,1,0,0,0,0,1,0,0,0,1,0,0,0,1,0,0,0,0,0,0,0,0,0,0,0,1
2944,0.211538461538462,0,"Shirt","Clothing",0.3,"Virginia",2,"Orange","Spring",0.36,0,"Standard",0,0,0.73469387755102,"Credit Card","Monthly","Adult",0,1,0,0,0,1,0,0,0,0,0,0,1,0,0,0,1,0,0,0,0,0,0,0,1,0,0
2945,0.615384615384615,0,"Sneakers","Footwear",0.9375,"New York",4,"Cyan","Summer",0.56,0,"Free Shipping",0,0,0.0612244897959184,"Venmo","Every 3 Months","Middle Age",0,0,1,0,0,0,1,0,0,0,1,0,0,0,0,0,0,0,0,1,0,0,1,0,0,0,0
2946,0.269230769230769,0,"Belt","Accessories",0.3625,"Delaware",2,"Charcoal","Summer",0.92,0,"Free Shipping",0,0,0,"Credit Card","Every 3 Months","Adult",1,0,0,0,0,0,1,0,0,0,1,0,0,0,0,0,1,0,0,0,0,0,1,0,0,0,0
2947,0.384615384615385,0,"Pants","Clothing",0.7125,"Hawaii",3,"Purple","Spring",0.12,0,"Free Shipping",0,0,0.571428571428571,"Bank Transfer","Quarterly","Middle Age",0,1,0,0,0,1,0,0,0,0,1,0,0,0,1,0,0,0,0,0,0,0,0,0,0,1,0
2948,0.653846153846154,0,"Jewelry","Accessories",0.5375,"Nebraska",3,"Peach","Spring",0.76,0,"Standard",0,0,1,"Venmo","Annually","Senior",1,0,0,0,0,1,0,0,0,0,0,0,1,0,0,0,0,0,0,1,1,0,0,0,0,0,0
2949,0.826923076923077,0,"Pants","Clothing",0.7875,"Vermont",2,"Violet","Winter",0.24,0,"Standard",0,0,0.755102040816326,"Debit Card","Bi-Weekly","Senior",0,1,0,0,0,0,0,1,0,0,0,0,1,0,0,0,0,1,0,0,0,1,0,0,0,0,0
2950,0.134615384615385,0,"Jewelry","Accessories",0.9125,"Iowa",2,"Peach","Spring",0.52,0,"Store Pickup",0,0,0.285714285714286,"PayPal","Annually","Young Adult",1,0,0,0,0,1,0,0,0,0,0,0,0,1,0,0,0,0,1,0,1,0,0,0,0,0,0
2951,0.0769230769230769,0,"Jeans","Clothing",0.8875,"Iowa",1,"Maroon","Winter",0.64,0,"2-Day Shipping",0,0,0.877551020408163,"Debit Card","Every 3 Months","Young Adult",0,1,0,0,0,0,0,1,1,0,0,0,0,0,0,0,0,1,0,0,0,0,1,0,0,0,0
2952,0.557692307692308,0,"Scarf","Accessories",0.9875,"Arkansas",3,"Maroon","Fall",0.84,0,"Free Shipping",0,0,0.26530612244898,"Cash","Weekly","Middle Age",1,0,0,0,1,0,0,0,0,0,1,0,0,0,0,1,0,0,0,0,0,0,0,0,0,0,1
2953,0.615384615384615,0,"Belt","Accessories",0.05,"Alabama",2,"Peach","Spring",0.96,0,"Next Day Air",0,0,0.0816326530612245,"Debit Card","Monthly","Middle Age",1,0,0,0,0,1,0,0,0,0,0,1,0,0,0,0,0,1,0,0,0,0,0,0,1,0,0
2954,0.519230769230769,0,"Dress","Clothing",0.775,"Maryland",2,"Silver","Summer",0.92,0,"Next Day Air",0,0,0.204081632653061,"Credit Card","Annually","Middle Age",0,1,0,0,0,0,1,0,0,0,0,1,0,0,0,0,1,0,0,0,1,0,0,0,0,0,0
2955,0.288461538461538,0,"T-shirt","Clothing",0.1,"South Dakota",2,"Indigo","Winter",0.56,0,"Express",0,0,0.285714285714286,"Credit Card","Annually","Adult",0,1,0,0,0,0,0,1,0,1,0,0,0,0,0,0,1,0,0,0,1,0,0,0,0,0,0
2956,0.461538461538462,0,"Boots","Footwear",0.5875,"Vermont",2,"Silver","Winter",0.04,0,"Free Shipping",0,0,0.918367346938776,"Credit Card","Annually","Middle Age",0,0,1,0,0,0,0,1,0,0,1,0,0,0,0,0,1,0,0,0,1,0,0,0,0,0,0
2957,0.653846153846154,0,"Dress","Clothing",0.85,"Montana",2,"Olive","Fall",0.48,0,"Standard",0,0,0.591836734693878,"Venmo","Monthly","Senior",0,1,0,0,1,0,0,0,0,0,0,0,1,0,0,0,0,0,0,1,0,0,0,0,1,0,0
2958,0.980769230769231,0,"Jewelry","Accessories",0.625,"South Dakota",1,"Gray","Fall",0.88,0,"Standard",0,0,0.0204081632653061,"Cash","Annually","Senior",1,0,0,0,1,0,0,0,0,0,0,0,1,0,0,1,0,0,0,0,1,0,0,0,0,0,0
2959,0.711538461538462,0,"Skirt","Clothing",1,"Ohio",2,"Black","Summer",0.8,0,"Standard",0,0,0.551020408163265,"PayPal","Monthly","Senior",0,1,0,0,0,0,1,0,0,0,0,0,1,0,0,0,0,0,1,0,0,0,0,0,1,0,0
2960,0.384615384615385,0,"Handbag","Accessories",0.1,"Texas",3,"Maroon","Summer",0.88,0,"Free Shipping",0,0,0.163265306122449,"PayPal","Quarterly","Middle Age",1,0,0,0,0,0,1,0,0,0,1,0,0,0,0,0,0,0,1,0,0,0,0,0,0,1,0
2961,0.75,0,"Coat","Outerwear",0.35,"Indiana",1,"Olive","Spring",0.44,0,"Standard",0,0,0.938775510204082,"Credit Card","Weekly","Senior",0,0,0,1,0,1,0,0,0,0,0,0,1,0,0,0,1,0,0,0,0,0,0,0,0,0,1
2962,0.288461538461538,0,"Hoodie","Clothing",0.2875,"New Hampshire",1,"Gold","Fall",0.12,0,"Free Shipping",0,0,0.408163265306122,"Debit Card","Bi-Weekly","Adult",0,1,0,0,1,0,0,0,0,0,1,0,0,0,0,0,0,1,0,0,0,1,0,0,0,0,0
2963,0.75,0,"Pants","Clothing",0.25,"California",3,"Pink","Fall",0.6,0,"Express",0,0,0.836734693877551,"Credit Card","Every 3 Months","Senior",0,1,0,0,1,0,0,0,0,1,0,0,0,0,0,0,1,0,0,0,0,0,1,0,0,0,0
2964,0.653846153846154,0,"Boots","Footwear",0.9625,"Maine",2,"Brown","Spring",0.44,0,"Free Shipping",0,0,0.551020408163265,"Credit Card","Weekly","Senior",0,0,1,0,0,1,0,0,0,0,1,0,0,0,0,0,1,0,0,0,0,0,0,0,0,0,1
2965,0.5,0,"Coat","Outerwear",0.0625,"Ohio",1,"White","Fall",0.52,0,"2-Day Shipping",0,0,0.244897959183673,"Venmo","Fortnightly","Middle Age",0,0,0,1,1,0,0,0,1,0,0,0,0,0,0,0,0,0,0,1,0,0,0,1,0,0,0
2966,0.576923076923077,0,"Scarf","Accessories",0.3125,"Delaware",2,"Blue","Summer",0.76,0,"Standard",0,0,0.489795918367347,"PayPal","Fortnightly","Middle Age",1,0,0,0,0,0,1,0,0,0,0,0,1,0,0,0,0,0,1,0,0,0,0,1,0,0,0
2967,0.653846153846154,0,"Boots","Footwear",0.3625,"Oklahoma",3,"Orange","Fall",0.12,0,"Store Pickup",0,0,0.755102040816326,"Debit Card","Every 3 Months","Senior",0,0,1,0,1,0,0,0,0,0,0,0,0,1,0,0,0,1,0,0,0,0,1,0,0,0,0
2968,0.307692307692308,0,"Sneakers","Footwear",0.2,"Indiana",3,"Silver","Summer",0.36,0,"Free Shipping",0,0,0.795918367346939,"Venmo","Annually","Adult",0,0,1,0,0,0,1,0,0,0,1,0,0,0,0,0,0,0,0,1,1,0,0,0,0,0,0
2969,0.153846153846154,0,"Sweater","Clothing",0.35,"South Carolina",1,"Gray","Fall",0.96,0,"Express",0,0,0.489795918367347,"Cash","Every 3 Months","Adult",0,1,0,0,1,0,0,0,0,1,0,0,0,0,0,1,0,0,0,0,0,0,1,0,0,0,0
2970,0.346153846153846,0,"Belt","Accessories",0.525,"Vermont",1,"Blue","Fall",0.72,0,"Next Day Air",0,0,0.387755102040816,"Cash","Every 3 Months","Middle Age",1,0,0,0,1,0,0,0,0,0,0,1,0,0,0,1,0,0,0,0,0,0,1,0,0,0,0
2971,0.115384615384615,0,"Jewelry","Accessories",0.675,"Kansas",2,"White","Winter",0.36,0,"Free Shipping",0,0,0.877551020408163,"Credit Card","Bi-Weekly","Young Adult",1,0,0,0,0,0,0,1,0,0,1,0,0,0,0,0,1,0,0,0,0,1,0,0,0,0,0
2972,0.230769230769231,0,"Handbag","Accessories",1,"Utah",3,"Yellow","Fall",0.56,0,"Next Day Air",0,0,0.163265306122449,"PayPal","Every 3 Months","Adult",1,0,0,0,1,0,0,0,0,0,0,1,0,0,0,0,0,0,1,0,0,0,1,0,0,0,0
2973,0.25,0,"Jacket","Outerwear",0.2375,"New York",1,"Indigo","Fall",0.68,0,"Free Shipping",0,0,0.204081632653061,"Venmo","Every 3 Months","Adult",0,0,0,1,1,0,0,0,0,0,1,0,0,0,0,0,0,0,0,1,0,0,1,0,0,0,0
2974,0.134615384615385,0,"Boots","Footwear",0.5625,"Indiana",2,"Blue","Summer",0.0800000000000001,0,"Store Pickup",0,0,0.0408163265306122,"Bank Transfer","Fortnightly","Young Adult",0,0,1,0,0,0,1,0,0,0,0,0,0,1,1,0,0,0,0,0,0,0,0,1,0,0,0
2975,0.75,0,"Sneakers","Footwear",0.9875,"Tennessee",4,"Peach","Summer",0.64,0,"Store Pickup",0,0,0.673469387755102,"Credit Card","Weekly","Senior",0,0,1,0,0,0,1,0,0,0,0,0,0,1,0,0,1,0,0,0,0,0,0,0,0,0,1
2976,0.826923076923077,0,"Scarf","Accessories",0.6,"Georgia",4,"Lavender","Winter",0.8,0,"2-Day Shipping",0,0,0.959183673469388,"Cash","Every 3 Months","Senior",1,0,0,0,0,0,0,1,1,0,0,0,0,0,0,1,0,0,0,0,0,0,1,0,0,0,0
2977,0.230769230769231,0,"Coat","Outerwear",0.9625,"Nebraska",2,"Silver","Summer",0.12,0,"Express",0,0,0.551020408163265,"Cash","Fortnightly","Adult",0,0,0,1,0,0,1,0,0,1,0,0,0,0,0,1,0,0,0,0,0,0,0,1,0,0,0
2978,0.384615384615385,0,"Shorts","Clothing",0.3375,"Washington",3,"Gold","Winter",0.36,0,"Standard",0,0,0.387755102040816,"Venmo","Annually","Middle Age",0,1,0,0,0,0,0,1,0,0,0,0,1,0,0,0,0,0,0,1,1,0,0,0,0,0,0
2979,0.673076923076923,0,"Shorts","Clothing",0.45,"Idaho",1,"Cyan","Spring",0.56,0,"Free Shipping",0,0,0.979591836734694,"Bank Transfer","Fortnightly","Senior",0,1,0,0,0,1,0,0,0,0,1,0,0,0,1,0,0,0,0,0,0,0,0,1,0,0,0
2980,0.25,0,"Jeans","Clothing",0.8875,"Louisiana",3,"Olive","Fall",0.04,0,"Next Day Air",0,0,0.26530612244898,"PayPal","Weekly","Adult",0,1,0,0,1,0,0,0,0,0,0,1,0,0,0,0,0,0,1,0,0,0,0,0,0,0,1
2981,1,0,"Gloves","Accessories",0.9125,"New Jersey",3,"Teal","Fall",0.76,0,"2-Day Shipping",0,0,0.163265306122449,"Bank Transfer","Monthly","Senior",1,0,0,0,1,0,0,0,1,0,0,0,0,0,1,0,0,0,0,0,0,0,0,0,1,0,0
2982,0.0576923076923077,0,"Pants","Clothing",0.2,"Delaware",3,"Pink","Winter",0.96,0,"Standard",0,0,0.73469387755102,"Venmo","Annually","Young Adult",0,1,0,0,0,0,0,1,0,0,0,0,1,0,0,0,0,0,0,1,1,0,0,0,0,0,0
2983,0.288461538461538,0,"Dress","Clothing",0.3125,"Wisconsin",2,"Orange","Summer",0.44,0,"Store Pickup",0,0,0.0612244897959184,"Credit Card","Weekly","Adult",0,1,0,0,0,0,1,0,0,0,0,0,0,1,0,0,1,0,0,0,0,0,0,0,0,0,1
2984,0.807692307692308,0,"Pants","Clothing",0.3,"West Virginia",2,"Charcoal","Winter",0.12,0,"2-Day Shipping",0,0,0,"Credit Card","Quarterly","Senior",0,1,0,0,0,0,0,1,1,0,0,0,0,0,0,0,1,0,0,0,0,0,0,0,0,1,0
2985,0.519230769230769,0,"Gloves","Accessories",0.15,"Texas",3,"Red","Spring",0.72,0,"2-Day Shipping",0,0,0.714285714285714,"Debit Card","Bi-Weekly","Middle Age",1,0,0,0,0,1,0,0,1,0,0,0,0,0,0,0,0,1,0,0,0,1,0,0,0,0,0
2986,0.538461538461538,0,"Belt","Accessories",0.2,"Hawaii",1,"Teal","Summer",0.2,0,"Express",0,0,0.408163265306122,"Cash","Bi-Weekly","Middle Age",1,0,0,0,0,0,1,0,0,1,0,0,0,0,0,1,0,0,0,0,0,1,0,0,0,0,0
2987,0.846153846153846,0,"Belt","Accessories",0.8125,"Arizona",1,"Silver","Summer",0.32,0,"2-Day Shipping",0,0,0.306122448979592,"Credit Card","Monthly","Senior",1,0,0,0,0,0,1,0,1,0,0,0,0,0,0,0,1,0,0,0,0,0,0,0,1,0,0
2988,0.865384615384615,0,"Skirt","Clothing",0.2,"Louisiana",3,"Black","Winter",0,0,"Store Pickup",0,0,0.836734693877551,"Cash","Monthly","Senior",0,1,0,0,0,0,0,1,0,0,0,0,0,1,0,1,0,0,0,0,0,0,0,0,1,0,0
2989,0.980769230769231,0,"Socks","Clothing",0.4375,"Nevada",1,"Pink","Spring",1,0,"2-Day Shipping",0,0,0.612244897959184,"Debit Card","Monthly","Senior",0,1,0,0,0,1,0,0,1,0,0,0,0,0,0,0,0,1,0,0,0,0,0,0,1,0,0
2990,0.538461538461538,0,"Belt","Accessories",0,"Rhode Island",4,"Teal","Summer",0.72,0,"2-Day Shipping",0,0,0.102040816326531,"Credit Card","Weekly","Middle Age",1,0,0,0,0,0,1,0,1,0,0,0,0,0,0,0,1,0,0,0,0,0,0,0,0,0,1
2991,0.980769230769231,0,"Shirt","Clothing",0.8875,"Illinois",2,"Teal","Fall",0.68,0,"Free Shipping",0,0,0.469387755102041,"Venmo","Monthly","Senior",0,1,0,0,1,0,0,0,0,0,1,0,0,0,0,0,0,0,0,1,0,0,0,0,1,0,0
2992,0.923076923076923,0,"Dress","Clothing",0.6375,"Utah",3,"Green","Summer",0.56,0,"Standard",0,0,0.122448979591837,"PayPal","Bi-Weekly","Senior",0,1,0,0,0,0,1,0,0,0,0,0,1,0,0,0,0,0,1,0,0,1,0,0,0,0,0
2993,0.442307692307692,0,"Socks","Clothing",0.55,"North Dakota",2,"Charcoal","Spring",0.56,0,"Store Pickup",0,0,0.489795918367347,"Venmo","Weekly","Middle Age",0,1,0,0,0,1,0,0,0,0,0,0,0,1,0,0,0,0,0,1,0,0,0,0,0,0,1
2994,0.269230769230769,0,"Jacket","Outerwear",0.0125,"Kansas",3,"Indigo","Spring",0.68,0,"Free Shipping",0,0,0.346938775510204,"Cash","Bi-Weekly","Adult",0,0,0,1,0,1,0,0,0,0,1,0,0,0,0,1,0,0,0,0,0,1,0,0,0,0,0
2995,0.980769230769231,0,"Sweater","Clothing",1,"Nevada",1,"White","Winter",0.4,0,"Store Pickup",0,0,0.26530612244898,"Bank Transfer","Quarterly","Senior",0,1,0,0,0,0,0,1,0,0,0,0,0,1,1,0,0,0,0,0,0,0,0,0,0,1,0
2996,0.211538461538462,0,"Jeans","Clothing",0.95,"Virginia",2,"Orange","Summer",0,0,"Standard",0,0,0.836734693877551,"Debit Card","Bi-Weekly","Adult",0,1,0,0,0,0,1,0,0,0,0,0,1,0,0,0,0,1,0,0,0,1,0,0,0,0,0
2997,1,0,"Jewelry","Accessories",0.8875,"Utah",2,"White","Spring",0.16,0,"Express",0,0,0.102040816326531,"Venmo","Every 3 Months","Senior",1,0,0,0,0,1,0,0,0,1,0,0,0,0,0,0,0,0,0,1,0,0,1,0,0,0,0
2998,0.442307692307692,0,"Sweater","Clothing",0.25,"Idaho",1,"Yellow","Spring",0.0800000000000001,0,"Next Day Air",0,0,0.26530612244898,"Venmo","Every 3 Months","Middle Age",0,1,0,0,0,1,0,0,0,0,0,1,0,0,0,0,0,0,0,1,0,0,1,0,0,0,0
2999,0.25,0,"Hoodie","Clothing",0.4125,"Alaska",2,"Red","Summer",0.88,0,"Express",0,0,0.591836734693878,"Debit Card","Quarterly","Adult",0,1,0,0,0,0,1,0,0,1,0,0,0,0,0,0,0,1,0,0,0,0,0,0,0,1,0
3000,0.25,0,"Sunglasses","Accessories",0.35,"New Hampshire",1,"Charcoal","Winter",0.52,0,"Standard",0,0,0.183673469387755,"Cash","Monthly","Adult",1,0,0,0,0,0,0,1,0,0,0,0,1,0,0,1,0,0,0,0,0,0,0,0,1,0,0
3001,0.75,0,"Sandals","Footwear",0.625,"Ohio",2,"Lavender","Winter",0.48,0,"Express",0,0,0.122448979591837,"PayPal","Weekly","Senior",0,0,1,0,0,0,0,1,0,1,0,0,0,0,0,0,0,0,1,0,0,0,0,0,0,0,1
3002,0.211538461538462,0,"Coat","Outerwear",0.1125,"Montana",3,"Charcoal","Summer",0.88,0,"Express",0,0,0.551020408163265,"Credit Card","Quarterly","Adult",0,0,0,1,0,0,1,0,0,1,0,0,0,0,0,0,1,0,0,0,0,0,0,0,0,1,0
3003,1,0,"Belt","Accessories",0.1125,"Louisiana",2,"Maroon","Fall",0.44,0,"Next Day Air",0,0,0.36734693877551,"Bank Transfer","Quarterly","Senior",1,0,0,0,1,0,0,0,0,0,0,1,0,0,1,0,0,0,0,0,0,0,0,0,0,1,0
3004,0.634615384615385,0,"Blouse","Clothing",0.4125,"Oregon",2,"Brown","Fall",0.12,0,"Express",0,0,0.244897959183673,"Credit Card","Every 3 Months","Senior",0,1,0,0,1,0,0,0,0,1,0,0,0,0,0,0,1,0,0,0,0,0,1,0,0,0,0
3005,0.519230769230769,0,"Skirt","Clothing",0.7375,"Arizona",2,"Lavender","Winter",0.48,0,"Store Pickup",0,0,0.448979591836735,"Venmo","Fortnightly","Middle Age",0,1,0,0,0,0,0,1,0,0,0,0,0,1,0,0,0,0,0,1,0,0,0,1,0,0,0
3006,0,0,"Shorts","Clothing",0.5625,"Alaska",4,"Brown","Spring",0.4,0,"Express",0,0,0.0816326530612245,"Venmo","Weekly","Young Adult",0,1,0,0,0,1,0,0,0,1,0,0,0,0,0,0,0,0,0,1,0,0,0,0,0,0,1
3007,0.365384615384615,0,"Dress","Clothing",0.9875,"Utah",2,"Olive","Summer",0.48,0,"Store Pickup",0,0,0.326530612244898,"Venmo","Bi-Weekly","Middle Age",0,1,0,0,0,0,1,0,0,0,0,0,0,1,0,0,0,0,0,1,0,1,0,0,0,0,0
3008,0.0961538461538462,0,"Sunglasses","Accessories",0.5,"New York",3,"Lavender","Winter",0.2,0,"Next Day Air",0,0,0.612244897959184,"Venmo","Weekly","Young Adult",1,0,0,0,0,0,0,1,0,0,0,1,0,0,0,0,0,0,0,1,0,0,0,0,0,0,1
3009,0.403846153846154,0,"Shoes","Footwear",0.825,"New Mexico",2,"Gold","Winter",0.96,0,"Free Shipping",0,0,0.36734693877551,"PayPal","Weekly","Middle Age",0,0,1,0,0,0,0,1,0,0,1,0,0,0,0,0,0,0,1,0,0,0,0,0,0,0,1
3010,0.846153846153846,0,"Belt","Accessories",0.6625,"Louisiana",2,"Silver","Winter",0.84,0,"Free Shipping",0,0,0.142857142857143,"Venmo","Fortnightly","Senior",1,0,0,0,0,0,0,1,0,0,1,0,0,0,0,0,0,0,0,1,0,0,0,1,0,0,0
3011,1,0,"Belt","Accessories",0.3125,"Ohio",2,"Violet","Winter",0.32,0,"Free Shipping",0,0,0.285714285714286,"Credit Card","Annually","Senior",1,0,0,0,0,0,0,1,0,0,1,0,0,0,0,0,1,0,0,0,1,0,0,0,0,0,0
3012,0.0384615384615385,0,"Belt","Accessories",0.625,"Nevada",1,"Brown","Summer",0.2,0,"Next Day Air",0,0,0.346938775510204,"Credit Card","Every 3 Months","Young Adult",1,0,0,0,0,0,1,0,0,0,0,1,0,0,0,0,1,0,0,0,0,0,1,0,0,0,0
3013,0.461538461538462,0,"Belt","Accessories",0.5625,"Idaho",2,"Teal","Fall",0.4,0,"Standard",0,0,0.306122448979592,"PayPal","Annually","Middle Age",1,0,0,0,1,0,0,0,0,0,0,0,1,0,0,0,0,0,1,0,1,0,0,0,0,0,0
3014,0.442307692307692,0,"Skirt","Clothing",0.4375,"Arizona",3,"Peach","Summer",0.68,0,"Store Pickup",0,0,0.244897959183673,"Cash","Monthly","Middle Age",0,1,0,0,0,0,1,0,0,0,0,0,0,1,0,1,0,0,0,0,0,0,0,0,1,0,0
3015,0.115384615384615,0,"T-shirt","Clothing",0.5625,"Utah",2,"Maroon","Spring",0.8,0,"Express",0,0,0.755102040816326,"PayPal","Every 3 Months","Young Adult",0,1,0,0,0,1,0,0,0,1,0,0,0,0,0,0,0,0,1,0,0,0,1,0,0,0,0
3016,0.365384615384615,0,"Scarf","Accessories",0.0125,"Wyoming",4,"Lavender","Spring",0.12,0,"Express",0,0,0.530612244897959,"Bank Transfer","Bi-Weekly","Middle Age",1,0,0,0,0,1,0,0,0,1,0,0,0,0,1,0,0,0,0,0,0,1,0,0,0,0,0
3017,0.230769230769231,0,"Blouse","Clothing",0.075,"Indiana",3,"Lavender","Summer",0.96,0,"Store Pickup",0,0,0.612244897959184,"Bank Transfer","Quarterly","Adult",0,1,0,0,0,0,1,0,0,0,0,0,0,1,1,0,0,0,0,0,0,0,0,0,0,1,0
3018,0.769230769230769,0,"Sunglasses","Accessories",0.6375,"Wisconsin",1,"Purple","Summer",0.32,0,"Next Day Air",0,0,0.469387755102041,"Cash","Bi-Weekly","Senior",1,0,0,0,0,0,1,0,0,0,0,1,0,0,0,1,0,0,0,0,0,1,0,0,0,0,0
3019,0.480769230769231,0,"Boots","Footwear",0.2625,"Texas",2,"Green","Summer",0.2,0,"Free Shipping",0,0,0.408163265306122,"Debit Card","Bi-Weekly","Middle Age",0,0,1,0,0,0,1,0,0,0,1,0,0,0,0,0,0,1,0,0,0,1,0,0,0,0,0
3020,0.0192307692307692,0,"Jacket","Outerwear",0.3,"Utah",2,"Yellow","Winter",0.56,0,"2-Day Shipping",0,0,0.285714285714286,"PayPal","Annually","Young Adult",0,0,0,1,0,0,0,1,1,0,0,0,0,0,0,0,0,0,1,0,1,0,0,0,0,0,0
3021,0.0961538461538462,0,"Jeans","Clothing",0.7625,"Arkansas",1,"Charcoal","Fall",0.12,0,"Store Pickup",0,0,0.959183673469388,"Venmo","Every 3 Months","Young Adult",0,1,0,0,1,0,0,0,0,0,0,0,0,1,0,0,0,0,0,1,0,0,1,0,0,0,0
3022,0.903846153846154,0,"Sunglasses","Accessories",0.7125,"Pennsylvania",1,"Blue","Summer",0.8,0,"2-Day Shipping",0,0,0.938775510204082,"Cash","Quarterly","Senior",1,0,0,0,0,0,1,0,1,0,0,0,0,0,0,1,0,0,0,0,0,0,0,0,0,1,0
3023,0.769230769230769,0,"Sandals","Footwear",0.075,"Georgia",2,"Lavender","Fall",0.6,0,"Free Shipping",0,0,0.448979591836735,"PayPal","Weekly","Senior",0,0,1,0,1,0,0,0,0,0,1,0,0,0,0,0,0,0,1,0,0,0,0,0,0,0,1
3024,0.615384615384615,0,"Backpack","Accessories",0.1375,"Indiana",2,"Brown","Summer",0.16,0,"Express",0,0,0.0612244897959184,"PayPal","Quarterly","Middle Age",1,0,0,0,0,0,1,0,0,1,0,0,0,0,0,0,0,0,1,0,0,0,0,0,0,1,0
3025,0.942307692307692,0,"Blouse","Clothing",0.775,"Idaho",1,"White","Spring",0.6,0,"Free Shipping",0,0,0.938775510204082,"Credit Card","Every 3 Months","Senior",0,1,0,0,0,1,0,0,0,0,1,0,0,0,0,0,1,0,0,0,0,0,1,0,0,0,0
3026,0.423076923076923,0,"Shoes","Footwear",0.5,"Montana",4,"Green","Summer",0.36,0,"Store Pickup",0,0,0.122448979591837,"PayPal","Monthly","Middle Age",0,0,1,0,0,0,1,0,0,0,0,0,0,1,0,0,0,0,1,0,0,0,0,0,1,0,0
3027,0.711538461538462,0,"Shirt","Clothing",0.625,"Tennessee",3,"Magenta","Fall",0,0,"Free Shipping",0,0,0.102040816326531,"Credit Card","Annually","Senior",0,1,0,0,1,0,0,0,0,0,1,0,0,0,0,0,1,0,0,0,1,0,0,0,0,0,0
3028,0.653846153846154,0,"Hoodie","Clothing",0.075,"West Virginia",4,"Peach","Winter",0.12,0,"2-Day Shipping",0,0,0.938775510204082,"Credit Card","Quarterly","Senior",0,1,0,0,0,0,0,1,1,0,0,0,0,0,0,0,1,0,0,0,0,0,0,0,0,1,0
3029,0.846153846153846,0,"Dress","Clothing",1,"California",3,"Charcoal","Summer",0.2,0,"Free Shipping",0,0,0.122448979591837,"PayPal","Every 3 Months","Senior",0,1,0,0,0,0,1,0,0,0,1,0,0,0,0,0,0,0,1,0,0,0,1,0,0,0,0
3030,0.884615384615385,0,"Dress","Clothing",0.775,"Georgia",2,"Gold","Summer",0.24,0,"Free Shipping",0,0,0,"Debit Card","Quarterly","Senior",0,1,0,0,0,0,1,0,0,0,1,0,0,0,0,0,0,1,0,0,0,0,0,0,0,1,0
3031,0.480769230769231,0,"Sneakers","Footwear",0.05,"Maryland",4,"Purple","Spring",0.04,0,"2-Day Shipping",0,0,0.448979591836735,"Credit Card","Weekly","Middle Age",0,0,1,0,0,1,0,0,1,0,0,0,0,0,0,0,1,0,0,0,0,0,0,0,0,0,1
3032,0.826923076923077,0,"Blouse","Clothing",0.675,"Idaho",3,"Teal","Summer",0.96,0,"2-Day Shipping",0,0,0.591836734693878,"Credit Card","Monthly","Senior",0,1,0,0,0,0,1,0,1,0,0,0,0,0,0,0,1,0,0,0,0,0,0,0,1,0,0
3033,0.153846153846154,0,"Backpack","Accessories",0.475,"California",4,"Green","Summer",0.4,0,"Next Day Air",0,0,0.469387755102041,"Credit Card","Quarterly","Adult",1,0,0,0,0,0,1,0,0,0,0,1,0,0,0,0,1,0,0,0,0,0,0,0,0,1,0
3034,0.0769230769230769,0,"Sweater","Clothing",0.45,"Alabama",3,"Orange","Spring",0.04,0,"Store Pickup",0,0,0.163265306122449,"PayPal","Weekly","Young Adult",0,1,0,0,0,1,0,0,0,0,0,0,0,1,0,0,0,0,1,0,0,0,0,0,0,0,1
3035,0.634615384615385,0,"Boots","Footwear",0.2125,"Utah",3,"Peach","Spring",0.4,0,"2-Day Shipping",0,0,0.489795918367347,"Credit Card","Quarterly","Senior",0,0,1,0,0,1,0,0,1,0,0,0,0,0,0,0,1,0,0,0,0,0,0,0,0,1,0
3036,0.980769230769231,0,"Handbag","Accessories",0.55,"Kentucky",2,"Gold","Spring",0.8,0,"Free Shipping",0,0,0.346938775510204,"Cash","Bi-Weekly","Senior",1,0,0,0,0,1,0,0,0,0,1,0,0,0,0,1,0,0,0,0,0,1,0,0,0,0,0
3037,0.615384615384615,0,"Hoodie","Clothing",0.475,"Vermont",1,"Violet","Spring",0.72,0,"Next Day Air",0,0,0.122448979591837,"Venmo","Fortnightly","Middle Age",0,1,0,0,0,1,0,0,0,0,0,1,0,0,0,0,0,0,0,1,0,0,0,1,0,0,0
3038,0.634615384615385,0,"Belt","Accessories",0.3,"Iowa",3,"Charcoal","Summer",0.92,0,"Next Day Air",0,0,0.0204081632653061,"Cash","Annually","Senior",1,0,0,0,0,0,1,0,0,0,0,1,0,0,0,1,0,0,0,0,1,0,0,0,0,0,0
3039,0.730769230769231,0,"Jewelry","Accessories",0.2375,"Georgia",2,"Brown","Summer",0.68,0,"Free Shipping",0,0,0.714285714285714,"Debit Card","Annually","Senior",1,0,0,0,0,0,1,0,0,0,1,0,0,0,0,0,0,1,0,0,1,0,0,0,0,0,0
3040,0.788461538461538,0,"Blouse","Clothing",0.35,"Alabama",3,"Blue","Spring",0.28,0,"Next Day Air",0,0,0.612244897959184,"PayPal","Bi-Weekly","Senior",0,1,0,0,0,1,0,0,0,0,0,1,0,0,0,0,0,0,1,0,0,1,0,0,0,0,0
3041,0,0,"Handbag","Accessories",0.15,"Nebraska",2,"Gold","Fall",0.64,0,"Express",0,0,0.183673469387755,"Cash","Fortnightly","Young Adult",1,0,0,0,1,0,0,0,0,1,0,0,0,0,0,1,0,0,0,0,0,0,0,1,0,0,0
3042,0.576923076923077,0,"Handbag","Accessories",0.7375,"Rhode Island",2,"Orange","Winter",0.6,0,"Express",0,0,0.530612244897959,"PayPal","Monthly","Middle Age",1,0,0,0,0,0,0,1,0,1,0,0,0,0,0,0,0,0,1,0,0,0,0,0,1,0,0
3043,0.673076923076923,0,"Coat","Outerwear",0.0875,"South Dakota",3,"Turquoise","Winter",0.16,0,"Next Day Air",0,0,0.26530612244898,"PayPal","Every 3 Months","Senior",0,0,0,1,0,0,0,1,0,0,0,1,0,0,0,0,0,0,1,0,0,0,1,0,0,0,0
3044,0.519230769230769,0,"Belt","Accessories",0.975,"Illinois",1,"Peach","Fall",0.04,0,"Store Pickup",0,0,0.326530612244898,"Credit Card","Monthly","Middle Age",1,0,0,0,1,0,0,0,0,0,0,0,0,1,0,0,1,0,0,0,0,0,0,0,1,0,0
3045,0.0576923076923077,0,"Boots","Footwear",0.5875,"North Carolina",2,"Magenta","Winter",0.0800000000000001,0,"Free Shipping",0,0,0.183673469387755,"Bank Transfer","Quarterly","Young Adult",0,0,1,0,0,0,0,1,0,0,1,0,0,0,1,0,0,0,0,0,0,0,0,0,0,1,0
3046,0.461538461538462,0,"Socks","Clothing",0.2125,"Florida",3,"Black","Winter",0.84,0,"2-Day Shipping",0,0,0.0612244897959184,"PayPal","Bi-Weekly","Middle Age",0,1,0,0,0,0,0,1,1,0,0,0,0,0,0,0,0,0,1,0,0,1,0,0,0,0,0
3047,0.807692307692308,0,"Shoes","Footwear",0.3625,"Pennsylvania",2,"White","Spring",0.28,0,"Store Pickup",0,0,0.489795918367347,"Cash","Every 3 Months","Senior",0,0,1,0,0,1,0,0,0,0,0,0,0,1,0,1,0,0,0,0,0,0,1,0,0,0,0
3048,0.0576923076923077,0,"Sneakers","Footwear",0.675,"Vermont",2,"Violet","Fall",0.64,0,"2-Day Shipping",0,0,0.0408163265306122,"PayPal","Bi-Weekly","Young Adult",0,0,1,0,1,0,0,0,1,0,0,0,0,0,0,0,0,0,1,0,0,1,0,0,0,0,0
3049,0.980769230769231,0,"Jewelry","Accessories",0.9125,"Colorado",2,"Olive","Summer",0.56,0,"Standard",0,0,0.938775510204082,"Venmo","Fortnightly","Senior",1,0,0,0,0,0,1,0,0,0,0,0,1,0,0,0,0,0,0,1,0,0,0,1,0,0,0
3050,0.423076923076923,0,"Handbag","Accessories",0.5,"Utah",3,"Red","Summer",0.2,0,"Next Day Air",0,0,0.816326530612245,"Bank Transfer","Bi-Weekly","Middle Age",1,0,0,0,0,0,1,0,0,0,0,1,0,0,1,0,0,0,0,0,0,1,0,0,0,0,0
3051,0.25,0,"Coat","Outerwear",0.7,"Kentucky",1,"Green","Spring",0.44,0,"Standard",0,0,0.551020408163265,"Venmo","Every 3 Months","Adult",0,0,0,1,0,1,0,0,0,0,0,0,1,0,0,0,0,0,0,1,0,0,1,0,0,0,0
3052,0.5,0,"Sunglasses","Accessories",0.55,"Wyoming",3,"Gold","Summer",0.84,0,"Express",0,0,0.979591836734694,"Debit Card","Every 3 Months","Middle Age",1,0,0,0,0,0,1,0,0,1,0,0,0,0,0,0,0,1,0,0,0,0,1,0,0,0,0
3053,0.576923076923077,0,"Shoes","Footwear",0.225,"Maine",4,"Olive","Spring",0.8,0,"Store Pickup",0,0,0.122448979591837,"Bank Transfer","Fortnightly","Middle Age",0,0,1,0,0,1,0,0,0,0,0,0,0,1,1,0,0,0,0,0,0,0,0,1,0,0,0
3054,0.269230769230769,0,"Shoes","Footwear",0.8875,"Maine",3,"Brown","Winter",0.28,0,"Next Day Air",0,0,0.428571428571429,"Bank Transfer","Monthly","Adult",0,0,1,0,0,0,0,1,0,0,0,1,0,0,1,0,0,0,0,0,0,0,0,0,1,0,0
3055,0.461538461538462,0,"Boots","Footwear",0.625,"New Hampshire",1,"Magenta","Summer",0.96,0,"2-Day Shipping",0,0,0.673469387755102,"Venmo","Monthly","Middle Age",0,0,1,0,0,0,1,0,1,0,0,0,0,0,0,0,0,0,0,1,0,0,0,0,1,0,0
3056,0.173076923076923,0,"Sandals","Footwear",0.025,"Kansas",2,"Violet","Fall",1,0,"Standard",0,0,0.0816326530612245,"Debit Card","Bi-Weekly","Adult",0,0,1,0,1,0,0,0,0,0,0,0,1,0,0,0,0,1,0,0,0,1,0,0,0,0,0
3057,0.980769230769231,0,"Gloves","Accessories",0.4875,"New Jersey",2,"Beige","Spring",0.52,0,"Standard",0,0,0.285714285714286,"Cash","Bi-Weekly","Senior",1,0,0,0,0,1,0,0,0,0,0,0,1,0,0,1,0,0,0,0,0,1,0,0,0,0,0
3058,0.942307692307692,0,"Backpack","Accessories",0.025,"North Carolina",2,"Blue","Spring",0.36,0,"Next Day Air",0,0,0.510204081632653,"Bank Transfer","Weekly","Senior",1,0,0,0,0,1,0,0,0,0,0,1,0,0,1,0,0,0,0,0,0,0,0,0,0,0,1
3059,0.442307692307692,0,"Handbag","Accessories",0.675,"West Virginia",1,"Orange","Winter",0.52,0,"Store Pickup",0,0,0.0408163265306122,"Bank Transfer","Fortnightly","Middle Age",1,0,0,0,0,0,0,1,0,0,0,0,0,1,1,0,0,0,0,0,0,0,0,1,0,0,0
3060,0.538461538461538,0,"Sweater","Clothing",0.6375,"Kentucky",3,"Maroon","Spring",0.28,0,"Express",0,0,0.836734693877551,"Credit Card","Quarterly","Middle Age",0,1,0,0,0,1,0,0,0,1,0,0,0,0,0,0,1,0,0,0,0,0,0,0,0,1,0
3061,0.557692307692308,0,"Coat","Outerwear",0.75,"California",1,"Charcoal","Summer",0.88,0,"Store Pickup",0,0,0,"Venmo","Monthly","Middle Age",0,0,0,1,0,0,1,0,0,0,0,0,0,1,0,0,0,0,0,1,0,0,0,0,1,0,0
3062,0.288461538461538,0,"T-shirt","Clothing",0.4875,"South Dakota",3,"Olive","Fall",0.8,0,"Express",0,0,0.387755102040816,"PayPal","Every 3 Months","Adult",0,1,0,0,1,0,0,0,0,1,0,0,0,0,0,0,0,0,1,0,0,0,1,0,0,0,0
3063,0.634615384615385,0,"Backpack","Accessories",0.95,"California",3,"Green","Fall",0.32,0,"Standard",0,0,0.775510204081633,"PayPal","Monthly","Senior",1,0,0,0,1,0,0,0,0,0,0,0,1,0,0,0,0,0,1,0,0,0,0,0,1,0,0
3064,0.153846153846154,0,"Sunglasses","Accessories",0.2875,"Connecticut",3,"Brown","Winter",0.56,0,"Store Pickup",0,0,0.469387755102041,"Credit Card","Fortnightly","Adult",1,0,0,0,0,0,0,1,0,0,0,0,0,1,0,0,1,0,0,0,0,0,0,1,0,0,0
3065,0.0769230769230769,0,"Belt","Accessories",0.7,"Idaho",1,"Cyan","Winter",0.44,0,"Express",0,0,0.979591836734694,"Bank Transfer","Quarterly","Young Adult",1,0,0,0,0,0,0,1,0,1,0,0,0,0,1,0,0,0,0,0,0,0,0,0,0,1,0
3066,0.596153846153846,0,"Jacket","Outerwear",0.4875,"North Dakota",2,"Beige","Fall",0.12,0,"Store Pickup",0,0,0.122448979591837,"Venmo","Bi-Weekly","Middle Age",0,0,0,1,1,0,0,0,0,0,0,0,0,1,0,0,0,0,0,1,0,1,0,0,0,0,0
3067,0.769230769230769,0,"Skirt","Clothing",0.35,"Michigan",3,"Teal","Summer",0.72,0,"Free Shipping",0,0,0.244897959183673,"Venmo","Every 3 Months","Senior",0,1,0,0,0,0,1,0,0,0,1,0,0,0,0,0,0,0,0,1,0,0,1,0,0,0,0
3068,1,0,"Belt","Accessories",0.025,"Missouri",1,"Gray","Spring",0.4,0,"Free Shipping",0,0,0.0204081632653061,"Cash","Weekly","Senior",1,0,0,0,0,1,0,0,0,0,1,0,0,0,0,1,0,0,0,0,0,0,0,0,0,0,1
3069,0.269230769230769,0,"Boots","Footwear",0.25,"California",2,"Indigo","Winter",0.68,0,"Express",0,0,0.0612244897959184,"Debit Card","Weekly","Adult",0,0,1,0,0,0,0,1,0,1,0,0,0,0,0,0,0,1,0,0,0,0,0,0,0,0,1
3070,0.846153846153846,0,"Jeans","Clothing",0.6625,"Delaware",3,"Magenta","Spring",0.84,0,"Express",0,0,0.326530612244898,"Debit Card","Quarterly","Senior",0,1,0,0,0,1,0,0,0,1,0,0,0,0,0,0,0,1,0,0,0,0,0,0,0,1,0
3071,0.653846153846154,0,"Shoes","Footwear",0.075,"Alabama",4,"Red","Fall",0.04,0,"Free Shipping",0,0,0.857142857142857,"PayPal","Bi-Weekly","Senior",0,0,1,0,1,0,0,0,0,0,1,0,0,0,0,0,0,0,1,0,0,1,0,0,0,0,0
3072,0.0961538461538462,0,"Sweater","Clothing",0.2625,"New Hampshire",3,"Turquoise","Spring",0.36,0,"Next Day Air",0,0,0.102040816326531,"PayPal","Monthly","Young Adult",0,1,0,0,0,1,0,0,0,0,0,1,0,0,0,0,0,0,1,0,0,0,0,0,1,0,0
3073,0.153846153846154,0,"Jewelry","Accessories",0.975,"New York",3,"Peach","Spring",0.24,0,"Standard",0,0,0.918367346938776,"PayPal","Quarterly","Adult",1,0,0,0,0,1,0,0,0,0,0,0,1,0,0,0,0,0,1,0,0,0,0,0,0,1,0
3074,0.769230769230769,0,"Shirt","Clothing",0.5375,"Oregon",3,"White","Winter",0.44,0,"Free Shipping",0,0,0.122448979591837,"Debit Card","Bi-Weekly","Senior",0,1,0,0,0,0,0,1,0,0,1,0,0,0,0,0,0,1,0,0,0,1,0,0,0,0,0
3075,0.153846153846154,0,"Boots","Footwear",0.4375,"Massachusetts",3,"Maroon","Winter",0.68,0,"Next Day Air",0,0,0.673469387755102,"Debit Card","Fortnightly","Adult",0,0,1,0,0,0,0,1,0,0,0,1,0,0,0,0,0,1,0,0,0,0,0,1,0,0,0
3076,0.692307692307692,0,"Shorts","Clothing",0.875,"Utah",4,"Beige","Winter",0.44,0,"Standard",0,0,0.408163265306122,"PayPal","Every 3 Months","Senior",0,1,0,0,0,0,0,1,0,0,0,0,1,0,0,0,0,0,1,0,0,0,1,0,0,0,0
3077,0.923076923076923,0,"Handbag","Accessories",0.325,"New Hampshire",2,"Blue","Summer",0.44,0,"Express",0,0,0.244897959183673,"Venmo","Bi-Weekly","Senior",1,0,0,0,0,0,1,0,0,1,0,0,0,0,0,0,0,0,0,1,0,1,0,0,0,0,0
3078,0.807692307692308,0,"Sweater","Clothing",0.85,"Illinois",1,"Red","Spring",0.2,0,"Store Pickup",0,0,0.653061224489796,"Debit Card","Bi-Weekly","Senior",0,1,0,0,0,1,0,0,0,0,0,0,0,1,0,0,0,1,0,0,0,1,0,0,0,0,0
3079,0.269230769230769,0,"Belt","Accessories",0.9375,"Alaska",2,"Blue","Spring",0,0,"2-Day Shipping",0,0,0.469387755102041,"Bank Transfer","Bi-Weekly","Adult",1,0,0,0,0,1,0,0,1,0,0,0,0,0,1,0,0,0,0,0,0,1,0,0,0,0,0
3080,0.576923076923077,0,"Belt","Accessories",0.1375,"Wyoming",2,"Maroon","Fall",0.6,0,"Store Pickup",0,0,0.0612244897959184,"Bank Transfer","Annually","Middle Age",1,0,0,0,1,0,0,0,0,0,0,0,0,1,1,0,0,0,0,0,1,0,0,0,0,0,0
3081,0.980769230769231,0,"Hoodie","Clothing",0.275,"Colorado",3,"Yellow","Spring",0.64,0,"Next Day Air",0,0,0.0816326530612245,"Cash","Bi-Weekly","Senior",0,1,0,0,0,1,0,0,0,0,0,1,0,0,0,1,0,0,0,0,0,1,0,0,0,0,0
3082,0.884615384615385,0,"Sneakers","Footwear",0.3,"Vermont",3,"Pink","Winter",0.96,0,"Next Day Air",0,0,0.204081632653061,"Credit Card","Weekly","Senior",0,0,1,0,0,0,0,1,0,0,0,1,0,0,0,0,1,0,0,0,0,0,0,0,0,0,1
3083,0.730769230769231,0,"T-shirt","Clothing",0.9875,"Utah",2,"Maroon","Spring",0.6,0,"Next Day Air",0,0,0.387755102040816,"Bank Transfer","Annually","Senior",0,1,0,0,0,1,0,0,0,0,0,1,0,0,1,0,0,0,0,0,1,0,0,0,0,0,0
3084,0.0769230769230769,0,"Pants","Clothing",0,"Illinois",1,"Purple","Summer",0.4,0,"Store Pickup",0,0,0.551020408163265,"PayPal","Quarterly","Young Adult",0,1,0,0,0,0,1,0,0,0,0,0,0,1,0,0,0,0,1,0,0,0,0,0,0,1,0
3085,0.538461538461538,0,"Scarf","Accessories",0.2125,"Idaho",1,"Indigo","Spring",0.28,0,"Store Pickup",0,0,0.857142857142857,"PayPal","Monthly","Middle Age",1,0,0,0,0,1,0,0,0,0,0,0,0,1,0,0,0,0,1,0,0,0,0,0,1,0,0
3086,0.115384615384615,0,"Sweater","Clothing",0.375,"Nevada",3,"Gray","Winter",0.12,0,"Store Pickup",0,0,0.183673469387755,"Venmo","Every 3 Months","Young Adult",0,1,0,0,0,0,0,1,0,0,0,0,0,1,0,0,0,0,0,1,0,0,1,0,0,0,0
3087,0.557692307692308,0,"Handbag","Accessories",0.6625,"Utah",2,"Lavender","Summer",0.4,0,"Next Day Air",0,0,0.510204081632653,"Venmo","Every 3 Months","Middle Age",1,0,0,0,0,0,1,0,0,0,0,1,0,0,0,0,0,0,0,1,0,0,1,0,0,0,0
3088,0.846153846153846,0,"Shirt","Clothing",0.8,"North Carolina",2,"Charcoal","Spring",0.24,0,"Free Shipping",0,0,0.571428571428571,"Bank Transfer","Monthly","Senior",0,1,0,0,0,1,0,0,0,0,1,0,0,0,1,0,0,0,0,0,0,0,0,0,1,0,0
3089,0.307692307692308,0,"Dress","Clothing",0.55,"Arkansas",2,"Teal","Spring",0.32,0,"Store Pickup",0,0,0.693877551020408,"Bank Transfer","Quarterly","Adult",0,1,0,0,0,1,0,0,0,0,0,0,0,1,1,0,0,0,0,0,0,0,0,0,0,1,0
3090,0.615384615384615,0,"Sandals","Footwear",0.0125,"North Carolina",3,"Blue","Fall",0.84,0,"Free Shipping",0,0,0.448979591836735,"Cash","Bi-Weekly","Middle Age",0,0,1,0,1,0,0,0,0,0,1,0,0,0,0,1,0,0,0,0,0,1,0,0,0,0,0
3091,0.211538461538462,0,"Shirt","Clothing",0.2,"Texas",2,"Peach","Summer",0.96,0,"Store Pickup",0,0,0.285714285714286,"Bank Transfer","Quarterly","Adult",0,1,0,0,0,0,1,0,0,0,0,0,0,1,1,0,0,0,0,0,0,0,0,0,0,1,0
3092,0.961538461538462,0,"Dress","Clothing",0.7625,"Nevada",3,"Orange","Winter",0.36,0,"2-Day Shipping",0,0,0.918367346938776,"Credit Card","Annually","Senior",0,1,0,0,0,0,0,1,1,0,0,0,0,0,0,0,1,0,0,0,1,0,0,0,0,0,0
3093,0.653846153846154,0,"Sunglasses","Accessories",0.425,"Utah",3,"Silver","Fall",0.4,0,"Next Day Air",0,0,0.26530612244898,"Bank Transfer","Bi-Weekly","Senior",1,0,0,0,1,0,0,0,0,0,0,1,0,0,1,0,0,0,0,0,0,1,0,0,0,0,0
3094,0.211538461538462,0,"Socks","Clothing",0.5375,"Pennsylvania",3,"Red","Summer",0.92,0,"Store Pickup",0,0,0.326530612244898,"Cash","Every 3 Months","Adult",0,1,0,0,0,0,1,0,0,0,0,0,0,1,0,1,0,0,0,0,0,0,1,0,0,0,0
3095,0.0769230769230769,0,"Sandals","Footwear",0.4875,"Georgia",2,"Gray","Summer",0.0800000000000001,0,"Store Pickup",0,0,0.163265306122449,"Cash","Weekly","Young Adult",0,0,1,0,0,0,1,0,0,0,0,0,0,1,0,1,0,0,0,0,0,0,0,0,0,0,1
3096,0.846153846153846,0,"Hat","Accessories",0.4125,"Minnesota",1,"Beige","Fall",0.36,0,"Standard",0,0,0.244897959183673,"Venmo","Fortnightly","Senior",1,0,0,0,1,0,0,0,0,0,0,0,1,0,0,0,0,0,0,1,0,0,0,1,0,0,0
3097,0.980769230769231,0,"Shirt","Clothing",0.5375,"Kansas",3,"White","Winter",0.4,0,"Next Day Air",0,0,0.387755102040816,"Bank Transfer","Monthly","Senior",0,1,0,0,0,0,0,1,0,0,0,1,0,0,1,0,0,0,0,0,0,0,0,0,1,0,0
3098,0.576923076923077,0,"Shoes","Footwear",0.1625,"Delaware",2,"Silver","Fall",0.48,0,"Free Shipping",0,0,0.775510204081633,"Bank Transfer","Quarterly","Middle Age",0,0,1,0,1,0,0,0,0,0,1,0,0,0,1,0,0,0,0,0,0,0,0,0,0,1,0
3099,0.923076923076923,0,"Pants","Clothing",0.55,"New Mexico",3,"Cyan","Summer",0.32,0,"Next Day Air",0,0,1,"Bank Transfer","Quarterly","Senior",0,1,0,0,0,0,1,0,0,0,0,1,0,0,1,0,0,0,0,0,0,0,0,0,0,1,0
3100,0.461538461538462,0,"Shirt","Clothing",0.975,"Michigan",1,"Maroon","Fall",0.16,0,"Free Shipping",0,0,0.408163265306122,"Bank Transfer","Bi-Weekly","Middle Age",0,1,0,0,1,0,0,0,0,0,1,0,0,0,1,0,0,0,0,0,0,1,0,0,0,0,0
3101,0.615384615384615,0,"Hat","Accessories",0.8125,"Vermont",3,"Purple","Winter",0.56,0,"Express",0,0,0.0408163265306122,"Bank Transfer","Weekly","Middle Age",1,0,0,0,0,0,0,1,0,1,0,0,0,0,1,0,0,0,0,0,0,0,0,0,0,0,1
3102,0.269230769230769,0,"Jewelry","Accessories",0.775,"Idaho",1,"Brown","Summer",0.0800000000000001,0,"Express",0,0,0.163265306122449,"PayPal","Fortnightly","Adult",1,0,0,0,0,0,1,0,0,1,0,0,0,0,0,0,0,0,1,0,0,0,0,1,0,0,0
3103,0.634615384615385,0,"Jacket","Outerwear",0.8125,"South Dakota",2,"Green","Summer",0.72,0,"Standard",0,0,0.571428571428571,"Cash","Bi-Weekly","Senior",0,0,0,1,0,0,1,0,0,0,0,0,1,0,0,1,0,0,0,0,0,1,0,0,0,0,0
3104,0.173076923076923,0,"Shirt","Clothing",0.2125,"Illinois",1,"Peach","Winter",0.2,0,"2-Day Shipping",0,0,0.836734693877551,"Bank Transfer","Weekly","Adult",0,1,0,0,0,0,0,1,1,0,0,0,0,0,1,0,0,0,0,0,0,0,0,0,0,0,1
3105,0.480769230769231,0,"Pants","Clothing",0.45,"Georgia",1,"Turquoise","Summer",1,0,"2-Day Shipping",0,0,0.816326530612245,"Debit Card","Fortnightly","Middle Age",0,1,0,0,0,0,1,0,1,0,0,0,0,0,0,0,0,1,0,0,0,0,0,1,0,0,0
3106,0.576923076923077,0,"Skirt","Clothing",0.1625,"Oregon",2,"Olive","Fall",0.0800000000000001,0,"Express",0,0,0.326530612244898,"Debit Card","Monthly","Middle Age",0,1,0,0,1,0,0,0,0,1,0,0,0,0,0,0,0,1,0,0,0,0,0,0,1,0,0
3107,0.846153846153846,0,"Sandals","Footwear",0.4625,"Alabama",2,"Yellow","Winter",0.88,0,"Next Day Air",0,0,0.387755102040816,"PayPal","Annually","Senior",0,0,1,0,0,0,0,1,0,0,0,1,0,0,0,0,0,0,1,0,1,0,0,0,0,0,0
3108,0.903846153846154,0,"Blouse","Clothing",0.1375,"Hawaii",3,"Gray","Winter",0.84,0,"Standard",0,0,0.346938775510204,"Credit Card","Bi-Weekly","Senior",0,1,0,0,0,0,0,1,0,0,0,0,1,0,0,0,1,0,0,0,0,1,0,0,0,0,0
3109,0.615384615384615,0,"Socks","Clothing",0.6125,"Oregon",2,"Purple","Fall",0.28,0,"2-Day Shipping",0,0,0.122448979591837,"PayPal","Monthly","Middle Age",0,1,0,0,1,0,0,0,1,0,0,0,0,0,0,0,0,0,1,0,0,0,0,0,1,0,0
3110,0.807692307692308,0,"Jacket","Outerwear",0.9,"Illinois",2,"Gray","Winter",0.72,0,"Free Shipping",0,0,0.938775510204082,"Bank Transfer","Fortnightly","Senior",0,0,0,1,0,0,0,1,0,0,1,0,0,0,1,0,0,0,0,0,0,0,0,1,0,0,0
3111,0.0192307692307692,0,"Handbag","Accessories",0.325,"Texas",3,"Lavender","Fall",0.84,0,"Next Day Air",0,0,0.0204081632653061,"Bank Transfer","Bi-Weekly","Young Adult",1,0,0,0,1,0,0,0,0,0,0,1,0,0,1,0,0,0,0,0,0,1,0,0,0,0,0
3112,0.0576923076923077,0,"Belt","Accessories",0.7625,"Kansas",4,"Indigo","Spring",0.96,0,"Free Shipping",0,0,0.489795918367347,"Debit Card","Quarterly","Young Adult",1,0,0,0,0,1,0,0,0,0,1,0,0,0,0,0,0,1,0,0,0,0,0,0,0,1,0
3113,0.0192307692307692,0,"Blouse","Clothing",0.9625,"Texas",1,"Green","Fall",0.52,0,"Express",0,0,0.510204081632653,"Venmo","Annually","Young Adult",0,1,0,0,1,0,0,0,0,1,0,0,0,0,0,0,0,0,0,1,1,0,0,0,0,0,0
3114,0.538461538461538,0,"Shirt","Clothing",0.9125,"Nebraska",3,"Green","Summer",0.04,0,"Express",0,0,0.0204081632653061,"Debit Card","Weekly","Middle Age",0,1,0,0,0,0,1,0,0,1,0,0,0,0,0,0,0,1,0,0,0,0,0,0,0,0,1
3115,0.0576923076923077,0,"Handbag","Accessories",0.45,"Arkansas",2,"Olive","Spring",0.88,0,"Store Pickup",0,0,0.897959183673469,"Venmo","Bi-Weekly","Young Adult",1,0,0,0,0,1,0,0,0,0,0,0,0,1,0,0,0,0,0,1,0,1,0,0,0,0,0
3116,0.153846153846154,0,"Scarf","Accessories",0.4125,"South Dakota",2,"Charcoal","Fall",0.64,0,"Free Shipping",0,0,0.163265306122449,"Bank Transfer","Bi-Weekly","Adult",1,0,0,0,1,0,0,0,0,0,1,0,0,0,1,0,0,0,0,0,0,1,0,0,0,0,0
3117,0.615384615384615,0,"Coat","Outerwear",0.575,"Montana",3,"Gray","Spring",0.48,0,"Store Pickup",0,0,0,"Venmo","Weekly","Middle Age",0,0,0,1,0,1,0,0,0,0,0,0,0,1,0,0,0,0,0,1,0,0,0,0,0,0,1
3118,0.480769230769231,0,"Hoodie","Clothing",0.375,"Florida",2,"Olive","Fall",0.2,0,"Free Shipping",0,0,0.0612244897959184,"PayPal","Bi-Weekly","Middle Age",0,1,0,0,1,0,0,0,0,0,1,0,0,0,0,0,0,0,1,0,0,1,0,0,0,0,0
3119,0.826923076923077,0,"Shorts","Clothing",0.9625,"Virginia",3,"Blue","Summer",0.88,0,"Standard",0,0,0.612244897959184,"Debit Card","Quarterly","Senior",0,1,0,0,0,0,1,0,0,0,0,0,1,0,0,0,0,1,0,0,0,0,0,0,0,1,0
3120,0.865384615384615,0,"Sandals","Footwear",0.7375,"Louisiana",4,"Silver","Winter",0.88,0,"2-Day Shipping",0,0,0.408163265306122,"Credit Card","Every 3 Months","Senior",0,0,1,0,0,0,0,1,1,0,0,0,0,0,0,0,1,0,0,0,0,0,1,0,0,0,0
3121,0.538461538461538,0,"Shirt","Clothing",0.7,"Louisiana",2,"Magenta","Fall",0.6,0,"Store Pickup",0,0,0.63265306122449,"Debit Card","Fortnightly","Middle Age",0,1,0,0,1,0,0,0,0,0,0,0,0,1,0,0,0,1,0,0,0,0,0,1,0,0,0
3122,0.865384615384615,0,"Hoodie","Clothing",0.225,"Louisiana",3,"Black","Fall",0.04,0,"Standard",0,0,0.306122448979592,"Venmo","Weekly","Senior",0,1,0,0,1,0,0,0,0,0,0,0,1,0,0,0,0,0,0,1,0,0,0,0,0,0,1
3123,0.0961538461538462,0,"Socks","Clothing",0.3125,"Georgia",2,"Pink","Fall",0.2,0,"Express",0,0,0.673469387755102,"Credit Card","Fortnightly","Young Adult",0,1,0,0,1,0,0,0,0,1,0,0,0,0,0,0,1,0,0,0,0,0,0,1,0,0,0
3124,0.75,0,"Handbag","Accessories",0.7125,"Iowa",4,"Red","Fall",0.32,0,"Next Day Air",0,0,0.795918367346939,"Venmo","Bi-Weekly","Senior",1,0,0,0,1,0,0,0,0,0,0,1,0,0,0,0,0,0,0,1,0,1,0,0,0,0,0
3125,0.75,0,"Jewelry","Accessories",0.3875,"California",2,"Peach","Summer",0.36,0,"Standard",0,0,0.0612244897959184,"Cash","Every 3 Months","Senior",1,0,0,0,0,0,1,0,0,0,0,0,1,0,0,1,0,0,0,0,0,0,1,0,0,0,0
3126,0.288461538461538,0,"Coat","Outerwear",0.075,"Oregon",3,"Lavender","Spring",0.6,0,"Standard",0,0,0.0408163265306122,"Cash","Quarterly","Adult",0,0,0,1,0,1,0,0,0,0,0,0,1,0,0,1,0,0,0,0,0,0,0,0,0,1,0
3127,0.75,0,"Sunglasses","Accessories",0.7,"Maine",3,"Lavender","Winter",0.04,0,"Store Pickup",0,0,0.551020408163265,"Bank Transfer","Bi-Weekly","Senior",1,0,0,0,0,0,0,1,0,0,0,0,0,1,1,0,0,0,0,0,0,1,0,0,0,0,0
3128,0.711538461538462,0,"Gloves","Accessories",0.925,"Louisiana",2,"Beige","Winter",0.36,0,"Free Shipping",0,0,0.857142857142857,"Credit Card","Every 3 Months","Senior",1,0,0,0,0,0,0,1,0,0,1,0,0,0,0,0,1,0,0,0,0,0,1,0,0,0,0
3129,0.903846153846154,0,"Jacket","Outerwear",0.15,"Arkansas",1,"Indigo","Fall",0.76,0,"Standard",0,0,0.387755102040816,"Cash","Annually","Senior",0,0,0,1,1,0,0,0,0,0,0,0,1,0,0,1,0,0,0,0,1,0,0,0,0,0,0
3130,0.807692307692308,0,"Sandals","Footwear",0,"Maryland",1,"Cyan","Summer",0.88,0,"Express",0,0,0.795918367346939,"Venmo","Every 3 Months","Senior",0,0,1,0,0,0,1,0,0,1,0,0,0,0,0,0,0,0,0,1,0,0,1,0,0,0,0
3131,0.653846153846154,0,"Pants","Clothing",0,"Vermont",2,"Yellow","Summer",0.8,0,"Store Pickup",0,0,0.673469387755102,"Venmo","Every 3 Months","Senior",0,1,0,0,0,0,1,0,0,0,0,0,0,1,0,0,0,0,0,1,0,0,1,0,0,0,0
3132,0.307692307692308,0,"Jacket","Outerwear",0.4875,"North Dakota",2,"Peach","Fall",0.16,0,"Store Pickup",0,0,0.204081632653061,"Bank Transfer","Every 3 Months","Adult",0,0,0,1,1,0,0,0,0,0,0,0,0,1,1,0,0,0,0,0,0,0,1,0,0,0,0
3133,0.288461538461538,0,"Sweater","Clothing",0.9625,"Michigan",2,"Yellow","Summer",0.68,0,"Express",0,0,0.510204081632653,"Cash","Quarterly","Adult",0,1,0,0,0,0,1,0,0,1,0,0,0,0,0,1,0,0,0,0,0,0,0,0,0,1,0
3134,0.769230769230769,0,"T-shirt","Clothing",0.6,"Arkansas",2,"Orange","Spring",0.64,0,"Next Day Air",0,0,0.571428571428571,"Cash","Bi-Weekly","Senior",0,1,0,0,0,1,0,0,0,0,0,1,0,0,0,1,0,0,0,0,0,1,0,0,0,0,0
3135,0.326923076923077,0,"Boots","Footwear",0.575,"Kentucky",3,"Gray","Spring",0.76,0,"Store Pickup",0,0,0.938775510204082,"Bank Transfer","Weekly","Adult",0,0,1,0,0,1,0,0,0,0,0,0,0,1,1,0,0,0,0,0,0,0,0,0,0,0,1
3136,0.961538461538462,0,"Shoes","Footwear",0.8125,"Indiana",3,"Yellow","Spring",0.88,0,"Free Shipping",0,0,0.959183673469388,"Venmo","Fortnightly","Senior",0,0,1,0,0,1,0,0,0,0,1,0,0,0,0,0,0,0,0,1,0,0,0,1,0,0,0
3137,0.769230769230769,0,"Skirt","Clothing",0.15,"Minnesota",2,"Gray","Fall",0.24,0,"Next Day Air",0,0,0.571428571428571,"Cash","Bi-Weekly","Senior",0,1,0,0,1,0,0,0,0,0,0,1,0,0,0,1,0,0,0,0,0,1,0,0,0,0,0
3138,0.307692307692308,0,"Coat","Outerwear",0.3,"Louisiana",2,"Turquoise","Spring",0.0800000000000001,0,"2-Day Shipping",0,0,0.26530612244898,"Bank Transfer","Monthly","Adult",0,0,0,1,0,1,0,0,1,0,0,0,0,0,1,0,0,0,0,0,0,0,0,0,1,0,0
3139,0.557692307692308,0,"Blouse","Clothing",0.9375,"Kentucky",3,"Gray","Fall",0.84,0,"Next Day Air",0,0,0.795918367346939,"Cash","Every 3 Months","Middle Age",0,1,0,0,1,0,0,0,0,0,0,1,0,0,0,1,0,0,0,0,0,0,1,0,0,0,0
3140,0.326923076923077,0,"Sunglasses","Accessories",0.8125,"Georgia",2,"Olive","Winter",0.76,0,"Next Day Air",0,0,0.0612244897959184,"Venmo","Weekly","Adult",1,0,0,0,0,0,0,1,0,0,0,1,0,0,0,0,0,0,0,1,0,0,0,0,0,0,1
3141,0.307692307692308,0,"Gloves","Accessories",0.3,"Alaska",4,"Peach","Summer",0.84,0,"Free Shipping",0,0,0.73469387755102,"Bank Transfer","Weekly","Adult",1,0,0,0,0,0,1,0,0,0,1,0,0,0,1,0,0,0,0,0,0,0,0,0,0,0,1
3142,0.346153846153846,0,"Sunglasses","Accessories",0.125,"Mississippi",1,"Peach","Winter",0.96,0,"Express",0,0,0.938775510204082,"Credit Card","Bi-Weekly","Middle Age",1,0,0,0,0,0,0,1,0,1,0,0,0,0,0,0,1,0,0,0,0,1,0,0,0,0,0
3143,0.0961538461538462,0,"Sneakers","Footwear",0.0125,"Kansas",3,"Magenta","Winter",0.6,0,"2-Day Shipping",0,0,0,"Venmo","Quarterly","Young Adult",0,0,1,0,0,0,0,1,1,0,0,0,0,0,0,0,0,0,0,1,0,0,0,0,0,1,0
3144,0.961538461538462,0,"Hoodie","Clothing",0.025,"Arizona",2,"Purple","Summer",0.16,0,"Store Pickup",0,0,0.510204081632653,"Cash","Quarterly","Senior",0,1,0,0,0,0,1,0,0,0,0,0,0,1,0,1,0,0,0,0,0,0,0,0,0,1,0
3145,0.0961538461538462,0,"Boots","Footwear",0.625,"Maine",3,"Beige","Spring",0.04,0,"Free Shipping",0,0,0.224489795918367,"Debit Card","Quarterly","Young Adult",0,0,1,0,0,1,0,0,0,0,1,0,0,0,0,0,0,1,0,0,0,0,0,0,0,1,0
3146,0.75,0,"Handbag","Accessories",0.1125,"Texas",4,"Purple","Spring",0.84,0,"Standard",0,0,0.306122448979592,"PayPal","Fortnightly","Senior",1,0,0,0,0,1,0,0,0,0,0,0,1,0,0,0,0,0,1,0,0,0,0,1,0,0,0
3147,0.0576923076923077,0,"Shirt","Clothing",0.7875,"Virginia",1,"Yellow","Winter",0.96,0,"Free Shipping",0,0,0.36734693877551,"PayPal","Annually","Young Adult",0,1,0,0,0,0,0,1,0,0,1,0,0,0,0,0,0,0,1,0,1,0,0,0,0,0,0
3148,0.519230769230769,0,"Sweater","Clothing",0.9875,"North Dakota",2,"Pink","Winter",0.72,0,"Express",0,0,0.408163265306122,"Credit Card","Weekly","Middle Age",0,1,0,0,0,0,0,1,0,1,0,0,0,0,0,0,1,0,0,0,0,0,0,0,0,0,1
3149,0.365384615384615,0,"Shorts","Clothing",0.1875,"West Virginia",3,"Purple","Fall",0.72,0,"Free Shipping",0,0,0.285714285714286,"Venmo","Weekly","Middle Age",0,1,0,0,1,0,0,0,0,0,1,0,0,0,0,0,0,0,0,1,0,0,0,0,0,0,1
3150,0,0,"Belt","Accessories",0.25,"North Carolina",2,"Lavender","Winter",0.84,0,"Free Shipping",0,0,0.163265306122449,"Venmo","Annually","Young Adult",1,0,0,0,0,0,0,1,0,0,1,0,0,0,0,0,0,0,0,1,1,0,0,0,0,0,0
3151,0.711538461538462,0,"Blouse","Clothing",0.0625,"Georgia",2,"Peach","Spring",0.04,0,"Express",0,0,0.122448979591837,"Bank Transfer","Bi-Weekly","Senior",0,1,0,0,0,1,0,0,0,1,0,0,0,0,1,0,0,0,0,0,0,1,0,0,0,0,0
3152,0.653846153846154,0,"T-shirt","Clothing",0.55,"New Mexico",3,"Orange","Fall",0.24,0,"2-Day Shipping",0,0,0.938775510204082,"Bank Transfer","Quarterly","Senior",0,1,0,0,1,0,0,0,1,0,0,0,0,0,1,0,0,0,0,0,0,0,0,0,0,1,0
3153,0.596153846153846,0,"Belt","Accessories",0.875,"North Carolina",2,"Red","Fall",0.24,0,"Store Pickup",0,0,0.326530612244898,"PayPal","Monthly","Middle Age",1,0,0,0,1,0,0,0,0,0,0,0,0,1,0,0,0,0,1,0,0,0,0,0,1,0,0
3154,0.730769230769231,0,"Socks","Clothing",0.85,"Alabama",3,"Red","Fall",0.24,0,"Next Day Air",0,0,0.918367346938776,"Venmo","Fortnightly","Senior",0,1,0,0,1,0,0,0,0,0,0,1,0,0,0,0,0,0,0,1,0,0,0,1,0,0,0
3155,0.173076923076923,0,"Belt","Accessories",0.4375,"Connecticut",2,"Gold","Winter",0.76,0,"Standard",0,0,0.63265306122449,"Cash","Quarterly","Adult",1,0,0,0,0,0,0,1,0,0,0,0,1,0,0,1,0,0,0,0,0,0,0,0,0,1,0
3156,0.0769230769230769,0,"Handbag","Accessories",0.875,"Montana",2,"Brown","Fall",0.72,0,"Free Shipping",0,0,0.673469387755102,"Cash","Annually","Young Adult",1,0,0,0,1,0,0,0,0,0,1,0,0,0,0,1,0,0,0,0,1,0,0,0,0,0,0
3157,0,0,"Shirt","Clothing",0.375,"Montana",2,"Black","Winter",0.24,0,"2-Day Shipping",0,0,0.346938775510204,"Cash","Monthly","Young Adult",0,1,0,0,0,0,0,1,1,0,0,0,0,0,0,1,0,0,0,0,0,0,0,0,1,0,0
3158,0.0576923076923077,0,"Belt","Accessories",0.175,"Maine",3,"Red","Fall",0.24,0,"Store Pickup",0,0,0.0816326530612245,"Debit Card","Fortnightly","Young Adult",1,0,0,0,1,0,0,0,0,0,0,0,0,1,0,0,0,1,0,0,0,0,0,1,0,0,0
3159,0.230769230769231,0,"Jewelry","Accessories",0.7125,"Mississippi",2,"Gray","Winter",0.96,0,"2-Day Shipping",0,0,0.877551020408163,"Credit Card","Monthly","Adult",1,0,0,0,0,0,0,1,1,0,0,0,0,0,0,0,1,0,0,0,0,0,0,0,1,0,0
3160,0.846153846153846,0,"Hat","Accessories",0.8625,"Louisiana",3,"Pink","Winter",0.16,0,"Store Pickup",0,0,0.0612244897959184,"Bank Transfer","Quarterly","Senior",1,0,0,0,0,0,0,1,0,0,0,0,0,1,1,0,0,0,0,0,0,0,0,0,0,1,0
3161,0.192307692307692,0,"Backpack","Accessories",0.8375,"Nebraska",4,"Turquoise","Fall",0.52,0,"Next Day Air",0,0,0.73469387755102,"Cash","Fortnightly","Adult",1,0,0,0,1,0,0,0,0,0,0,1,0,0,0,1,0,0,0,0,0,0,0,1,0,0,0
3162,0.923076923076923,0,"Dress","Clothing",0.7125,"Massachusetts",1,"Charcoal","Winter",0.68,0,"2-Day Shipping",0,0,0.857142857142857,"Cash","Monthly","Senior",0,1,0,0,0,0,0,1,1,0,0,0,0,0,0,1,0,0,0,0,0,0,0,0,1,0,0
3163,0.923076923076923,0,"Shoes","Footwear",0.8125,"Wisconsin",3,"Blue","Winter",0.56,0,"Standard",0,0,0.551020408163265,"Bank Transfer","Quarterly","Senior",0,0,1,0,0,0,0,1,0,0,0,0,1,0,1,0,0,0,0,0,0,0,0,0,0,1,0
3164,0.596153846153846,0,"Pants","Clothing",0.575,"Nebraska",4,"Turquoise","Summer",0.12,0,"Express",0,0,0.714285714285714,"Cash","Monthly","Middle Age",0,1,0,0,0,0,1,0,0,1,0,0,0,0,0,1,0,0,0,0,0,0,0,0,1,0,0
3165,0.423076923076923,0,"Dress","Clothing",0.15,"Arizona",3,"Silver","Winter",0.04,0,"Standard",0,0,0.306122448979592,"Credit Card","Annually","Middle Age",0,1,0,0,0,0,0,1,0,0,0,0,1,0,0,0,1,0,0,0,1,0,0,0,0,0,0
3166,0.596153846153846,0,"Jacket","Outerwear",0.9,"Hawaii",2,"Lavender","Spring",0.2,0,"Store Pickup",0,0,0.755102040816326,"Bank Transfer","Every 3 Months","Middle Age",0,0,0,1,0,1,0,0,0,0,0,0,0,1,1,0,0,0,0,0,0,0,1,0,0,0,0
3167,0.0192307692307692,0,"Shirt","Clothing",0.75,"Georgia",2,"Gold","Winter",0.0800000000000001,0,"Next Day Air",0,0,0.73469387755102,"Bank Transfer","Fortnightly","Young Adult",0,1,0,0,0,0,0,1,0,0,0,1,0,0,1,0,0,0,0,0,0,0,0,1,0,0,0
3168,0.115384615384615,0,"Dress","Clothing",0.725,"Oregon",2,"Blue","Fall",0.12,0,"2-Day Shipping",0,0,0.163265306122449,"Cash","Bi-Weekly","Young Adult",0,1,0,0,1,0,0,0,1,0,0,0,0,0,0,1,0,0,0,0,0,1,0,0,0,0,0
3169,0.25,0,"Jeans","Clothing",0.05,"Montana",2,"Orange","Spring",0.16,0,"2-Day Shipping",0,0,0.26530612244898,"PayPal","Fortnightly","Adult",0,1,0,0,0,1,0,0,1,0,0,0,0,0,0,0,0,0,1,0,0,0,0,1,0,0,0
3170,0.326923076923077,0,"T-shirt","Clothing",0.4875,"Georgia",2,"White","Fall",0.52,0,"Free Shipping",0,0,0.0408163265306122,"Venmo","Weekly","Adult",0,1,0,0,1,0,0,0,0,0,1,0,0,0,0,0,0,0,0,1,0,0,0,0,0,0,1
3171,0.903846153846154,0,"Sunglasses","Accessories",0.2625,"Rhode Island",4,"Charcoal","Spring",0.76,0,"Express",0,0,0.183673469387755,"Credit Card","Fortnightly","Senior",1,0,0,0,0,1,0,0,0,1,0,0,0,0,0,0,1,0,0,0,0,0,0,1,0,0,0
3172,0.961538461538462,0,"Jewelry","Accessories",0.075,"Tennessee",2,"Maroon","Spring",0.24,0,"Express",0,0,0.510204081632653,"Bank Transfer","Bi-Weekly","Senior",1,0,0,0,0,1,0,0,0,1,0,0,0,0,1,0,0,0,0,0,0,1,0,0,0,0,0
3173,0.75,0,"Socks","Clothing",0.4,"Missouri",2,"Olive","Fall",0.48,0,"Standard",0,0,0.591836734693878,"Debit Card","Bi-Weekly","Senior",0,1,0,0,1,0,0,0,0,0,0,0,1,0,0,0,0,1,0,0,0,1,0,0,0,0,0
3174,0.980769230769231,0,"Skirt","Clothing",0.325,"Washington",3,"Teal","Summer",0.96,0,"Next Day Air",0,0,0.63265306122449,"PayPal","Fortnightly","Senior",0,1,0,0,0,0,1,0,0,0,0,1,0,0,0,0,0,0,1,0,0,0,0,1,0,0,0
3175,0.519230769230769,0,"Pants","Clothing",0.4,"Oklahoma",3,"Orange","Winter",0.52,0,"Store Pickup",0,0,0.693877551020408,"PayPal","Monthly","Middle Age",0,1,0,0,0,0,0,1,0,0,0,0,0,1,0,0,0,0,1,0,0,0,0,0,1,0,0
3176,0.326923076923077,0,"Socks","Clothing",0.275,"Connecticut",2,"Maroon","Fall",0.36,0,"Store Pickup",0,0,0.510204081632653,"Debit Card","Every 3 Months","Adult",0,1,0,0,1,0,0,0,0,0,0,0,0,1,0,0,0,1,0,0,0,0,1,0,0,0,0
3177,0.346153846153846,0,"Sandals","Footwear",0.2125,"Arkansas",4,"Turquoise","Spring",0.84,0,"2-Day Shipping",0,0,0.775510204081633,"Credit Card","Monthly","Middle Age",0,0,1,0,0,1,0,0,1,0,0,0,0,0,0,0,1,0,0,0,0,0,0,0,1,0,0
3178,0.711538461538462,0,"Belt","Accessories",0.4,"Missouri",3,"Beige","Fall",0.28,0,"Standard",0,0,0.612244897959184,"Credit Card","Monthly","Senior",1,0,0,0,1,0,0,0,0,0,0,0,1,0,0,0,1,0,0,0,0,0,0,0,1,0,0
3179,0.923076923076923,0,"Sandals","Footwear",0.175,"Washington",3,"Beige","Spring",0.0800000000000001,0,"Free Shipping",0,0,0.551020408163265,"Credit Card","Annually","Senior",0,0,1,0,0,1,0,0,0,0,1,0,0,0,0,0,1,0,0,0,1,0,0,0,0,0,0
3180,0.75,0,"Shorts","Clothing",0.85,"Idaho",2,"Olive","Spring",0.72,0,"Free Shipping",0,0,0.224489795918367,"Debit Card","Bi-Weekly","Senior",0,1,0,0,0,1,0,0,0,0,1,0,0,0,0,0,0,1,0,0,0,1,0,0,0,0,0
3181,0,0,"Handbag","Accessories",0.85,"Montana",3,"Turquoise","Fall",0.52,0,"Standard",0,0,0.918367346938776,"PayPal","Weekly","Young Adult",1,0,0,0,1,0,0,0,0,0,0,0,1,0,0,0,0,0,1,0,0,0,0,0,0,0,1
3182,0.25,0,"Jacket","Outerwear",0.3875,"Montana",2,"Charcoal","Summer",0.76,0,"Free Shipping",0,0,0.530612244897959,"PayPal","Every 3 Months","Adult",0,0,0,1,0,0,1,0,0,0,1,0,0,0,0,0,0,0,1,0,0,0,1,0,0,0,0
3183,0.615384615384615,0,"Sunglasses","Accessories",0.9625,"Georgia",3,"Green","Fall",0.44,0,"Free Shipping",0,0,0.0612244897959184,"Credit Card","Annually","Middle Age",1,0,0,0,1,0,0,0,0,0,1,0,0,0,0,0,1,0,0,0,1,0,0,0,0,0,0
3184,0.615384615384615,0,"Sneakers","Footwear",0.45,"Mississippi",2,"Green","Winter",0.4,0,"Standard",0,0,0.26530612244898,"Cash","Every 3 Months","Middle Age",0,0,1,0,0,0,0,1,0,0,0,0,1,0,0,1,0,0,0,0,0,0,1,0,0,0,0
3185,0.826923076923077,0,"Sweater","Clothing",0.4125,"Hawaii",3,"Green","Spring",0.68,0,"2-Day Shipping",0,0,0.591836734693878,"Venmo","Quarterly","Senior",0,1,0,0,0,1,0,0,1,0,0,0,0,0,0,0,0,0,0,1,0,0,0,0,0,1,0
3186,0.653846153846154,0,"Skirt","Clothing",0.6375,"Ohio",3,"Gold","Fall",0.88,0,"Express",0,0,0.102040816326531,"PayPal","Annually","Senior",0,1,0,0,1,0,0,0,0,1,0,0,0,0,0,0,0,0,1,0,1,0,0,0,0,0,0
3187,0.384615384615385,0,"Jewelry","Accessories",0.9125,"Virginia",1,"Cyan","Winter",0.92,0,"Store Pickup",0,0,0.857142857142857,"Venmo","Annually","Middle Age",1,0,0,0,0,0,0,1,0,0,0,0,0,1,0,0,0,0,0,1,1,0,0,0,0,0,0
3188,0.942307692307692,0,"Blouse","Clothing",0.65,"Texas",3,"Indigo","Winter",0.28,0,"Free Shipping",0,0,0.551020408163265,"Debit Card","Weekly","Senior",0,1,0,0,0,0,0,1,0,0,1,0,0,0,0,0,0,1,0,0,0,0,0,0,0,0,1
3189,0.461538461538462,0,"Blouse","Clothing",0.4875,"Vermont",2,"Lavender","Winter",0.4,0,"Standard",0,0,0.775510204081633,"Bank Transfer","Monthly","Middle Age",0,1,0,0,0,0,0,1,0,0,0,0,1,0,1,0,0,0,0,0,0,0,0,0,1,0,0
3190,0.134615384615385,0,"Boots","Footwear",0.8375,"Kansas",2,"Beige","Summer",0.68,0,"Store Pickup",0,0,0.591836734693878,"PayPal","Bi-Weekly","Young Adult",0,0,1,0,0,0,1,0,0,0,0,0,0,1,0,0,0,0,1,0,0,1,0,0,0,0,0
3191,0.442307692307692,0,"Jeans","Clothing",0.725,"California",1,"Purple","Fall",0.36,0,"Free Shipping",0,0,0.0816326530612245,"Credit Card","Fortnightly","Middle Age",0,1,0,0,1,0,0,0,0,0,1,0,0,0,0,0,1,0,0,0,0,0,0,1,0,0,0
3192,0.846153846153846,0,"Hoodie","Clothing",0.6,"Mississippi",4,"Maroon","Winter",0.88,0,"Store Pickup",0,0,0.836734693877551,"Credit Card","Every 3 Months","Senior",0,1,0,0,0,0,0,1,0,0,0,0,0,1,0,0,1,0,0,0,0,0,1,0,0,0,0
3193,0.0192307692307692,0,"Sweater","Clothing",0.7,"Iowa",1,"Maroon","Fall",0.2,0,"Free Shipping",0,0,0.387755102040816,"Cash","Fortnightly","Young Adult",0,1,0,0,1,0,0,0,0,0,1,0,0,0,0,1,0,0,0,0,0,0,0,1,0,0,0
3194,0.865384615384615,0,"Gloves","Accessories",0.9875,"Virginia",3,"Teal","Winter",0.6,0,"Express",0,0,0.693877551020408,"Credit Card","Fortnightly","Senior",1,0,0,0,0,0,0,1,0,1,0,0,0,0,0,0,1,0,0,0,0,0,0,1,0,0,0
3195,0.480769230769231,0,"Sneakers","Footwear",0.4,"Maryland",3,"Gold","Summer",0.84,0,"Standard",0,0,0.183673469387755,"Credit Card","Bi-Weekly","Middle Age",0,0,1,0,0,0,1,0,0,0,0,0,1,0,0,0,1,0,0,0,0,1,0,0,0,0,0
3196,0.961538461538462,0,"Sunglasses","Accessories",0.475,"Missouri",1,"Red","Spring",0.96,0,"Next Day Air",0,0,0.714285714285714,"Credit Card","Quarterly","Senior",1,0,0,0,0,1,0,0,0,0,0,1,0,0,0,0,1,0,0,0,0,0,0,0,0,1,0
3197,0.115384615384615,0,"Belt","Accessories",0.4875,"Wisconsin",3,"Maroon","Winter",0.12,0,"Express",0,0,0.408163265306122,"Debit Card","Fortnightly","Young Adult",1,0,0,0,0,0,0,1,0,1,0,0,0,0,0,0,0,1,0,0,0,0,0,1,0,0,0
3198,0.173076923076923,0,"Sweater","Clothing",0.6375,"Maine",2,"Teal","Spring",0.28,0,"Free Shipping",0,0,0.571428571428571,"Credit Card","Every 3 Months","Adult",0,1,0,0,0,1,0,0,0,0,1,0,0,0,0,0,1,0,0,0,0,0,1,0,0,0,0
3199,0.826923076923077,0,"Gloves","Accessories",0.925,"Pennsylvania",3,"Peach","Winter",0.12,0,"Free Shipping",0,0,0.775510204081633,"Debit Card","Weekly","Senior",1,0,0,0,0,0,0,1,0,0,1,0,0,0,0,0,0,1,0,0,0,0,0,0,0,0,1
3200,0.788461538461538,0,"Handbag","Accessories",0.25,"Maine",4,"Pink","Winter",0.68,0,"Express",0,0,0.306122448979592,"PayPal","Monthly","Senior",1,0,0,0,0,0,0,1,0,1,0,0,0,0,0,0,0,0,1,0,0,0,0,0,1,0,0
3201,0.942307692307692,0,"Socks","Clothing",0.05,"Missouri",3,"Black","Spring",0.92,0,"Free Shipping",0,0,0.63265306122449,"Credit Card","Monthly","Senior",0,1,0,0,0,1,0,0,0,0,1,0,0,0,0,0,1,0,0,0,0,0,0,0,1,0,0
3202,0.538461538461538,0,"Pants","Clothing",0.225,"Vermont",1,"Indigo","Fall",0.12,0,"2-Day Shipping",0,0,0.673469387755102,"Cash","Monthly","Middle Age",0,1,0,0,1,0,0,0,1,0,0,0,0,0,0,1,0,0,0,0,0,0,0,0,1,0,0
3203,0.903846153846154,0,"Scarf","Accessories",0.2125,"Wisconsin",3,"Green","Fall",0.8,0,"Standard",0,0,0.755102040816326,"Venmo","Annually","Senior",1,0,0,0,1,0,0,0,0,0,0,0,1,0,0,0,0,0,0,1,1,0,0,0,0,0,0
3204,0.865384615384615,0,"Coat","Outerwear",0.1125,"New Jersey",3,"Teal","Spring",0.64,0,"Express",0,0,0.26530612244898,"Venmo","Annually","Senior",0,0,0,1,0,1,0,0,0,1,0,0,0,0,0,0,0,0,0,1,1,0,0,0,0,0,0
3205,0.75,0,"Jacket","Outerwear",0.9,"New Mexico",4,"Lavender","Fall",0.72,0,"Free Shipping",0,0,0.448979591836735,"Debit Card","Bi-Weekly","Senior",0,0,0,1,1,0,0,0,0,0,1,0,0,0,0,0,0,1,0,0,0,1,0,0,0,0,0
3206,0.423076923076923,0,"Hoodie","Clothing",0.05,"Colorado",4,"Magenta","Fall",0.76,0,"2-Day Shipping",0,0,1,"Bank Transfer","Every 3 Months","Middle Age",0,1,0,0,1,0,0,0,1,0,0,0,0,0,1,0,0,0,0,0,0,0,1,0,0,0,0
3207,0.346153846153846,0,"Boots","Footwear",0.4,"California",2,"Brown","Winter",0.2,0,"Free Shipping",0,0,0.979591836734694,"PayPal","Monthly","Middle Age",0,0,1,0,0,0,0,1,0,0,1,0,0,0,0,0,0,0,1,0,0,0,0,0,1,0,0
3208,0.942307692307692,0,"Socks","Clothing",0.1125,"Arizona",4,"Beige","Summer",0.0800000000000001,0,"Next Day Air",0,0,0.26530612244898,"PayPal","Annually","Senior",0,1,0,0,0,0,1,0,0,0,0,1,0,0,0,0,0,0,1,0,1,0,0,0,0,0,0
3209,0.826923076923077,0,"Jewelry","Accessories",0.125,"Indiana",3,"Indigo","Winter",0.32,0,"2-Day Shipping",0,0,0.836734693877551,"PayPal","Weekly","Senior",1,0,0,0,0,0,0,1,1,0,0,0,0,0,0,0,0,0,1,0,0,0,0,0,0,0,1
3210,0.884615384615385,0,"Shoes","Footwear",0.1375,"Arkansas",3,"Peach","Fall",0.72,0,"Standard",0,0,0.775510204081633,"Debit Card","Annually","Senior",0,0,1,0,1,0,0,0,0,0,0,0,1,0,0,0,0,1,0,0,1,0,0,0,0,0,0
3211,0.230769230769231,0,"Socks","Clothing",0.5875,"Nevada",2,"Magenta","Summer",0.16,0,"Express",0,0,0.857142857142857,"Venmo","Bi-Weekly","Adult",0,1,0,0,0,0,1,0,0,1,0,0,0,0,0,0,0,0,0,1,0,1,0,0,0,0,0
3212,0.673076923076923,0,"Pants","Clothing",0.5625,"Rhode Island",3,"Turquoise","Winter",0.96,0,"Standard",0,0,0.224489795918367,"Cash","Monthly","Senior",0,1,0,0,0,0,0,1,0,0,0,0,1,0,0,1,0,0,0,0,0,0,0,0,1,0,0
3213,0.173076923076923,0,"Sneakers","Footwear",0.025,"Wyoming",2,"Indigo","Winter",0.44,0,"2-Day Shipping",0,0,0.408163265306122,"Debit Card","Weekly","Adult",0,0,1,0,0,0,0,1,1,0,0,0,0,0,0,0,0,1,0,0,0,0,0,0,0,0,1
3214,0.173076923076923,0,"Sunglasses","Accessories",0.45,"Texas",2,"Brown","Winter",0.32,0,"Standard",0,0,0.653061224489796,"Credit Card","Monthly","Adult",1,0,0,0,0,0,0,1,0,0,0,0,1,0,0,0,1,0,0,0,0,0,0,0,1,0,0
3215,0.673076923076923,0,"Skirt","Clothing",0.725,"Washington",2,"Yellow","Spring",0.24,0,"Free Shipping",0,0,0.102040816326531,"Debit Card","Annually","Senior",0,1,0,0,0,1,0,0,0,0,1,0,0,0,0,0,0,1,0,0,1,0,0,0,0,0,0
3216,0.307692307692308,0,"Coat","Outerwear",0.875,"Rhode Island",2,"Magenta","Summer",0.0800000000000001,0,"Free Shipping",0,0,0.183673469387755,"PayPal","Every 3 Months","Adult",0,0,0,1,0,0,1,0,0,0,1,0,0,0,0,0,0,0,1,0,0,0,1,0,0,0,0
3217,0.403846153846154,0,"Hoodie","Clothing",0.8125,"Illinois",1,"Olive","Winter",0.36,0,"Next Day Air",0,0,0.346938775510204,"Cash","Weekly","Middle Age",0,1,0,0,0,0,0,1,0,0,0,1,0,0,0,1,0,0,0,0,0,0,0,0,0,0,1
3218,0.5,0,"Sunglasses","Accessories",0.475,"Oregon",2,"Silver","Fall",0.36,0,"Express",0,0,0.918367346938776,"Venmo","Weekly","Middle Age",1,0,0,0,1,0,0,0,0,1,0,0,0,0,0,0,0,0,0,1,0,0,0,0,0,0,1
3219,0.365384615384615,0,"Skirt","Clothing",0.175,"Florida",2,"Teal","Fall",0.56,0,"Express",0,0,0.979591836734694,"PayPal","Monthly","Middle Age",0,1,0,0,1,0,0,0,0,1,0,0,0,0,0,0,0,0,1,0,0,0,0,0,1,0,0
3220,0.75,0,"Coat","Outerwear",0.25,"Kansas",3,"White","Summer",0.4,0,"2-Day Shipping",0,0,0.775510204081633,"Credit Card","Weekly","Senior",0,0,0,1,0,0,1,0,1,0,0,0,0,0,0,0,1,0,0,0,0,0,0,0,0,0,1
3221,0.384615384615385,0,"Handbag","Accessories",0.1125,"North Dakota",2,"Blue","Fall",0.64,0,"Free Shipping",0,0,0.306122448979592,"Cash","Monthly","Middle Age",1,0,0,0,1,0,0,0,0,0,1,0,0,0,0,1,0,0,0,0,0,0,0,0,1,0,0
3222,0.0576923076923077,0,"T-shirt","Clothing",0.7,"New Hampshire",2,"Yellow","Winter",0.28,0,"Standard",0,0,0.551020408163265,"Cash","Annually","Young Adult",0,1,0,0,0,0,0,1,0,0,0,0,1,0,0,1,0,0,0,0,1,0,0,0,0,0,0
3223,0.519230769230769,0,"Sunglasses","Accessories",0.8,"Texas",1,"Maroon","Fall",0.84,0,"Store Pickup",0,0,0.428571428571429,"PayPal","Quarterly","Middle Age",1,0,0,0,1,0,0,0,0,0,0,0,0,1,0,0,0,0,1,0,0,0,0,0,0,1,0
3224,0.961538461538462,0,"Shirt","Clothing",0.5625,"Montana",1,"Gray","Spring",0.56,0,"Standard",0,0,0.714285714285714,"Venmo","Bi-Weekly","Senior",0,1,0,0,0,1,0,0,0,0,0,0,1,0,0,0,0,0,0,1,0,1,0,0,0,0,0
3225,0.365384615384615,0,"Hoodie","Clothing",0.75,"Delaware",3,"Indigo","Winter",0.0800000000000001,0,"Free Shipping",0,0,0.346938775510204,"PayPal","Monthly","Middle Age",0,1,0,0,0,0,0,1,0,0,1,0,0,0,0,0,0,0,1,0,0,0,0,0,1,0,0
3226,0.673076923076923,0,"Blouse","Clothing",0.975,"New Hampshire",2,"Pink","Fall",0.2,0,"Store Pickup",0,0,0.612244897959184,"Credit Card","Weekly","Senior",0,1,0,0,1,0,0,0,0,0,0,0,0,1,0,0,1,0,0,0,0,0,0,0,0,0,1
3227,0.75,0,"Sneakers","Footwear",0.6375,"Minnesota",4,"Beige","Spring",0.32,0,"Next Day Air",0,0,0.755102040816326,"Bank Transfer","Fortnightly","Senior",0,0,1,0,0,1,0,0,0,0,0,1,0,0,1,0,0,0,0,0,0,0,0,1,0,0,0
3228,0.192307692307692,0,"Scarf","Accessories",0.6125,"Alaska",4,"White","Fall",0.0800000000000001,0,"Free Shipping",0,0,0.836734693877551,"Debit Card","Quarterly","Adult",1,0,0,0,1,0,0,0,0,0,1,0,0,0,0,0,0,1,0,0,0,0,0,0,0,1,0
3229,0.365384615384615,0,"Jewelry","Accessories",0.9375,"Connecticut",2,"Yellow","Spring",0.84,0,"2-Day Shipping",0,0,0.530612244897959,"PayPal","Annually","Middle Age",1,0,0,0,0,1,0,0,1,0,0,0,0,0,0,0,0,0,1,0,1,0,0,0,0,0,0
3230,0.692307692307692,0,"Pants","Clothing",0.5875,"Connecticut",2,"Teal","Fall",0.0800000000000001,0,"Express",0,0,0.469387755102041,"Cash","Monthly","Senior",0,1,0,0,1,0,0,0,0,1,0,0,0,0,0,1,0,0,0,0,0,0,0,0,1,0,0
3231,0.596153846153846,0,"Sneakers","Footwear",0.3625,"Kansas",2,"Olive","Summer",0,0,"Next Day Air",0,0,0.755102040816326,"Debit Card","Annually","Middle Age",0,0,1,0,0,0,1,0,0,0,0,1,0,0,0,0,0,1,0,0,1,0,0,0,0,0,0
3232,0.846153846153846,0,"Shoes","Footwear",0.9625,"Nevada",2,"Maroon","Winter",0.76,0,"Free Shipping",0,0,0.163265306122449,"Credit Card","Annually","Senior",0,0,1,0,0,0,0,1,0,0,1,0,0,0,0,0,1,0,0,0,1,0,0,0,0,0,0
3233,0.519230769230769,0,"T-shirt","Clothing",0.175,"Massachusetts",2,"White","Spring",0.6,0,"Next Day Air",0,0,0.36734693877551,"Bank Transfer","Monthly","Middle Age",0,1,0,0,0,1,0,0,0,0,0,1,0,0,1,0,0,0,0,0,0,0,0,0,1,0,0
3234,0.519230769230769,0,"Belt","Accessories",0.675,"Indiana",2,"Lavender","Fall",0.52,0,"Express",0,0,0.204081632653061,"Debit Card","Bi-Weekly","Middle Age",1,0,0,0,1,0,0,0,0,1,0,0,0,0,0,0,0,1,0,0,0,1,0,0,0,0,0
3235,0.596153846153846,0,"Jewelry","Accessories",0.95,"Washington",2,"Black","Winter",0,0,"2-Day Shipping",0,0,0.306122448979592,"Debit Card","Quarterly","Middle Age",1,0,0,0,0,0,0,1,1,0,0,0,0,0,0,0,0,1,0,0,0,0,0,0,0,1,0
3236,0.173076923076923,0,"Belt","Accessories",0.6,"Kansas",2,"Green","Summer",0.6,0,"Free Shipping",0,0,0.346938775510204,"Venmo","Monthly","Adult",1,0,0,0,0,0,1,0,0,0,1,0,0,0,0,0,0,0,0,1,0,0,0,0,1,0,0
3237,0.865384615384615,0,"Belt","Accessories",0.8,"South Carolina",3,"Olive","Fall",0.64,0,"Next Day Air",0,0,0.142857142857143,"Cash","Monthly","Senior",1,0,0,0,1,0,0,0,0,0,0,1,0,0,0,1,0,0,0,0,0,0,0,0,1,0,0
3238,0.826923076923077,0,"T-shirt","Clothing",0.4625,"Vermont",2,"Gray","Summer",0.12,0,"Express",0,0,0.0612244897959184,"Cash","Weekly","Senior",0,1,0,0,0,0,1,0,0,1,0,0,0,0,0,1,0,0,0,0,0,0,0,0,0,0,1
3239,0.134615384615385,0,"Sneakers","Footwear",0.8,"Wyoming",4,"Teal","Fall",0.36,0,"2-Day Shipping",0,0,0.73469387755102,"Cash","Quarterly","Young Adult",0,0,1,0,1,0,0,0,1,0,0,0,0,0,0,1,0,0,0,0,0,0,0,0,0,1,0
3240,0.288461538461538,0,"Sunglasses","Accessories",0.15,"Colorado",2,"Charcoal","Fall",0.0800000000000001,0,"2-Day Shipping",0,0,0.591836734693878,"Cash","Monthly","Adult",1,0,0,0,1,0,0,0,1,0,0,0,0,0,0,1,0,0,0,0,0,0,0,0,1,0,0
3241,0.730769230769231,0,"Sandals","Footwear",0.2125,"West Virginia",2,"Violet","Fall",0.52,0,"2-Day Shipping",0,0,0.73469387755102,"Bank Transfer","Monthly","Senior",0,0,1,0,1,0,0,0,1,0,0,0,0,0,1,0,0,0,0,0,0,0,0,0,1,0,0
3242,0.615384615384615,0,"Handbag","Accessories",0.475,"Connecticut",2,"Lavender","Summer",0.76,0,"Store Pickup",0,0,0.591836734693878,"PayPal","Quarterly","Middle Age",1,0,0,0,0,0,1,0,0,0,0,0,0,1,0,0,0,0,1,0,0,0,0,0,0,1,0
3243,0.519230769230769,0,"Socks","Clothing",0.675,"Oregon",1,"Beige","Fall",0.12,0,"Express",0,0,0.326530612244898,"Venmo","Weekly","Middle Age",0,1,0,0,1,0,0,0,0,1,0,0,0,0,0,0,0,0,0,1,0,0,0,0,0,0,1
3244,0.519230769230769,0,"Hoodie","Clothing",0.9875,"Idaho",3,"Black","Summer",1,0,"Store Pickup",0,0,0.204081632653061,"Bank Transfer","Every 3 Months","Middle Age",0,1,0,0,0,0,1,0,0,0,0,0,0,1,1,0,0,0,0,0,0,0,1,0,0,0,0
3245,0.903846153846154,0,"Sweater","Clothing",0.7625,"Arkansas",2,"Black","Fall",0.88,0,"Express",0,0,0.836734693877551,"Credit Card","Annually","Senior",0,1,0,0,1,0,0,0,0,1,0,0,0,0,0,0,1,0,0,0,1,0,0,0,0,0,0
3246,0.865384615384615,0,"Pants","Clothing",0.7,"Kansas",2,"Purple","Fall",0.28,0,"Next Day Air",0,0,0.387755102040816,"Cash","Weekly","Senior",0,1,0,0,1,0,0,0,0,0,0,1,0,0,0,1,0,0,0,0,0,0,0,0,0,0,1
3247,1,0,"Sneakers","Footwear",0.975,"Michigan",2,"Magenta","Summer",0.16,0,"Store Pickup",0,0,0.73469387755102,"Cash","Monthly","Senior",0,0,1,0,0,0,1,0,0,0,0,0,0,1,0,1,0,0,0,0,0,0,0,0,1,0,0
3248,0.673076923076923,0,"Gloves","Accessories",0.8875,"Arkansas",2,"Teal","Summer",0.48,0,"Express",0,0,0.224489795918367,"PayPal","Fortnightly","Senior",1,0,0,0,0,0,1,0,0,1,0,0,0,0,0,0,0,0,1,0,0,0,0,1,0,0,0
3249,0.0769230769230769,0,"T-shirt","Clothing",0.7375,"Pennsylvania",1,"Teal","Summer",0.68,0,"Free Shipping",0,0,0.816326530612245,"Bank Transfer","Quarterly","Young Adult",0,1,0,0,0,0,1,0,0,0,1,0,0,0,1,0,0,0,0,0,0,0,0,0,0,1,0
3250,0.153846153846154,0,"Backpack","Accessories",0.7875,"Virginia",2,"Pink","Summer",0.36,0,"Express",0,0,0.63265306122449,"Credit Card","Quarterly","Adult",1,0,0,0,0,0,1,0,0,1,0,0,0,0,0,0,1,0,0,0,0,0,0,0,0,1,0
3251,0.0961538461538462,0,"Coat","Outerwear",0.875,"Minnesota",2,"Teal","Spring",0.16,0,"2-Day Shipping",0,0,0.285714285714286,"Venmo","Weekly","Young Adult",0,0,0,1,0,1,0,0,1,0,0,0,0,0,0,0,0,0,0,1,0,0,0,0,0,0,1
3252,0.134615384615385,0,"Coat","Outerwear",0,"Nevada",2,"Gold","Winter",0.48,0,"Standard",0,0,0.775510204081633,"Venmo","Quarterly","Young Adult",0,0,0,1,0,0,0,1,0,0,0,0,1,0,0,0,0,0,0,1,0,0,0,0,0,1,0
3253,0.980769230769231,0,"Sandals","Footwear",0.0125,"Montana",3,"Brown","Spring",0.0800000000000001,0,"Store Pickup",0,0,0.959183673469388,"Credit Card","Fortnightly","Senior",0,0,1,0,0,1,0,0,0,0,0,0,0,1,0,0,1,0,0,0,0,0,0,1,0,0,0
3254,0.346153846153846,0,"Backpack","Accessories",0.5,"Nebraska",2,"Brown","Fall",0.28,0,"2-Day Shipping",0,0,0.142857142857143,"Venmo","Fortnightly","Middle Age",1,0,0,0,1,0,0,0,1,0,0,0,0,0,0,0,0,0,0,1,0,0,0,1,0,0,0
3255,0.0576923076923077,0,"Sweater","Clothing",0.1375,"Indiana",1,"Magenta","Winter",0.96,0,"Store Pickup",0,0,0.204081632653061,"Bank Transfer","Every 3 Months","Young Adult",0,1,0,0,0,0,0,1,0,0,0,0,0,1,1,0,0,0,0,0,0,0,1,0,0,0,0
3256,0.75,0,"Shorts","Clothing",0.25,"New Jersey",2,"Black","Fall",0.12,0,"Next Day Air",0,0,0.714285714285714,"Bank Transfer","Monthly","Senior",0,1,0,0,1,0,0,0,0,0,0,1,0,0,1,0,0,0,0,0,0,0,0,0,1,0,0
3257,0.807692307692308,0,"Sunglasses","Accessories",0.075,"Wisconsin",3,"Teal","Winter",0.88,0,"Free Shipping",0,0,1,"Venmo","Every 3 Months","Senior",1,0,0,0,0,0,0,1,0,0,1,0,0,0,0,0,0,0,0,1,0,0,1,0,0,0,0
3258,0.5,0,"Shirt","Clothing",0.975,"Minnesota",2,"Brown","Fall",0.32,0,"Express",0,0,0.775510204081633,"Venmo","Every 3 Months","Middle Age",0,1,0,0,1,0,0,0,0,1,0,0,0,0,0,0,0,0,0,1,0,0,1,0,0,0,0
3259,0.25,0,"Shoes","Footwear",0.3875,"New Jersey",2,"Magenta","Spring",0.72,0,"Express",0,0,0.204081632653061,"Credit Card","Bi-Weekly","Adult",0,0,1,0,0,1,0,0,0,1,0,0,0,0,0,0,1,0,0,0,0,1,0,0,0,0,0
3260,0.75,0,"Hat","Accessories",0.9375,"Oklahoma",4,"Indigo","Fall",0.48,0,"2-Day Shipping",0,0,0.0816326530612245,"Debit Card","Every 3 Months","Senior",1,0,0,0,1,0,0,0,1,0,0,0,0,0,0,0,0,1,0,0,0,0,1,0,0,0,0
3261,0.403846153846154,0,"Scarf","Accessories",0.2,"Wisconsin",2,"Violet","Summer",0.8,0,"2-Day Shipping",0,0,0.122448979591837,"Credit Card","Annually","Middle Age",1,0,0,0,0,0,1,0,1,0,0,0,0,0,0,0,1,0,0,0,1,0,0,0,0,0,0
3262,0.576923076923077,0,"Belt","Accessories",0.4,"Rhode Island",3,"Cyan","Winter",0.36,0,"Store Pickup",0,0,1,"Debit Card","Weekly","Middle Age",1,0,0,0,0,0,0,1,0,0,0,0,0,1,0,0,0,1,0,0,0,0,0,0,0,0,1
3263,0.461538461538462,0,"T-shirt","Clothing",0.1875,"Indiana",2,"Violet","Spring",0.0800000000000001,0,"Standard",0,0,0.408163265306122,"Cash","Every 3 Months","Middle Age",0,1,0,0,0,1,0,0,0,0,0,0,1,0,0,1,0,0,0,0,0,0,1,0,0,0,0
3264,0.730769230769231,0,"Shorts","Clothing",0.6,"Vermont",1,"Black","Fall",0.76,0,"Express",0,0,0.612244897959184,"Debit Card","Fortnightly","Senior",0,1,0,0,1,0,0,0,0,1,0,0,0,0,0,0,0,1,0,0,0,0,0,1,0,0,0
3265,0.192307692307692,0,"Pants","Clothing",0.375,"Maine",1,"Charcoal","Winter",0.6,0,"Express",0,0,0.775510204081633,"Cash","Bi-Weekly","Adult",0,1,0,0,0,0,0,1,0,1,0,0,0,0,0,1,0,0,0,0,0,1,0,0,0,0,0
3266,0.423076923076923,0,"Sunglasses","Accessories",1,"Alabama",2,"White","Winter",0.28,0,"Express",0,0,0.551020408163265,"Credit Card","Fortnightly","Middle Age",1,0,0,0,0,0,0,1,0,1,0,0,0,0,0,0,1,0,0,0,0,0,0,1,0,0,0
3267,0.596153846153846,0,"Coat","Outerwear",0.675,"Alabama",1,"Gray","Winter",0.68,0,"Next Day Air",0,0,0.653061224489796,"Bank Transfer","Weekly","Middle Age",0,0,0,1,0,0,0,1,0,0,0,1,0,0,1,0,0,0,0,0,0,0,0,0,0,0,1
3268,0.365384615384615,0,"Hoodie","Clothing",0.3125,"Idaho",3,"Pink","Winter",0.2,0,"Store Pickup",0,0,0.836734693877551,"Credit Card","Quarterly","Middle Age",0,1,0,0,0,0,0,1,0,0,0,0,0,1,0,0,1,0,0,0,0,0,0,0,0,1,0
3269,0.0769230769230769,0,"Dress","Clothing",0.9625,"Arkansas",2,"Cyan","Fall",0.12,0,"Free Shipping",0,0,0.0816326530612245,"Bank Transfer","Every 3 Months","Young Adult",0,1,0,0,1,0,0,0,0,0,1,0,0,0,1,0,0,0,0,0,0,0,1,0,0,0,0
3270,0.173076923076923,0,"Blouse","Clothing",0.5,"Ohio",2,"Blue","Winter",0.96,0,"Express",0,0,0.489795918367347,"Cash","Monthly","Adult",0,1,0,0,0,0,0,1,0,1,0,0,0,0,0,1,0,0,0,0,0,0,0,0,1,0,0
3271,0.788461538461538,0,"Socks","Clothing",0.0625,"Illinois",2,"Indigo","Winter",0.88,0,"Express",0,0,0.959183673469388,"PayPal","Annually","Senior",0,1,0,0,0,0,0,1,0,1,0,0,0,0,0,0,0,0,1,0,1,0,0,0,0,0,0
3272,0.326923076923077,0,"Socks","Clothing",0.4375,"Nevada",4,"Magenta","Spring",0.76,0,"Standard",0,0,0.591836734693878,"Credit Card","Weekly","Adult",0,1,0,0,0,1,0,0,0,0,0,0,1,0,0,0,1,0,0,0,0,0,0,0,0,0,1
3273,0.769230769230769,0,"Shoes","Footwear",0.9875,"Texas",2,"Lavender","Winter",0.24,0,"Next Day Air",0,0,0.673469387755102,"PayPal","Quarterly","Senior",0,0,1,0,0,0,0,1,0,0,0,1,0,0,0,0,0,0,1,0,0,0,0,0,0,1,0
3274,0.769230769230769,0,"Belt","Accessories",0.3125,"Nevada",1,"Orange","Summer",0.04,0,"Free Shipping",0,0,0.673469387755102,"PayPal","Every 3 Months","Senior",1,0,0,0,0,0,1,0,0,0,1,0,0,0,0,0,0,0,1,0,0,0,1,0,0,0,0
3275,0.538461538461538,0,"Sweater","Clothing",0,"Oklahoma",2,"Cyan","Spring",0.56,0,"Store Pickup",0,0,0.26530612244898,"Cash","Fortnightly","Middle Age",0,1,0,0,0,1,0,0,0,0,0,0,0,1,0,1,0,0,0,0,0,0,0,1,0,0,0
3276,0.480769230769231,0,"Pants","Clothing",0.85,"Alabama",4,"Green","Summer",0.04,0,"2-Day Shipping",0,0,0.0204081632653061,"Debit Card","Weekly","Middle Age",0,1,0,0,0,0,1,0,1,0,0,0,0,0,0,0,0,1,0,0,0,0,0,0,0,0,1
3277,0.403846153846154,0,"Scarf","Accessories",0.9875,"South Dakota",2,"White","Summer",0.6,0,"Store Pickup",0,0,0.816326530612245,"PayPal","Every 3 Months","Middle Age",1,0,0,0,0,0,1,0,0,0,0,0,0,1,0,0,0,0,1,0,0,0,1,0,0,0,0
3278,0.788461538461538,0,"Skirt","Clothing",0.825,"Texas",2,"Blue","Spring",0.96,0,"Store Pickup",0,0,0.0408163265306122,"Credit Card","Monthly","Senior",0,1,0,0,0,1,0,0,0,0,0,0,0,1,0,0,1,0,0,0,0,0,0,0,1,0,0
3279,0.788461538461538,0,"Dress","Clothing",0.625,"Montana",2,"Black","Summer",0.32,0,"2-Day Shipping",0,0,0.346938775510204,"Bank Transfer","Weekly","Senior",0,1,0,0,0,0,1,0,1,0,0,0,0,0,1,0,0,0,0,0,0,0,0,0,0,0,1
3280,0.788461538461538,0,"Hat","Accessories",0.375,"Wyoming",1,"Red","Fall",0.2,0,"Express",0,0,0,"Debit Card","Fortnightly","Senior",1,0,0,0,1,0,0,0,0,1,0,0,0,0,0,0,0,1,0,0,0,0,0,1,0,0,0
3281,0.519230769230769,0,"Handbag","Accessories",0.4625,"New York",3,"Red","Winter",0.0800000000000001,0,"Next Day Air",0,0,0.0816326530612245,"PayPal","Monthly","Middle Age",1,0,0,0,0,0,0,1,0,0,0,1,0,0,0,0,0,0,1,0,0,0,0,0,1,0,0
3282,0.173076923076923,0,"Pants","Clothing",0.6125,"Oregon",3,"Gold","Winter",0.24,0,"Free Shipping",0,0,0.816326530612245,"Bank Transfer","Annually","Adult",0,1,0,0,0,0,0,1,0,0,1,0,0,0,1,0,0,0,0,0,1,0,0,0,0,0,0
3283,0.115384615384615,0,"T-shirt","Clothing",0.925,"California",2,"Red","Fall",0.92,0,"Next Day Air",0,0,0.0816326530612245,"Credit Card","Monthly","Young Adult",0,1,0,0,1,0,0,0,0,0,0,1,0,0,0,0,1,0,0,0,0,0,0,0,1,0,0
3284,0.557692307692308,0,"Jacket","Outerwear",0.05,"North Carolina",3,"Purple","Spring",0.16,0,"Express",0,0,0.183673469387755,"Debit Card","Every 3 Months","Middle Age",0,0,0,1,0,1,0,0,0,1,0,0,0,0,0,0,0,1,0,0,0,0,1,0,0,0,0
3285,1,0,"Scarf","Accessories",0.7375,"Kentucky",3,"White","Spring",0.8,0,"2-Day Shipping",0,0,0.387755102040816,"Venmo","Annually","Senior",1,0,0,0,0,1,0,0,1,0,0,0,0,0,0,0,0,0,0,1,1,0,0,0,0,0,0
3286,0.769230769230769,0,"Hat","Accessories",0.1375,"Hawaii",4,"Magenta","Fall",0.84,0,"Free Shipping",0,0,0.204081632653061,"Cash","Weekly","Senior",1,0,0,0,1,0,0,0,0,0,1,0,0,0,0,1,0,0,0,0,0,0,0,0,0,0,1
3287,0.519230769230769,0,"Jacket","Outerwear",0.5875,"Illinois",3,"Pink","Winter",1,0,"Express",0,0,0.0612244897959184,"Venmo","Fortnightly","Middle Age",0,0,0,1,0,0,0,1,0,1,0,0,0,0,0,0,0,0,0,1,0,0,0,1,0,0,0
3288,0.115384615384615,0,"Skirt","Clothing",0.5375,"West Virginia",3,"Black","Spring",0.72,0,"2-Day Shipping",0,0,0.755102040816326,"Credit Card","Weekly","Young Adult",0,1,0,0,0,1,0,0,1,0,0,0,0,0,0,0,1,0,0,0,0,0,0,0,0,0,1
3289,0.942307692307692,0,"Handbag","Accessories",0.5125,"South Carolina",4,"White","Spring",0.96,0,"Next Day Air",0,0,0.36734693877551,"Credit Card","Bi-Weekly","Senior",1,0,0,0,0,1,0,0,0,0,0,1,0,0,0,0,1,0,0,0,0,1,0,0,0,0,0
3290,0.25,0,"Backpack","Accessories",0.375,"Montana",2,"Maroon","Summer",0.6,0,"2-Day Shipping",0,0,0.306122448979592,"Venmo","Every 3 Months","Adult",1,0,0,0,0,0,1,0,1,0,0,0,0,0,0,0,0,0,0,1,0,0,1,0,0,0,0
3291,0.653846153846154,0,"Coat","Outerwear",0.775,"North Dakota",3,"Black","Spring",0.24,0,"Free Shipping",0,0,0.0204081632653061,"PayPal","Monthly","Senior",0,0,0,1,0,1,0,0,0,0,1,0,0,0,0,0,0,0,1,0,0,0,0,0,1,0,0
3292,0.211538461538462,0,"Belt","Accessories",0.3875,"New Mexico",3,"Olive","Fall",0.04,0,"2-Day Shipping",0,0,0.204081632653061,"Cash","Monthly","Adult",1,0,0,0,1,0,0,0,1,0,0,0,0,0,0,1,0,0,0,0,0,0,0,0,1,0,0
3293,0.846153846153846,0,"Handbag","Accessories",0.0375,"Missouri",3,"Gray","Spring",0.96,0,"Standard",0,0,0.346938775510204,"Bank Transfer","Fortnightly","Senior",1,0,0,0,0,1,0,0,0,0,0,0,1,0,1,0,0,0,0,0,0,0,0,1,0,0,0
3294,0.0192307692307692,0,"Coat","Outerwear",0.8875,"West Virginia",2,"Gold","Spring",0.4,0,"2-Day Shipping",0,0,0.938775510204082,"Credit Card","Fortnightly","Young Adult",0,0,0,1,0,1,0,0,1,0,0,0,0,0,0,0,1,0,0,0,0,0,0,1,0,0,0
3295,0.846153846153846,0,"Sweater","Clothing",0.5,"South Carolina",1,"Magenta","Spring",0.8,0,"Store Pickup",0,0,0.285714285714286,"Bank Transfer","Bi-Weekly","Senior",0,1,0,0,0,1,0,0,0,0,0,0,0,1,1,0,0,0,0,0,0,1,0,0,0,0,0
3296,1,0,"Blouse","Clothing",0.175,"West Virginia",1,"Lavender","Summer",0.12,0,"Next Day Air",0,0,0.285714285714286,"Cash","Weekly","Senior",0,1,0,0,0,0,1,0,0,0,0,1,0,0,0,1,0,0,0,0,0,0,0,0,0,0,1
3297,0.0384615384615385,0,"Blouse","Clothing",0.0375,"Alaska",2,"Green","Spring",0.68,0,"Next Day Air",0,0,0.938775510204082,"Venmo","Quarterly","Young Adult",0,1,0,0,0,1,0,0,0,0,0,1,0,0,0,0,0,0,0,1,0,0,0,0,0,1,0
3298,0.942307692307692,0,"Belt","Accessories",0.775,"West Virginia",2,"Violet","Fall",0.64,0,"Free Shipping",0,0,0.938775510204082,"PayPal","Monthly","Senior",1,0,0,0,1,0,0,0,0,0,1,0,0,0,0,0,0,0,1,0,0,0,0,0,1,0,0
3299,0.903846153846154,0,"Jacket","Outerwear",0.6625,"New Mexico",2,"Brown","Fall",0.4,0,"Express",0,0,0.102040816326531,"Bank Transfer","Every 3 Months","Senior",0,0,0,1,1,0,0,0,0,1,0,0,0,0,1,0,0,0,0,0,0,0,1,0,0,0,0
3300,0.519230769230769,0,"Shorts","Clothing",0.15,"South Dakota",3,"Teal","Spring",0.6,0,"2-Day Shipping",0,0,0.346938775510204,"Venmo","Monthly","Middle Age",0,1,0,0,0,1,0,0,1,0,0,0,0,0,0,0,0,0,0,1,0,0,0,0,1,0,0
3301,0.153846153846154,0,"Hat","Accessories",0.75,"Oklahoma",2,"Charcoal","Spring",0.6,0,"Express",0,0,0.795918367346939,"Bank Transfer","Bi-Weekly","Adult",1,0,0,0,0,1,0,0,0,1,0,0,0,0,1,0,0,0,0,0,0,1,0,0,0,0,0
3302,0.346153846153846,0,"Pants","Clothing",0.475,"Oklahoma",4,"Charcoal","Summer",0,0,"Free Shipping",0,0,0.612244897959184,"Credit Card","Fortnightly","Middle Age",0,1,0,0,0,0,1,0,0,0,1,0,0,0,0,0,1,0,0,0,0,0,0,1,0,0,0
3303,0.346153846153846,0,"Blouse","Clothing",0.775,"Alabama",4,"Beige","Winter",0.68,0,"Standard",0,0,0.612244897959184,"Venmo","Bi-Weekly","Middle Age",0,1,0,0,0,0,0,1,0,0,0,0,1,0,0,0,0,0,0,1,0,1,0,0,0,0,0
3304,0.0384615384615385,0,"Belt","Accessories",0.5,"Mississippi",1,"Turquoise","Summer",0.36,0,"Next Day Air",0,0,0.0612244897959184,"Credit Card","Fortnightly","Young Adult",1,0,0,0,0,0,1,0,0,0,0,1,0,0,0,0,1,0,0,0,0,0,0,1,0,0,0
3305,0.230769230769231,0,"Handbag","Accessories",0.7375,"Mississippi",4,"Orange","Fall",0.92,0,"Next Day Air",0,0,0.714285714285714,"Bank Transfer","Every 3 Months","Adult",1,0,0,0,1,0,0,0,0,0,0,1,0,0,1,0,0,0,0,0,0,0,1,0,0,0,0
3306,0.307692307692308,0,"Hoodie","Clothing",0.2625,"Nebraska",3,"Cyan","Summer",0.96,0,"Standard",0,0,0.612244897959184,"PayPal","Bi-Weekly","Adult",0,1,0,0,0,0,1,0,0,0,0,0,1,0,0,0,0,0,1,0,0,1,0,0,0,0,0
3307,0.865384615384615,0,"Jacket","Outerwear",0.2375,"Colorado",3,"Orange","Summer",0.44,0,"Store Pickup",0,0,0.102040816326531,"Venmo","Fortnightly","Senior",0,0,0,1,0,0,1,0,0,0,0,0,0,1,0,0,0,0,0,1,0,0,0,1,0,0,0
3308,0,0,"Scarf","Accessories",0.2,"Pennsylvania",1,"Green","Winter",0.6,0,"Store Pickup",0,0,0,"Cash","Monthly","Young Adult",1,0,0,0,0,0,0,1,0,0,0,0,0,1,0,1,0,0,0,0,0,0,0,0,1,0,0
3309,0.711538461538462,0,"Jeans","Clothing",0.625,"Utah",2,"Pink","Fall",0.04,0,"Express",0,0,0.571428571428571,"Cash","Monthly","Senior",0,1,0,0,1,0,0,0,0,1,0,0,0,0,0,1,0,0,0,0,0,0,0,0,1,0,0
3310,0.576923076923077,0,"Handbag","Accessories",0.3375,"Massachusetts",2,"Blue","Summer",0.24,0,"Store Pickup",0,0,0.36734693877551,"PayPal","Monthly","Middle Age",1,0,0,0,0,0,1,0,0,0,0,0,0,1,0,0,0,0,1,0,0,0,0,0,1,0,0
3311,0.519230769230769,0,"Jacket","Outerwear",0.0875,"Iowa",2,"Pink","Winter",0.44,0,"Free Shipping",0,0,0.224489795918367,"PayPal","Fortnightly","Middle Age",0,0,0,1,0,0,0,1,0,0,1,0,0,0,0,0,0,0,1,0,0,0,0,1,0,0,0
3312,0.211538461538462,0,"Hat","Accessories",0.4,"Florida",3,"Blue","Summer",0.6,0,"Express",0,0,0.346938775510204,"Bank Transfer","Annually","Adult",1,0,0,0,0,0,1,0,0,1,0,0,0,0,1,0,0,0,0,0,1,0,0,0,0,0,0
3313,0.711538461538462,0,"Sneakers","Footwear",0.6875,"Louisiana",3,"Black","Summer",0.56,0,"Next Day Air",0,0,0.897959183673469,"Cash","Quarterly","Senior",0,0,1,0,0,0,1,0,0,0,0,1,0,0,0,1,0,0,0,0,0,0,0,0,0,1,0
3314,0.711538461538462,0,"Hat","Accessories",0.125,"Kansas",4,"Black","Fall",0.56,0,"Express",0,0,0.897959183673469,"Credit Card","Monthly","Senior",1,0,0,0,1,0,0,0,0,1,0,0,0,0,0,0,1,0,0,0,0,0,0,0,1,0,0
3315,0.711538461538462,0,"Socks","Clothing",0.925,"Kansas",2,"Violet","Spring",0.32,0,"Standard",0,0,0.142857142857143,"Credit Card","Quarterly","Senior",0,1,0,0,0,1,0,0,0,0,0,0,1,0,0,0,1,0,0,0,0,0,0,0,0,1,0
3316,0.576923076923077,0,"Scarf","Accessories",0.6,"Kentucky",1,"Gold","Summer",0.16,0,"Standard",0,0,0.0612244897959184,"PayPal","Every 3 Months","Middle Age",1,0,0,0,0,0,1,0,0,0,0,0,1,0,0,0,0,0,1,0,0,0,1,0,0,0,0
3317,0.461538461538462,0,"Socks","Clothing",0.3125,"New Mexico",2,"Olive","Summer",0.24,0,"Free Shipping",0,0,0.0816326530612245,"Debit Card","Fortnightly","Middle Age",0,1,0,0,0,0,1,0,0,0,1,0,0,0,0,0,0,1,0,0,0,0,0,1,0,0,0
3318,0.0576923076923077,0,"Hat","Accessories",0.5875,"North Carolina",4,"Pink","Summer",0.88,0,"Standard",0,0,0.591836734693878,"Cash","Quarterly","Young Adult",1,0,0,0,0,0,1,0,0,0,0,0,1,0,0,1,0,0,0,0,0,0,0,0,0,1,0
3319,0.519230769230769,0,"Jacket","Outerwear",0.325,"North Dakota",2,"Olive","Summer",0.56,0,"Free Shipping",0,0,0.285714285714286,"PayPal","Monthly","Middle Age",0,0,0,1,0,0,1,0,0,0,1,0,0,0,0,0,0,0,1,0,0,0,0,0,1,0,0
3320,0.0961538461538462,0,"Shorts","Clothing",0.1375,"North Dakota",2,"Indigo","Summer",0.72,0,"Next Day Air",0,0,0.326530612244898,"Credit Card","Every 3 Months","Young Adult",0,1,0,0,0,0,1,0,0,0,0,1,0,0,0,0,1,0,0,0,0,0,1,0,0,0,0
3321,0.923076923076923,0,"Blouse","Clothing",0.3,"Illinois",4,"Silver","Fall",0.68,0,"2-Day Shipping",0,0,0.897959183673469,"Cash","Every 3 Months","Senior",0,1,0,0,1,0,0,0,1,0,0,0,0,0,0,1,0,0,0,0,0,0,1,0,0,0,0
3322,0.269230769230769,0,"Coat","Outerwear",1,"Maine",1,"Charcoal","Winter",0.72,0,"Next Day Air",0,0,0.0408163265306122,"Venmo","Annually","Adult",0,0,0,1,0,0,0,1,0,0,0,1,0,0,0,0,0,0,0,1,1,0,0,0,0,0,0
3323,0.653846153846154,0,"Sweater","Clothing",0.9,"Indiana",4,"Orange","Winter",0.84,0,"Next Day Air",0,0,0.857142857142857,"PayPal","Weekly","Senior",0,1,0,0,0,0,0,1,0,0,0,1,0,0,0,0,0,0,1,0,0,0,0,0,0,0,1
3324,0.692307692307692,0,"Handbag","Accessories",0.725,"North Dakota",2,"Yellow","Winter",0.52,0,"Free Shipping",0,0,0.0612244897959184,"Credit Card","Monthly","Senior",1,0,0,0,0,0,0,1,0,0,1,0,0,0,0,0,1,0,0,0,0,0,0,0,1,0,0
3325,0.365384615384615,0,"T-shirt","Clothing",0.15,"Missouri",1,"Red","Fall",0.32,0,"Standard",0,0,0.816326530612245,"Venmo","Weekly","Middle Age",0,1,0,0,1,0,0,0,0,0,0,0,1,0,0,0,0,0,0,1,0,0,0,0,0,0,1
3326,0.211538461538462,0,"Sandals","Footwear",0.9625,"Alaska",2,"Maroon","Fall",0.48,0,"2-Day Shipping",0,0,0.306122448979592,"Venmo","Monthly","Adult",0,0,1,0,1,0,0,0,1,0,0,0,0,0,0,0,0,0,0,1,0,0,0,0,1,0,0
3327,0.557692307692308,0,"Gloves","Accessories",0.9375,"North Dakota",2,"Magenta","Summer",0.72,0,"Standard",0,0,0.183673469387755,"Debit Card","Annually","Middle Age",1,0,0,0,0,0,1,0,0,0,0,0,1,0,0,0,0,1,0,0,1,0,0,0,0,0,0
3328,0.557692307692308,0,"Shorts","Clothing",0.55,"Connecticut",2,"Black","Spring",0.64,0,"Express",0,0,0.0204081632653061,"Debit Card","Quarterly","Middle Age",0,1,0,0,0,1,0,0,0,1,0,0,0,0,0,0,0,1,0,0,0,0,0,0,0,1,0
3329,0.461538461538462,0,"Sandals","Footwear",0.1875,"Wisconsin",2,"Violet","Spring",0.28,0,"Free Shipping",0,0,0.204081632653061,"Cash","Bi-Weekly","Middle Age",0,0,1,0,0,1,0,0,0,0,1,0,0,0,0,1,0,0,0,0,0,1,0,0,0,0,0
3330,0.307692307692308,0,"Backpack","Accessories",0.425,"New Jersey",2,"Gray","Winter",0.52,0,"Express",0,0,0,"Debit Card","Bi-Weekly","Adult",1,0,0,0,0,0,0,1,0,1,0,0,0,0,0,0,0,1,0,0,0,1,0,0,0,0,0
3331,0.384615384615385,0,"Sneakers","Footwear",0.95,"Missouri",2,"Black","Spring",0.28,0,"2-Day Shipping",0,0,0.816326530612245,"Bank Transfer","Quarterly","Middle Age",0,0,1,0,0,1,0,0,1,0,0,0,0,0,1,0,0,0,0,0,0,0,0,0,0,1,0
3332,0.711538461538462,0,"Sunglasses","Accessories",0.475,"California",2,"Pink","Summer",0.4,0,"Free Shipping",0,0,0.775510204081633,"PayPal","Quarterly","Senior",1,0,0,0,0,0,1,0,0,0,1,0,0,0,0,0,0,0,1,0,0,0,0,0,0,1,0
3333,0.173076923076923,0,"T-shirt","Clothing",0.0375,"Washington",2,"Silver","Summer",0.24,0,"2-Day Shipping",0,0,0,"PayPal","Bi-Weekly","Adult",0,1,0,0,0,0,1,0,1,0,0,0,0,0,0,0,0,0,1,0,0,1,0,0,0,0,0
3334,0.711538461538462,0,"Jeans","Clothing",0.1875,"Minnesota",2,"Violet","Spring",0.68,0,"Express",0,0,0.0408163265306122,"PayPal","Monthly","Senior",0,1,0,0,0,1,0,0,0,1,0,0,0,0,0,0,0,0,1,0,0,0,0,0,1,0,0
3335,0.923076923076923,0,"Shirt","Clothing",0.0375,"California",2,"Beige","Summer",0.36,0,"Free Shipping",0,0,0.408163265306122,"Credit Card","Annually","Senior",0,1,0,0,0,0,1,0,0,0,1,0,0,0,0,0,1,0,0,0,1,0,0,0,0,0,0
3336,0.5,0,"Hat","Accessories",0.925,"Texas",4,"Cyan","Winter",0.4,0,"Express",0,0,0.959183673469388,"Bank Transfer","Quarterly","Middle Age",1,0,0,0,0,0,0,1,0,1,0,0,0,0,1,0,0,0,0,0,0,0,0,0,0,1,0
3337,0.403846153846154,0,"Blouse","Clothing",0.3125,"Montana",2,"Brown","Fall",0.6,0,"Free Shipping",0,0,0.469387755102041,"Debit Card","Annually","Middle Age",0,1,0,0,1,0,0,0,0,0,1,0,0,0,0,0,0,1,0,0,1,0,0,0,0,0,0
3338,0.0961538461538462,0,"Jacket","Outerwear",0.0375,"Arizona",3,"Blue","Winter",0.76,0,"2-Day Shipping",0,0,0.897959183673469,"Bank Transfer","Bi-Weekly","Young Adult",0,0,0,1,0,0,0,1,1,0,0,0,0,0,1,0,0,0,0,0,0,1,0,0,0,0,0
3339,0.211538461538462,0,"Skirt","Clothing",0.925,"Minnesota",3,"White","Winter",0.16,0,"2-Day Shipping",0,0,0.918367346938776,"Credit Card","Monthly","Adult",0,1,0,0,0,0,0,1,1,0,0,0,0,0,0,0,1,0,0,0,0,0,0,0,1,0,0
3340,0.0384615384615385,0,"Gloves","Accessories",0.9875,"Nebraska",2,"Cyan","Fall",0.44,0,"Store Pickup",0,0,0.693877551020408,"Cash","Fortnightly","Young Adult",1,0,0,0,1,0,0,0,0,0,0,0,0,1,0,1,0,0,0,0,0,0,0,1,0,0,0
3341,0.461538461538462,0,"T-shirt","Clothing",0.2,"Virginia",4,"Maroon","Fall",0.76,0,"Free Shipping",0,0,0.938775510204082,"Credit Card","Fortnightly","Middle Age",0,1,0,0,1,0,0,0,0,0,1,0,0,0,0,0,1,0,0,0,0,0,0,1,0,0,0
3342,0.711538461538462,0,"Jacket","Outerwear",0.375,"Connecticut",4,"Olive","Summer",0.8,0,"Standard",0,0,0.693877551020408,"Credit Card","Monthly","Senior",0,0,0,1,0,0,1,0,0,0,0,0,1,0,0,0,1,0,0,0,0,0,0,0,1,0,0
3343,0.923076923076923,0,"Jacket","Outerwear",0.7625,"New Jersey",2,"Violet","Spring",0.52,0,"Free Shipping",0,0,0.897959183673469,"Credit Card","Weekly","Senior",0,0,0,1,0,1,0,0,0,0,1,0,0,0,0,0,1,0,0,0,0,0,0,0,0,0,1
3344,0.115384615384615,0,"Shorts","Clothing",0.1375,"Kentucky",4,"Green","Winter",0.44,0,"2-Day Shipping",0,0,0.102040816326531,"Cash","Bi-Weekly","Young Adult",0,1,0,0,0,0,0,1,1,0,0,0,0,0,0,1,0,0,0,0,0,1,0,0,0,0,0
3345,0.846153846153846,0,"Hat","Accessories",0.35,"Washington",4,"Magenta","Fall",0.72,0,"Free Shipping",0,0,0.387755102040816,"Cash","Annually","Senior",1,0,0,0,1,0,0,0,0,0,1,0,0,0,0,1,0,0,0,0,1,0,0,0,0,0,0
3346,0.192307692307692,0,"Handbag","Accessories",0.8875,"Florida",2,"Turquoise","Summer",0.6,0,"2-Day Shipping",0,0,0.0408163265306122,"Venmo","Bi-Weekly","Adult",1,0,0,0,0,0,1,0,1,0,0,0,0,0,0,0,0,0,0,1,0,1,0,0,0,0,0
3347,0.230769230769231,0,"Jeans","Clothing",0.9875,"Oklahoma",2,"Black","Summer",0.36,0,"Express",0,0,0.591836734693878,"Venmo","Quarterly","Adult",0,1,0,0,0,0,1,0,0,1,0,0,0,0,0,0,0,0,0,1,0,0,0,0,0,1,0
3348,0.0769230769230769,0,"Shoes","Footwear",0.625,"Iowa",4,"Cyan","Summer",0.76,0,"Standard",0,0,0.551020408163265,"PayPal","Bi-Weekly","Young Adult",0,0,1,0,0,0,1,0,0,0,0,0,1,0,0,0,0,0,1,0,0,1,0,0,0,0,0
3349,0.192307692307692,0,"T-shirt","Clothing",0.675,"New Hampshire",3,"Gray","Winter",0.12,0,"Standard",0,0,0.285714285714286,"Cash","Every 3 Months","Adult",0,1,0,0,0,0,0,1,0,0,0,0,1,0,0,1,0,0,0,0,0,0,1,0,0,0,0
3350,0.326923076923077,0,"Jewelry","Accessories",0.7375,"Georgia",2,"Red","Fall",0.12,0,"Store Pickup",0,0,0.571428571428571,"PayPal","Quarterly","Adult",1,0,0,0,1,0,0,0,0,0,0,0,0,1,0,0,0,0,1,0,0,0,0,0,0,1,0
3351,0.519230769230769,0,"Handbag","Accessories",0.1625,"Mississippi",1,"Olive","Fall",0.96,0,"2-Day Shipping",0,0,0.285714285714286,"Cash","Bi-Weekly","Middle Age",1,0,0,0,1,0,0,0,1,0,0,0,0,0,0,1,0,0,0,0,0,1,0,0,0,0,0
3352,0.480769230769231,0,"Shirt","Clothing",0.3625,"New Hampshire",3,"Cyan","Spring",0.68,0,"2-Day Shipping",0,0,0.346938775510204,"Bank Transfer","Fortnightly","Middle Age",0,1,0,0,0,1,0,0,1,0,0,0,0,0,1,0,0,0,0,0,0,0,0,1,0,0,0
3353,0.711538461538462,0,"Belt","Accessories",0.95,"Washington",2,"Teal","Summer",0.16,0,"Next Day Air",0,0,0.122448979591837,"Bank Transfer","Bi-Weekly","Senior",1,0,0,0,0,0,1,0,0,0,0,1,0,0,1,0,0,0,0,0,0,1,0,0,0,0,0
3354,0.25,0,"Dress","Clothing",0.575,"Ohio",3,"Teal","Fall",0.84,0,"Free Shipping",0,0,0.36734693877551,"Credit Card","Every 3 Months","Adult",0,1,0,0,1,0,0,0,0,0,1,0,0,0,0,0,1,0,0,0,0,0,1,0,0,0,0
3355,0.461538461538462,0,"Skirt","Clothing",0.3125,"Maryland",2,"Orange","Fall",0.12,0,"Next Day Air",0,0,0.285714285714286,"PayPal","Weekly","Middle Age",0,1,0,0,1,0,0,0,0,0,0,1,0,0,0,0,0,0,1,0,0,0,0,0,0,0,1
3356,0.423076923076923,0,"Blouse","Clothing",0.1,"Delaware",2,"Peach","Spring",0.04,0,"Store Pickup",0,0,0.0408163265306122,"Bank Transfer","Bi-Weekly","Middle Age",0,1,0,0,0,1,0,0,0,0,0,0,0,1,1,0,0,0,0,0,0,1,0,0,0,0,0
3357,0.403846153846154,0,"Jeans","Clothing",0.35,"Tennessee",2,"Silver","Summer",0.4,0,"Store Pickup",0,0,0.244897959183673,"PayPal","Bi-Weekly","Middle Age",0,1,0,0,0,0,1,0,0,0,0,0,0,1,0,0,0,0,1,0,0,1,0,0,0,0,0
3358,0.442307692307692,0,"Hoodie","Clothing",0.5875,"Arkansas",2,"Pink","Winter",0.4,0,"Free Shipping",0,0,0.73469387755102,"Credit Card","Monthly","Middle Age",0,1,0,0,0,0,0,1,0,0,1,0,0,0,0,0,1,0,0,0,0,0,0,0,1,0,0
3359,0.730769230769231,0,"T-shirt","Clothing",0.4875,"Tennessee",2,"Magenta","Fall",0.36,0,"2-Day Shipping",0,0,0.510204081632653,"Cash","Annually","Senior",0,1,0,0,1,0,0,0,1,0,0,0,0,0,0,1,0,0,0,0,1,0,0,0,0,0,0
3360,0.480769230769231,0,"Sunglasses","Accessories",0.675,"New Hampshire",3,"Red","Fall",0.56,0,"Next Day Air",0,0,0.571428571428571,"Debit Card","Monthly","Middle Age",1,0,0,0,1,0,0,0,0,0,0,1,0,0,0,0,0,1,0,0,0,0,0,0,1,0,0
3361,0.0769230769230769,0,"Jacket","Outerwear",0.7625,"Minnesota",2,"Maroon","Spring",0.32,0,"2-Day Shipping",0,0,0.938775510204082,"Cash","Every 3 Months","Young Adult",0,0,0,1,0,1,0,0,1,0,0,0,0,0,0,1,0,0,0,0,0,0,1,0,0,0,0
3362,0.557692307692308,0,"Shoes","Footwear",0.075,"Florida",2,"Silver","Spring",0.64,0,"Free Shipping",0,0,0.938775510204082,"Credit Card","Bi-Weekly","Middle Age",0,0,1,0,0,1,0,0,0,0,1,0,0,0,0,0,1,0,0,0,0,1,0,0,0,0,0
3363,0.615384615384615,0,"Handbag","Accessories",0.5125,"Tennessee",2,"Gray","Summer",0.2,0,"Next Day Air",0,0,0.959183673469388,"Venmo","Fortnightly","Middle Age",1,0,0,0,0,0,1,0,0,0,0,1,0,0,0,0,0,0,0,1,0,0,0,1,0,0,0
3364,0.769230769230769,0,"Sweater","Clothing",0.0375,"California",2,"Turquoise","Winter",0.2,0,"Next Day Air",0,0,0.918367346938776,"Bank Transfer","Bi-Weekly","Senior",0,1,0,0,0,0,0,1,0,0,0,1,0,0,1,0,0,0,0,0,0,1,0,0,0,0,0
3365,0.615384615384615,0,"Scarf","Accessories",0.1625,"Oregon",2,"Peach","Fall",0.28,0,"Standard",0,0,0.122448979591837,"Credit Card","Monthly","Middle Age",1,0,0,0,1,0,0,0,0,0,0,0,1,0,0,0,1,0,0,0,0,0,0,0,1,0,0
3366,0.480769230769231,0,"Skirt","Clothing",0.475,"Tennessee",3,"Teal","Fall",0.56,0,"Express",0,0,0.897959183673469,"Credit Card","Every 3 Months","Middle Age",0,1,0,0,1,0,0,0,0,1,0,0,0,0,0,0,1,0,0,0,0,0,1,0,0,0,0
3367,0.384615384615385,0,"Gloves","Accessories",0.5625,"North Carolina",2,"Red","Spring",0.44,0,"2-Day Shipping",0,0,0.938775510204082,"Debit Card","Quarterly","Middle Age",1,0,0,0,0,1,0,0,1,0,0,0,0,0,0,0,0,1,0,0,0,0,0,0,0,1,0
3368,0.5,0,"T-shirt","Clothing",0.35,"Tennessee",2,"Blue","Summer",0.24,0,"Store Pickup",0,0,0.102040816326531,"Venmo","Fortnightly","Middle Age",0,1,0,0,0,0,1,0,0,0,0,0,0,1,0,0,0,0,0,1,0,0,0,1,0,0,0
3369,0.230769230769231,0,"Sandals","Footwear",0.0625,"Nebraska",2,"Blue","Spring",0.92,0,"Express",0,0,0.571428571428571,"Bank Transfer","Every 3 Months","Adult",0,0,1,0,0,1,0,0,0,1,0,0,0,0,1,0,0,0,0,0,0,0,1,0,0,0,0
3370,0.557692307692308,0,"Sweater","Clothing",0.3875,"Maine",2,"Indigo","Winter",0.52,0,"2-Day Shipping",0,0,0.836734693877551,"Cash","Monthly","Middle Age",0,1,0,0,0,0,0,1,1,0,0,0,0,0,0,1,0,0,0,0,0,0,0,0,1,0,0
3371,0.230769230769231,0,"Belt","Accessories",0.1375,"Illinois",2,"Charcoal","Summer",0.12,0,"Store Pickup",0,0,0.918367346938776,"Cash","Fortnightly","Adult",1,0,0,0,0,0,1,0,0,0,0,0,0,1,0,1,0,0,0,0,0,0,0,1,0,0,0
3372,0.596153846153846,0,"Hoodie","Clothing",0.9875,"Colorado",1,"Turquoise","Winter",0.6,0,"Next Day Air",0,0,0.551020408163265,"PayPal","Annually","Middle Age",0,1,0,0,0,0,0,1,0,0,0,1,0,0,0,0,0,0,1,0,1,0,0,0,0,0,0
3373,0.730769230769231,0,"Socks","Clothing",0.0625,"Pennsylvania",2,"Maroon","Winter",0.84,0,"Free Shipping",0,0,0.26530612244898,"Credit Card","Every 3 Months","Senior",0,1,0,0,0,0,0,1,0,0,1,0,0,0,0,0,1,0,0,0,0,0,1,0,0,0,0
3374,1,0,"Sandals","Footwear",0.4,"Minnesota",2,"Purple","Spring",0.4,0,"Store Pickup",0,0,0.224489795918367,"Debit Card","Every 3 Months","Senior",0,0,1,0,0,1,0,0,0,0,0,0,0,1,0,0,0,1,0,0,0,0,1,0,0,0,0
3375,0.0769230769230769,0,"Blouse","Clothing",0.3375,"Nevada",1,"Lavender","Spring",0.48,0,"2-Day Shipping",0,0,0.816326530612245,"Debit Card","Annually","Young Adult",0,1,0,0,0,1,0,0,1,0,0,0,0,0,0,0,0,1,0,0,1,0,0,0,0,0,0
3376,0.634615384615385,0,"Boots","Footwear",0.975,"Connecticut",4,"Yellow","Fall",0.96,0,"Express",0,0,0.142857142857143,"Credit Card","Annually","Senior",0,0,1,0,1,0,0,0,0,1,0,0,0,0,0,0,1,0,0,0,1,0,0,0,0,0,0
3377,0.0769230769230769,0,"Hat","Accessories",0.325,"Ohio",2,"Green","Winter",0.64,0,"Store Pickup",0,0,0.469387755102041,"Cash","Quarterly","Young Adult",1,0,0,0,0,0,0,1,0,0,0,0,0,1,0,1,0,0,0,0,0,0,0,0,0,1,0
3378,0.365384615384615,0,"Shirt","Clothing",0.15,"Kentucky",2,"Yellow","Winter",0.84,0,"Next Day Air",0,0,0.346938775510204,"PayPal","Fortnightly","Middle Age",0,1,0,0,0,0,0,1,0,0,0,1,0,0,0,0,0,0,1,0,0,0,0,1,0,0,0
3379,0.596153846153846,0,"Shorts","Clothing",0.6875,"Minnesota",3,"Gold","Fall",0.8,0,"Next Day Air",0,0,0.102040816326531,"Cash","Quarterly","Middle Age",0,1,0,0,1,0,0,0,0,0,0,1,0,0,0,1,0,0,0,0,0,0,0,0,0,1,0
3380,0.826923076923077,0,"Handbag","Accessories",0.3875,"Tennessee",3,"Turquoise","Summer",1,0,"Store Pickup",0,0,0.795918367346939,"Cash","Weekly","Senior",1,0,0,0,0,0,1,0,0,0,0,0,0,1,0,1,0,0,0,0,0,0,0,0,0,0,1
3381,0.442307692307692,0,"Dress","Clothing",0.4,"North Dakota",3,"Blue","Summer",0.52,0,"Standard",0,0,0.102040816326531,"PayPal","Every 3 Months","Middle Age",0,1,0,0,0,0,1,0,0,0,0,0,1,0,0,0,0,0,1,0,0,0,1,0,0,0,0
3382,0.75,0,"Hat","Accessories",0.575,"Minnesota",3,"Turquoise","Winter",0.88,0,"Standard",0,0,0.530612244897959,"Credit Card","Quarterly","Senior",1,0,0,0,0,0,0,1,0,0,0,0,1,0,0,0,1,0,0,0,0,0,0,0,0,1,0
3383,0.307692307692308,0,"Sweater","Clothing",0.1875,"Nebraska",2,"Maroon","Spring",0.12,0,"Express",0,0,0.0204081632653061,"Bank Transfer","Weekly","Adult",0,1,0,0,0,1,0,0,0,1,0,0,0,0,1,0,0,0,0,0,0,0,0,0,0,0,1
3384,0.173076923076923,0,"Coat","Outerwear",0.2875,"Delaware",2,"Pink","Fall",0.04,0,"Next Day Air",0,0,0.775510204081633,"Venmo","Bi-Weekly","Adult",0,0,0,1,1,0,0,0,0,0,0,1,0,0,0,0,0,0,0,1,0,1,0,0,0,0,0
3385,0.403846153846154,0,"Hoodie","Clothing",0.05,"Minnesota",3,"Maroon","Summer",0.52,0,"Free Shipping",0,0,0.163265306122449,"Venmo","Quarterly","Middle Age",0,1,0,0,0,0,1,0,0,0,1,0,0,0,0,0,0,0,0,1,0,0,0,0,0,1,0
3386,0.846153846153846,0,"Jewelry","Accessories",0.7875,"Rhode Island",2,"Olive","Winter",0.12,0,"Standard",0,0,0.306122448979592,"Credit Card","Every 3 Months","Senior",1,0,0,0,0,0,0,1,0,0,0,0,1,0,0,0,1,0,0,0,0,0,1,0,0,0,0
3387,0.307692307692308,0,"T-shirt","Clothing",0.525,"Michigan",2,"Lavender","Fall",0.04,0,"2-Day Shipping",0,0,0.714285714285714,"Cash","Quarterly","Adult",0,1,0,0,1,0,0,0,1,0,0,0,0,0,0,1,0,0,0,0,0,0,0,0,0,1,0
3388,0.673076923076923,0,"Pants","Clothing",0.725,"New Jersey",1,"Pink","Spring",0.36,0,"2-Day Shipping",0,0,0.0204081632653061,"Credit Card","Bi-Weekly","Senior",0,1,0,0,0,1,0,0,1,0,0,0,0,0,0,0,1,0,0,0,0,1,0,0,0,0,0
3389,0.326923076923077,0,"Sweater","Clothing",0.5125,"South Dakota",2,"Cyan","Spring",0.8,0,"Store Pickup",0,0,0.408163265306122,"Credit Card","Weekly","Adult",0,1,0,0,0,1,0,0,0,0,0,0,0,1,0,0,1,0,0,0,0,0,0,0,0,0,1
3390,0.384615384615385,0,"Pants","Clothing",0.4625,"North Carolina",3,"Maroon","Fall",0.52,0,"Free Shipping",0,0,0.775510204081633,"Venmo","Annually","Middle Age",0,1,0,0,1,0,0,0,0,0,1,0,0,0,0,0,0,0,0,1,1,0,0,0,0,0,0
3391,0.269230769230769,0,"Socks","Clothing",0.625,"Oregon",1,"Red","Summer",0.2,0,"Next Day Air",0,0,0.755102040816326,"PayPal","Annually","Adult",0,1,0,0,0,0,1,0,0,0,0,1,0,0,0,0,0,0,1,0,1,0,0,0,0,0,0
3392,0.557692307692308,0,"Hoodie","Clothing",0.4625,"Montana",2,"Silver","Fall",0.48,0,"2-Day Shipping",0,0,0.102040816326531,"Debit Card","Every 3 Months","Middle Age",0,1,0,0,1,0,0,0,1,0,0,0,0,0,0,0,0,1,0,0,0,0,1,0,0,0,0
3393,0.673076923076923,0,"Scarf","Accessories",0.675,"New Jersey",4,"Blue","Winter",0.76,0,"Free Shipping",0,0,0.102040816326531,"Venmo","Bi-Weekly","Senior",1,0,0,0,0,0,0,1,0,0,1,0,0,0,0,0,0,0,0,1,0,1,0,0,0,0,0
3394,0.807692307692308,0,"Dress","Clothing",0.875,"Arizona",2,"Gold","Fall",0.24,0,"Next Day Air",0,0,1,"Debit Card","Monthly","Senior",0,1,0,0,1,0,0,0,0,0,0,1,0,0,0,0,0,1,0,0,0,0,0,0,1,0,0
3395,0.25,0,"Sandals","Footwear",0.975,"Vermont",1,"Yellow","Spring",0.68,0,"Store Pickup",0,0,0.163265306122449,"PayPal","Annually","Adult",0,0,1,0,0,1,0,0,0,0,0,0,0,1,0,0,0,0,1,0,1,0,0,0,0,0,0
3396,0.5,0,"Dress","Clothing",0.2875,"Colorado",2,"Silver","Winter",0.24,0,"Free Shipping",0,0,0.285714285714286,"Debit Card","Every 3 Months","Middle Age",0,1,0,0,0,0,0,1,0,0,1,0,0,0,0,0,0,1,0,0,0,0,1,0,0,0,0
3397,0.211538461538462,0,"Pants","Clothing",0.2125,"Tennessee",4,"Black","Winter",1,0,"Next Day Air",0,0,0.0816326530612245,"PayPal","Quarterly","Adult",0,1,0,0,0,0,0,1,0,0,0,1,0,0,0,0,0,0,1,0,0,0,0,0,0,1,0
3398,0.0192307692307692,0,"Blouse","Clothing",0.225,"New Jersey",3,"Yellow","Summer",0.0800000000000001,0,"Standard",0,0,0.244897959183673,"Bank Transfer","Bi-Weekly","Young Adult",0,1,0,0,0,0,1,0,0,0,0,0,1,0,1,0,0,0,0,0,0,1,0,0,0,0,0
3399,0.692307692307692,0,"Jeans","Clothing",0.5,"Montana",3,"Pink","Winter",0.52,0,"Standard",0,0,0.877551020408163,"Cash","Fortnightly","Senior",0,1,0,0,0,0,0,1,0,0,0,0,1,0,0,1,0,0,0,0,0,0,0,1,0,0,0
3400,0.423076923076923,0,"Pants","Clothing",0.4375,"Montana",4,"Yellow","Winter",0.32,0,"Standard",0,0,0.714285714285714,"Debit Card","Annually","Middle Age",0,1,0,0,0,0,0,1,0,0,0,0,1,0,0,0,0,1,0,0,1,0,0,0,0,0,0
3401,0.403846153846154,0,"Sunglasses","Accessories",0.3875,"Nevada",2,"Lavender","Fall",0.92,0,"Free Shipping",0,0,0.346938775510204,"Venmo","Fortnightly","Middle Age",1,0,0,0,1,0,0,0,0,0,1,0,0,0,0,0,0,0,0,1,0,0,0,1,0,0,0
3402,0.5,0,"Backpack","Accessories",0.6375,"Nevada",3,"Peach","Winter",0.36,0,"Standard",0,0,0.775510204081633,"Credit Card","Weekly","Middle Age",1,0,0,0,0,0,0,1,0,0,0,0,1,0,0,0,1,0,0,0,0,0,0,0,0,0,1
3403,0.0769230769230769,0,"Hoodie","Clothing",0.5125,"Louisiana",2,"Black","Spring",0.76,0,"2-Day Shipping",0,0,0.204081632653061,"PayPal","Every 3 Months","Young Adult",0,1,0,0,0,1,0,0,1,0,0,0,0,0,0,0,0,0,1,0,0,0,1,0,0,0,0
3404,0.230769230769231,0,"Boots","Footwear",0.5625,"Illinois",2,"Olive","Summer",0.56,0,"Standard",0,0,0,"Cash","Bi-Weekly","Adult",0,0,1,0,0,0,1,0,0,0,0,0,1,0,0,1,0,0,0,0,0,1,0,0,0,0,0
3405,0.980769230769231,0,"Gloves","Accessories",0.175,"South Carolina",3,"Olive","Fall",0.56,0,"2-Day Shipping",0,0,0.673469387755102,"Credit Card","Annually","Senior",1,0,0,0,1,0,0,0,1,0,0,0,0,0,0,0,1,0,0,0,1,0,0,0,0,0,0
3406,0.192307692307692,0,"Blouse","Clothing",0.8375,"Washington",2,"White","Summer",0.68,0,"Store Pickup",0,0,0.938775510204082,"Bank Transfer","Bi-Weekly","Adult",0,1,0,0,0,0,1,0,0,0,0,0,0,1,1,0,0,0,0,0,0,1,0,0,0,0,0
3407,0.75,0,"Sweater","Clothing",0.7375,"Nebraska",2,"Red","Spring",0.6,0,"Store Pickup",0,0,0.469387755102041,"Venmo","Quarterly","Senior",0,1,0,0,0,1,0,0,0,0,0,0,0,1,0,0,0,0,0,1,0,0,0,0,0,1,0
3408,0.538461538461538,0,"Dress","Clothing",0.325,"Alabama",1,"Purple","Spring",0.04,0,"Store Pickup",0,0,0.387755102040816,"Cash","Quarterly","Middle Age",0,1,0,0,0,1,0,0,0,0,0,0,0,1,0,1,0,0,0,0,0,0,0,0,0,1,0
3409,0.576923076923077,0,"Socks","Clothing",0.65,"Montana",3,"Purple","Summer",0.76,0,"Standard",0,0,0.204081632653061,"Bank Transfer","Annually","Middle Age",0,1,0,0,0,0,1,0,0,0,0,0,1,0,1,0,0,0,0,0,1,0,0,0,0,0,0
3410,0.115384615384615,0,"Shirt","Clothing",0.9125,"Minnesota",2,"Teal","Summer",0.28,0,"Next Day Air",0,0,0.0408163265306122,"Credit Card","Every 3 Months","Young Adult",0,1,0,0,0,0,1,0,0,0,0,1,0,0,0,0,1,0,0,0,0,0,1,0,0,0,0
3411,0.615384615384615,0,"Sandals","Footwear",0.7,"Ohio",3,"Teal","Summer",0.72,0,"Free Shipping",0,0,0.755102040816326,"Bank Transfer","Bi-Weekly","Middle Age",0,0,1,0,0,0,1,0,0,0,1,0,0,0,1,0,0,0,0,0,0,1,0,0,0,0,0
3412,0.211538461538462,0,"Shoes","Footwear",0.45,"New York",3,"Gray","Winter",0.96,0,"2-Day Shipping",0,0,0.897959183673469,"Cash","Weekly","Adult",0,0,1,0,0,0,0,1,1,0,0,0,0,0,0,1,0,0,0,0,0,0,0,0,0,0,1
3413,0.826923076923077,0,"Sandals","Footwear",0.7875,"Indiana",2,"Magenta","Fall",0.52,0,"Store Pickup",0,0,0.612244897959184,"Venmo","Quarterly","Senior",0,0,1,0,1,0,0,0,0,0,0,0,0,1,0,0,0,0,0,1,0,0,0,0,0,1,0
3414,0.307692307692308,0,"Gloves","Accessories",0.875,"Delaware",4,"Black","Winter",0,0,"Express",0,0,0.306122448979592,"PayPal","Bi-Weekly","Adult",1,0,0,0,0,0,0,1,0,1,0,0,0,0,0,0,0,0,1,0,0,1,0,0,0,0,0
3415,0.173076923076923,0,"Boots","Footwear",0.925,"Connecticut",2,"Maroon","Spring",0.96,0,"Next Day Air",0,0,0.0408163265306122,"Bank Transfer","Quarterly","Adult",0,0,1,0,0,1,0,0,0,0,0,1,0,0,1,0,0,0,0,0,0,0,0,0,0,1,0
3416,0.384615384615385,0,"Blouse","Clothing",0.6,"New York",2,"Gold","Fall",0.2,0,"2-Day Shipping",0,0,0.285714285714286,"Bank Transfer","Annually","Middle Age",0,1,0,0,1,0,0,0,1,0,0,0,0,0,1,0,0,0,0,0,1,0,0,0,0,0,0
3417,0.134615384615385,0,"Sandals","Footwear",0.4125,"Alabama",2,"Purple","Spring",0.28,0,"Store Pickup",0,0,0.204081632653061,"Bank Transfer","Every 3 Months","Young Adult",0,0,1,0,0,1,0,0,0,0,0,0,0,1,1,0,0,0,0,0,0,0,1,0,0,0,0
3418,0.692307692307692,0,"Coat","Outerwear",0.1875,"Massachusetts",2,"Blue","Summer",0.16,0,"2-Day Shipping",0,0,0.428571428571429,"Debit Card","Fortnightly","Senior",0,0,0,1,0,0,1,0,1,0,0,0,0,0,0,0,0,1,0,0,0,0,0,1,0,0,0
3419,0.673076923076923,0,"Jacket","Outerwear",0.125,"South Carolina",2,"Beige","Summer",0.12,0,"Free Shipping",0,0,0.693877551020408,"Debit Card","Annually","Senior",0,0,0,1,0,0,1,0,0,0,1,0,0,0,0,0,0,1,0,0,1,0,0,0,0,0,0
3420,0.0961538461538462,0,"Jewelry","Accessories",0.075,"West Virginia",3,"Indigo","Winter",0.24,0,"Store Pickup",0,0,0.0816326530612245,"Venmo","Bi-Weekly","Young Adult",1,0,0,0,0,0,0,1,0,0,0,0,0,1,0,0,0,0,0,1,0,1,0,0,0,0,0
3421,0.0192307692307692,0,"Hat","Accessories",0.5,"Kentucky",2,"Purple","Winter",0.36,0,"Express",0,0,0.693877551020408,"PayPal","Bi-Weekly","Young Adult",1,0,0,0,0,0,0,1,0,1,0,0,0,0,0,0,0,0,1,0,0,1,0,0,0,0,0
3422,0.75,0,"Shoes","Footwear",0.125,"New Jersey",2,"Maroon","Summer",0.16,0,"Free Shipping",0,0,0.530612244897959,"PayPal","Weekly","Senior",0,0,1,0,0,0,1,0,0,0,1,0,0,0,0,0,0,0,1,0,0,0,0,0,0,0,1
3423,0.0192307692307692,0,"Coat","Outerwear",0.8875,"New York",3,"Beige","Winter",0.28,0,"Next Day Air",0,0,0.163265306122449,"Venmo","Monthly","Young Adult",0,0,0,1,0,0,0,1,0,0,0,1,0,0,0,0,0,0,0,1,0,0,0,0,1,0,0
3424,0.288461538461538,0,"Boots","Footwear",0.6375,"Massachusetts",2,"Brown","Spring",0.52,0,"Next Day Air",0,0,0.408163265306122,"PayPal","Bi-Weekly","Adult",0,0,1,0,0,1,0,0,0,0,0,1,0,0,0,0,0,0,1,0,0,1,0,0,0,0,0
3425,0.288461538461538,0,"Scarf","Accessories",0.55,"Florida",3,"Green","Summer",0.44,0,"2-Day Shipping",0,0,0.448979591836735,"Credit Card","Monthly","Adult",1,0,0,0,0,0,1,0,1,0,0,0,0,0,0,0,1,0,0,0,0,0,0,0,1,0,0
3426,0.384615384615385,0,"Hat","Accessories",0.425,"Michigan",2,"Blue","Summer",0.72,0,"Next Day Air",0,0,0.0408163265306122,"Debit Card","Bi-Weekly","Middle Age",1,0,0,0,0,0,1,0,0,0,0,1,0,0,0,0,0,1,0,0,0,1,0,0,0,0,0
3427,0.557692307692308,0,"Socks","Clothing",0.1875,"Oregon",4,"Magenta","Fall",0.92,0,"2-Day Shipping",0,0,0.612244897959184,"Credit Card","Annually","Middle Age",0,1,0,0,1,0,0,0,1,0,0,0,0,0,0,0,1,0,0,0,1,0,0,0,0,0,0
3428,0.403846153846154,0,"T-shirt","Clothing",0.225,"Michigan",4,"Turquoise","Winter",0,0,"Store Pickup",0,0,0.877551020408163,"Cash","Annually","Middle Age",0,1,0,0,0,0,0,1,0,0,0,0,0,1,0,1,0,0,0,0,1,0,0,0,0,0,0
3429,0.269230769230769,0,"Jewelry","Accessories",0.6125,"Washington",2,"Gray","Fall",0,0,"Next Day Air",0,0,0.387755102040816,"Venmo","Monthly","Adult",1,0,0,0,1,0,0,0,0,0,0,1,0,0,0,0,0,0,0,1,0,0,0,0,1,0,0
3430,0.173076923076923,0,"Skirt","Clothing",0.95,"Alaska",1,"Purple","Winter",0.84,0,"Express",0,0,0.673469387755102,"Debit Card","Weekly","Adult",0,1,0,0,0,0,0,1,0,1,0,0,0,0,0,0,0,1,0,0,0,0,0,0,0,0,1
3431,0.942307692307692,0,"Socks","Clothing",0.6625,"Montana",2,"Lavender","Winter",0.68,0,"Next Day Air",0,0,0.326530612244898,"Bank Transfer","Every 3 Months","Senior",0,1,0,0,0,0,0,1,0,0,0,1,0,0,1,0,0,0,0,0,0,0,1,0,0,0,0
3432,0.538461538461538,0,"Belt","Accessories",0.3625,"New Mexico",1,"Green","Summer",0.68,0,"Express",0,0,0.387755102040816,"Venmo","Annually","Middle Age",1,0,0,0,0,0,1,0,0,1,0,0,0,0,0,0,0,0,0,1,1,0,0,0,0,0,0
3433,0.346153846153846,0,"Boots","Footwear",0.3,"Connecticut",2,"Gray","Summer",0.92,0,"2-Day Shipping",0,0,0.918367346938776,"PayPal","Every 3 Months","Middle Age",0,0,1,0,0,0,1,0,1,0,0,0,0,0,0,0,0,0,1,0,0,0,1,0,0,0,0
3434,0.846153846153846,0,"Socks","Clothing",0.9125,"Alaska",2,"Yellow","Spring",0.8,0,"Free Shipping",0,0,0.551020408163265,"PayPal","Annually","Senior",0,1,0,0,0,1,0,0,0,0,1,0,0,0,0,0,0,0,1,0,1,0,0,0,0,0,0
3435,0.25,0,"Pants","Clothing",0.65,"Ohio",1,"Orange","Summer",0.32,0,"2-Day Shipping",0,0,0.102040816326531,"Venmo","Fortnightly","Adult",0,1,0,0,0,0,1,0,1,0,0,0,0,0,0,0,0,0,0,1,0,0,0,1,0,0,0
3436,0.961538461538462,0,"Socks","Clothing",0.8875,"Montana",2,"Beige","Summer",0.0800000000000001,0,"2-Day Shipping",0,0,1,"Debit Card","Bi-Weekly","Senior",0,1,0,0,0,0,1,0,1,0,0,0,0,0,0,0,0,1,0,0,0,1,0,0,0,0,0
3437,0.75,0,"Belt","Accessories",0.7875,"Nebraska",3,"Peach","Winter",0.12,0,"2-Day Shipping",0,0,0.816326530612245,"Bank Transfer","Monthly","Senior",1,0,0,0,0,0,0,1,1,0,0,0,0,0,1,0,0,0,0,0,0,0,0,0,1,0,0
3438,0.0769230769230769,0,"Jacket","Outerwear",0.525,"Oklahoma",1,"Green","Winter",0.4,0,"2-Day Shipping",0,0,1,"PayPal","Annually","Young Adult",0,0,0,1,0,0,0,1,1,0,0,0,0,0,0,0,0,0,1,0,1,0,0,0,0,0,0
3439,0.153846153846154,0,"Shirt","Clothing",0.6375,"Kentucky",2,"Violet","Fall",0.2,0,"Store Pickup",0,0,0.653061224489796,"Credit Card","Monthly","Adult",0,1,0,0,1,0,0,0,0,0,0,0,0,1,0,0,1,0,0,0,0,0,0,0,1,0,0
3440,0.480769230769231,0,"Gloves","Accessories",0.9125,"Idaho",2,"Gray","Summer",0.8,0,"Express",0,0,0.489795918367347,"Venmo","Quarterly","Middle Age",1,0,0,0,0,0,1,0,0,1,0,0,0,0,0,0,0,0,0,1,0,0,0,0,0,1,0
3441,0.519230769230769,0,"Handbag","Accessories",0.5375,"Maryland",3,"Magenta","Fall",0.72,0,"2-Day Shipping",0,0,0.0204081632653061,"PayPal","Weekly","Middle Age",1,0,0,0,1,0,0,0,1,0,0,0,0,0,0,0,0,0,1,0,0,0,0,0,0,0,1
3442,0.884615384615385,0,"Sweater","Clothing",0.95,"Tennessee",4,"Charcoal","Fall",0.64,0,"Standard",0,0,0.285714285714286,"Credit Card","Annually","Senior",0,1,0,0,1,0,0,0,0,0,0,0,1,0,0,0,1,0,0,0,1,0,0,0,0,0,0
3443,0.192307692307692,0,"Skirt","Clothing",0.725,"Michigan",2,"Violet","Spring",0.72,0,"Next Day Air",0,0,0.224489795918367,"PayPal","Weekly","Adult",0,1,0,0,0,1,0,0,0,0,0,1,0,0,0,0,0,0,1,0,0,0,0,0,0,0,1
3444,0.557692307692308,0,"Dress","Clothing",0.05,"Tennessee",3,"Silver","Summer",1,0,"Free Shipping",0,0,0.551020408163265,"Cash","Bi-Weekly","Middle Age",0,1,0,0,0,0,1,0,0,0,1,0,0,0,0,1,0,0,0,0,0,1,0,0,0,0,0
3445,0.673076923076923,0,"Pants","Clothing",0.5375,"Rhode Island",1,"Green","Summer",0.52,0,"2-Day Shipping",0,0,0.224489795918367,"Bank Transfer","Bi-Weekly","Senior",0,1,0,0,0,0,1,0,1,0,0,0,0,0,1,0,0,0,0,0,0,1,0,0,0,0,0
3446,0.461538461538462,0,"Hat","Accessories",0.475,"Florida",2,"Magenta","Fall",0.96,0,"Standard",0,0,0.0408163265306122,"Debit Card","Annually","Middle Age",1,0,0,0,1,0,0,0,0,0,0,0,1,0,0,0,0,1,0,0,1,0,0,0,0,0,0
3447,0.634615384615385,0,"Boots","Footwear",0.4375,"Louisiana",1,"Purple","Spring",1,0,"2-Day Shipping",0,0,0.387755102040816,"Cash","Weekly","Senior",0,0,1,0,0,1,0,0,1,0,0,0,0,0,0,1,0,0,0,0,0,0,0,0,0,0,1
3448,0.846153846153846,0,"Sandals","Footwear",0.475,"Arkansas",2,"Blue","Fall",0.72,0,"Express",0,0,0.0408163265306122,"Bank Transfer","Bi-Weekly","Senior",0,0,1,0,1,0,0,0,0,1,0,0,0,0,1,0,0,0,0,0,0,1,0,0,0,0,0
3449,0,0,"Coat","Outerwear",0.1,"Kentucky",1,"Yellow","Winter",0.64,0,"Express",0,0,0.63265306122449,"Bank Transfer","Fortnightly","Young Adult",0,0,0,1,0,0,0,1,0,1,0,0,0,0,1,0,0,0,0,0,0,0,0,1,0,0,0
3450,0.576923076923077,0,"Blouse","Clothing",0.2125,"Kansas",2,"Brown","Spring",0.8,0,"Standard",0,0,0.693877551020408,"Cash","Monthly","Middle Age",0,1,0,0,0,1,0,0,0,0,0,0,1,0,0,1,0,0,0,0,0,0,0,0,1,0,0
3451,0.0384615384615385,0,"Shorts","Clothing",0.725,"Vermont",2,"Pink","Spring",0.44,0,"Store Pickup",0,0,0.612244897959184,"PayPal","Monthly","Young Adult",0,1,0,0,0,1,0,0,0,0,0,0,0,1,0,0,0,0,1,0,0,0,0,0,1,0,0
3452,0.269230769230769,0,"Blouse","Clothing",0.6625,"Nevada",4,"Silver","Fall",0.2,0,"Free Shipping",0,0,0.244897959183673,"Credit Card","Annually","Adult",0,1,0,0,1,0,0,0,0,0,1,0,0,0,0,0,1,0,0,0,1,0,0,0,0,0,0
3453,0.153846153846154,0,"Jacket","Outerwear",0,"Oklahoma",2,"Indigo","Spring",0.48,0,"Next Day Air",0,0,0.0408163265306122,"Venmo","Fortnightly","Adult",0,0,0,1,0,1,0,0,0,0,0,1,0,0,0,0,0,0,0,1,0,0,0,1,0,0,0
3454,0.25,0,"Shirt","Clothing",0.5,"Alabama",3,"Pink","Winter",0.72,0,"Standard",0,0,0.959183673469388,"Venmo","Bi-Weekly","Adult",0,1,0,0,0,0,0,1,0,0,0,0,1,0,0,0,0,0,0,1,0,1,0,0,0,0,0
3455,0.711538461538462,0,"Handbag","Accessories",0.6375,"Louisiana",1,"Lavender","Fall",0.84,0,"Store Pickup",0,0,0.285714285714286,"PayPal","Bi-Weekly","Senior",1,0,0,0,1,0,0,0,0,0,0,0,0,1,0,0,0,0,1,0,0,1,0,0,0,0,0
3456,0.596153846153846,0,"T-shirt","Clothing",0.8625,"Ohio",2,"Orange","Fall",0.88,0,"Standard",0,0,0.244897959183673,"Venmo","Annually","Middle Age",0,1,0,0,1,0,0,0,0,0,0,0,1,0,0,0,0,0,0,1,1,0,0,0,0,0,0
3457,0.461538461538462,0,"Hoodie","Clothing",0.4125,"Texas",2,"Red","Fall",0.84,0,"Express",0,0,0.408163265306122,"Venmo","Monthly","Middle Age",0,1,0,0,1,0,0,0,0,1,0,0,0,0,0,0,0,0,0,1,0,0,0,0,1,0,0
3458,0.884615384615385,0,"Jewelry","Accessories",0.8375,"Maryland",2,"Gray","Summer",0.2,0,"Express",0,0,0.571428571428571,"Cash","Fortnightly","Senior",1,0,0,0,0,0,1,0,0,1,0,0,0,0,0,1,0,0,0,0,0,0,0,1,0,0,0
3459,0.961538461538462,0,"Jewelry","Accessories",0.2125,"West Virginia",3,"Violet","Spring",0.36,0,"Standard",0,0,0.469387755102041,"Venmo","Quarterly","Senior",1,0,0,0,0,1,0,0,0,0,0,0,1,0,0,0,0,0,0,1,0,0,0,0,0,1,0
3460,0.961538461538462,0,"Hoodie","Clothing",0.2125,"Ohio",3,"Green","Fall",0.52,0,"Express",0,0,0.408163265306122,"PayPal","Annually","Senior",0,1,0,0,1,0,0,0,0,1,0,0,0,0,0,0,0,0,1,0,1,0,0,0,0,0,0
3461,0.442307692307692,0,"Scarf","Accessories",0.725,"Indiana",2,"Gold","Spring",0.24,0,"Express",0,0,0.0816326530612245,"Bank Transfer","Bi-Weekly","Middle Age",1,0,0,0,0,1,0,0,0,1,0,0,0,0,1,0,0,0,0,0,0,1,0,0,0,0,0
3462,0.634615384615385,0,"Shoes","Footwear",0.0375,"Wyoming",1,"Maroon","Spring",0.76,0,"Standard",0,0,0.938775510204082,"Cash","Quarterly","Senior",0,0,1,0,0,1,0,0,0,0,0,0,1,0,0,1,0,0,0,0,0,0,0,0,0,1,0
3463,0.5,0,"Jeans","Clothing",0.6625,"Michigan",3,"Olive","Spring",0.8,0,"Standard",0,0,0.673469387755102,"Credit Card","Every 3 Months","Middle Age",0,1,0,0,0,1,0,0,0,0,0,0,1,0,0,0,1,0,0,0,0,0,1,0,0,0,0
3464,0.173076923076923,0,"Jewelry","Accessories",0.0875,"Maine",2,"Yellow","Fall",0.12,0,"2-Day Shipping",0,0,0.897959183673469,"PayPal","Fortnightly","Adult",1,0,0,0,1,0,0,0,1,0,0,0,0,0,0,0,0,0,1,0,0,0,0,1,0,0,0
3465,0.346153846153846,0,"Coat","Outerwear",0.4875,"Utah",1,"Peach","Winter",0.0800000000000001,0,"Next Day Air",0,0,0.224489795918367,"PayPal","Annually","Middle Age",0,0,0,1,0,0,0,1,0,0,0,1,0,0,0,0,0,0,1,0,1,0,0,0,0,0,0
3466,0.0192307692307692,0,"Backpack","Accessories",0.4125,"Iowa",2,"Gold","Spring",0.36,0,"Standard",0,0,0.612244897959184,"Debit Card","Weekly","Young Adult",1,0,0,0,0,1,0,0,0,0,0,0,1,0,0,0,0,1,0,0,0,0,0,0,0,0,1
3467,0.596153846153846,0,"Socks","Clothing",0.275,"Maryland",1,"Purple","Summer",0.84,0,"Standard",0,0,0.857142857142857,"Bank Transfer","Annually","Middle Age",0,1,0,0,0,0,1,0,0,0,0,0,1,0,1,0,0,0,0,0,1,0,0,0,0,0,0
3468,0,0,"Scarf","Accessories",0.3125,"Texas",2,"Charcoal","Fall",1,0,"Next Day Air",0,0,0.0816326530612245,"Credit Card","Annually","Young Adult",1,0,0,0,1,0,0,0,0,0,0,1,0,0,0,0,1,0,0,0,1,0,0,0,0,0,0
3469,0.346153846153846,0,"Sunglasses","Accessories",0.8625,"Ohio",1,"Indigo","Winter",0.4,0,"Standard",0,0,0.714285714285714,"Debit Card","Quarterly","Middle Age",1,0,0,0,0,0,0,1,0,0,0,0,1,0,0,0,0,1,0,0,0,0,0,0,0,1,0
3470,0.346153846153846,0,"Socks","Clothing",0.8125,"North Dakota",3,"Magenta","Fall",0.32,0,"Store Pickup",0,0,0.224489795918367,"Cash","Annually","Middle Age",0,1,0,0,1,0,0,0,0,0,0,0,0,1,0,1,0,0,0,0,1,0,0,0,0,0,0
3471,0.0192307692307692,0,"Coat","Outerwear",0.6125,"West Virginia",1,"Olive","Summer",0.8,0,"Free Shipping",0,0,0.612244897959184,"Cash","Bi-Weekly","Young Adult",0,0,0,1,0,0,1,0,0,0,1,0,0,0,0,1,0,0,0,0,0,1,0,0,0,0,0
3472,0.480769230769231,0,"Sandals","Footwear",0.575,"North Carolina",1,"Blue","Spring",0.24,0,"Store Pickup",0,0,0.612244897959184,"Cash","Bi-Weekly","Middle Age",0,0,1,0,0,1,0,0,0,0,0,0,0,1,0,1,0,0,0,0,0,1,0,0,0,0,0
3473,0.25,0,"Blouse","Clothing",0.275,"Georgia",1,"White","Summer",0.6,0,"Free Shipping",0,0,0.285714285714286,"Debit Card","Weekly","Adult",0,1,0,0,0,0,1,0,0,0,1,0,0,0,0,0,0,1,0,0,0,0,0,0,0,0,1
3474,0.865384615384615,0,"Dress","Clothing",0.25,"Kansas",2,"Cyan","Spring",0,0,"Express",0,0,0.204081632653061,"Cash","Weekly","Senior",0,1,0,0,0,1,0,0,0,1,0,0,0,0,0,1,0,0,0,0,0,0,0,0,0,0,1
3475,0.442307692307692,0,"Pants","Clothing",0.775,"Maine",2,"Cyan","Winter",0.76,0,"Store Pickup",0,0,0.346938775510204,"Venmo","Monthly","Middle Age",0,1,0,0,0,0,0,1,0,0,0,0,0,1,0,0,0,0,0,1,0,0,0,0,1,0,0
3476,0.576923076923077,0,"Sneakers","Footwear",0.85,"South Carolina",2,"Orange","Spring",0.76,0,"Express",0,0,0.163265306122449,"Cash","Quarterly","Middle Age",0,0,1,0,0,1,0,0,0,1,0,0,0,0,0,1,0,0,0,0,0,0,0,0,0,1,0
3477,0.961538461538462,0,"Boots","Footwear",0.9875,"South Carolina",4,"Orange","Summer",0.28,0,"Free Shipping",0,0,0.204081632653061,"Cash","Weekly","Senior",0,0,1,0,0,0,1,0,0,0,1,0,0,0,0,1,0,0,0,0,0,0,0,0,0,0,1
3478,0.673076923076923,0,"Handbag","Accessories",0.8125,"Kentucky",1,"Teal","Spring",0.52,0,"Store Pickup",0,0,0.755102040816326,"Debit Card","Bi-Weekly","Senior",1,0,0,0,0,1,0,0,0,0,0,0,0,1,0,0,0,1,0,0,0,1,0,0,0,0,0
3479,0.346153846153846,0,"Handbag","Accessories",0.4625,"Arizona",2,"Magenta","Fall",0.84,0,"Store Pickup",0,0,0.836734693877551,"PayPal","Quarterly","Middle Age",1,0,0,0,1,0,0,0,0,0,0,0,0,1,0,0,0,0,1,0,0,0,0,0,0,1,0
3480,0.538461538461538,0,"Sweater","Clothing",0.45,"New York",1,"Orange","Summer",0.96,0,"Standard",0,0,0.816326530612245,"Cash","Monthly","Middle Age",0,1,0,0,0,0,1,0,0,0,0,0,1,0,0,1,0,0,0,0,0,0,0,0,1,0,0
3481,0.0576923076923077,0,"Sandals","Footwear",0.7375,"New Hampshire",3,"Peach","Winter",0.4,0,"Free Shipping",0,0,0.897959183673469,"PayPal","Monthly","Young Adult",0,0,1,0,0,0,0,1,0,0,1,0,0,0,0,0,0,0,1,0,0,0,0,0,1,0,0
3482,0.653846153846154,0,"Socks","Clothing",0.5875,"Ohio",1,"Maroon","Summer",0.36,0,"Store Pickup",0,0,0.816326530612245,"Debit Card","Bi-Weekly","Senior",0,1,0,0,0,0,1,0,0,0,0,0,0,1,0,0,0,1,0,0,0,1,0,0,0,0,0
3483,0.923076923076923,0,"Gloves","Accessories",0.5125,"Hawaii",2,"Gold","Winter",0.56,0,"Next Day Air",0,0,0.693877551020408,"Debit Card","Weekly","Senior",1,0,0,0,0,0,0,1,0,0,0,1,0,0,0,0,0,1,0,0,0,0,0,0,0,0,1
3484,0.0192307692307692,0,"Hoodie","Clothing",0.2125,"Texas",3,"White","Winter",0.56,0,"Express",0,0,0.408163265306122,"Credit Card","Every 3 Months","Young Adult",0,1,0,0,0,0,0,1,0,1,0,0,0,0,0,0,1,0,0,0,0,0,1,0,0,0,0
3485,0.5,0,"Dress","Clothing",0.6875,"Illinois",3,"Gray","Fall",0.68,0,"Free Shipping",0,0,0.244897959183673,"Credit Card","Bi-Weekly","Middle Age",0,1,0,0,1,0,0,0,0,0,1,0,0,0,0,0,1,0,0,0,0,1,0,0,0,0,0
3486,0.615384615384615,0,"Shirt","Clothing",0.0125,"Massachusetts",4,"Brown","Winter",0.36,0,"Standard",0,0,0.448979591836735,"Debit Card","Fortnightly","Middle Age",0,1,0,0,0,0,0,1,0,0,0,0,1,0,0,0,0,1,0,0,0,0,0,1,0,0,0
3487,0.634615384615385,0,"Shorts","Clothing",0.8625,"North Carolina",3,"Charcoal","Winter",0.96,0,"Standard",0,0,0.102040816326531,"PayPal","Weekly","Senior",0,1,0,0,0,0,0,1,0,0,0,0,1,0,0,0,0,0,1,0,0,0,0,0,0,0,1
3488,0.134615384615385,0,"Sandals","Footwear",0.05,"West Virginia",3,"Beige","Fall",0.16,0,"Store Pickup",0,0,0.775510204081633,"Bank Transfer","Annually","Young Adult",0,0,1,0,1,0,0,0,0,0,0,0,0,1,1,0,0,0,0,0,1,0,0,0,0,0,0
3489,0.846153846153846,0,"Sweater","Clothing",0.0875,"Delaware",4,"Teal","Spring",0.96,0,"Store Pickup",0,0,0.122448979591837,"Cash","Quarterly","Senior",0,1,0,0,0,1,0,0,0,0,0,0,0,1,0,1,0,0,0,0,0,0,0,0,0,1,0
3490,0.576923076923077,0,"Dress","Clothing",0.075,"Idaho",3,"Black","Summer",0.84,0,"2-Day Shipping",0,0,0.63265306122449,"PayPal","Every 3 Months","Middle Age",0,1,0,0,0,0,1,0,1,0,0,0,0,0,0,0,0,0,1,0,0,0,1,0,0,0,0
3491,0.846153846153846,0,"Boots","Footwear",0.775,"Oregon",2,"Violet","Spring",0.44,0,"Store Pickup",0,0,0.857142857142857,"Credit Card","Quarterly","Senior",0,0,1,0,0,1,0,0,0,0,0,0,0,1,0,0,1,0,0,0,0,0,0,0,0,1,0
3492,0.0769230769230769,0,"Pants","Clothing",0.1,"Maine",2,"Orange","Winter",0.72,0,"Express",0,0,0.285714285714286,"Cash","Monthly","Young Adult",0,1,0,0,0,0,0,1,0,1,0,0,0,0,0,1,0,0,0,0,0,0,0,0,1,0,0
3493,0.576923076923077,0,"Gloves","Accessories",0.5625,"South Dakota",2,"Turquoise","Fall",0.84,0,"Standard",0,0,0.959183673469388,"Bank Transfer","Annually","Middle Age",1,0,0,0,1,0,0,0,0,0,0,0,1,0,1,0,0,0,0,0,1,0,0,0,0,0,0
3494,0.576923076923077,0,"Pants","Clothing",0.775,"New Mexico",4,"Black","Winter",0.88,0,"Store Pickup",0,0,0.693877551020408,"Credit Card","Weekly","Middle Age",0,1,0,0,0,0,0,1,0,0,0,0,0,1,0,0,1,0,0,0,0,0,0,0,0,0,1
3495,0.846153846153846,0,"Scarf","Accessories",0.225,"Washington",2,"Silver","Winter",0.4,0,"Free Shipping",0,0,0.816326530612245,"PayPal","Quarterly","Senior",1,0,0,0,0,0,0,1,0,0,1,0,0,0,0,0,0,0,1,0,0,0,0,0,0,1,0
3496,0.115384615384615,0,"Shorts","Clothing",0.1625,"Georgia",4,"Gray","Spring",0.12,0,"Free Shipping",0,0,0.26530612244898,"Cash","Weekly","Young Adult",0,1,0,0,0,1,0,0,0,0,1,0,0,0,0,1,0,0,0,0,0,0,0,0,0,0,1
3497,0.403846153846154,0,"Shoes","Footwear",0.225,"Idaho",2,"Pink","Summer",0.6,0,"Free Shipping",0,0,0.428571428571429,"PayPal","Monthly","Middle Age",0,0,1,0,0,0,1,0,0,0,1,0,0,0,0,0,0,0,1,0,0,0,0,0,1,0,0
3498,0.326923076923077,0,"Handbag","Accessories",0.35,"Colorado",2,"Red","Spring",0.72,0,"Store Pickup",0,0,0.306122448979592,"Venmo","Every 3 Months","Adult",1,0,0,0,0,1,0,0,0,0,0,0,0,1,0,0,0,0,0,1,0,0,1,0,0,0,0
3499,0.557692307692308,0,"Sandals","Footwear",0.1875,"Kentucky",2,"Lavender","Summer",0.52,0,"Standard",0,0,0.0204081632653061,"Bank Transfer","Bi-Weekly","Middle Age",0,0,1,0,0,0,1,0,0,0,0,0,1,0,1,0,0,0,0,0,0,1,0,0,0,0,0
3500,0.0769230769230769,0,"Socks","Clothing",0.1125,"New Jersey",3,"Indigo","Fall",0.2,0,"Next Day Air",0,0,0.244897959183673,"PayPal","Every 3 Months","Young Adult",0,1,0,0,1,0,0,0,0,0,0,1,0,0,0,0,0,0,1,0,0,0,1,0,0,0,0
3501,0.384615384615385,0,"Shirt","Clothing",0.35,"Oregon",1,"Silver","Fall",0.84,0,"Next Day Air",0,0,0.755102040816326,"Debit Card","Fortnightly","Middle Age",0,1,0,0,1,0,0,0,0,0,0,1,0,0,0,0,0,1,0,0,0,0,0,1,0,0,0
3502,0.673076923076923,0,"Shoes","Footwear",0.8375,"Nebraska",2,"Silver","Fall",0.92,0,"Standard",0,0,0.857142857142857,"Bank Transfer","Weekly","Senior",0,0,1,0,1,0,0,0,0,0,0,0,1,0,1,0,0,0,0,0,0,0,0,0,0,0,1
3503,0.25,0,"Backpack","Accessories",0.525,"Massachusetts",2,"Green","Fall",0.88,0,"Next Day Air",0,0,0.510204081632653,"Bank Transfer","Quarterly","Adult",1,0,0,0,1,0,0,0,0,0,0,1,0,0,1,0,0,0,0,0,0,0,0,0,0,1,0
3504,0.25,0,"Shirt","Clothing",0.95,"Nebraska",2,"Pink","Spring",0.56,0,"Free Shipping",0,0,0.775510204081633,"Cash","Weekly","Adult",0,1,0,0,0,1,0,0,0,0,1,0,0,0,0,1,0,0,0,0,0,0,0,0,0,0,1
3505,0.903846153846154,0,"Handbag","Accessories",0.2625,"Hawaii",1,"Violet","Fall",0.6,0,"Next Day Air",0,0,1,"Venmo","Monthly","Senior",1,0,0,0,1,0,0,0,0,0,0,1,0,0,0,0,0,0,0,1,0,0,0,0,1,0,0
3506,0.576923076923077,0,"Jewelry","Accessories",0.275,"Indiana",3,"Red","Winter",0.48,0,"2-Day Shipping",0,0,0.795918367346939,"Bank Transfer","Every 3 Months","Middle Age",1,0,0,0,0,0,0,1,1,0,0,0,0,0,1,0,0,0,0,0,0,0,1,0,0,0,0
3507,0,0,"Shirt","Clothing",0.4625,"Illinois",3,"Olive","Winter",0.48,0,"2-Day Shipping",0,0,0.224489795918367,"Cash","Fortnightly","Young Adult",0,1,0,0,0,0,0,1,1,0,0,0,0,0,0,1,0,0,0,0,0,0,0,1,0,0,0
3508,0.538461538461538,0,"Handbag","Accessories",0.5625,"Colorado",1,"Purple","Spring",0.68,0,"Store Pickup",0,0,0.653061224489796,"Credit Card","Every 3 Months","Middle Age",1,0,0,0,0,1,0,0,0,0,0,0,0,1,0,0,1,0,0,0,0,0,1,0,0,0,0
3509,0.653846153846154,0,"Pants","Clothing",0.425,"Pennsylvania",2,"Gray","Fall",0.88,0,"Standard",0,0,0.979591836734694,"Bank Transfer","Weekly","Senior",0,1,0,0,1,0,0,0,0,0,0,0,1,0,1,0,0,0,0,0,0,0,0,0,0,0,1
3510,0.615384615384615,0,"T-shirt","Clothing",0.025,"Ohio",3,"Brown","Winter",0.72,0,"Next Day Air",0,0,0.857142857142857,"Venmo","Bi-Weekly","Middle Age",0,1,0,0,0,0,0,1,0,0,0,1,0,0,0,0,0,0,0,1,0,1,0,0,0,0,0
3511,0.596153846153846,0,"Sneakers","Footwear",0.95,"Pennsylvania",1,"Orange","Fall",0.96,0,"2-Day Shipping",0,0,0.26530612244898,"Venmo","Monthly","Middle Age",0,0,1,0,1,0,0,0,1,0,0,0,0,0,0,0,0,0,0,1,0,0,0,0,1,0,0
3512,0.980769230769231,0,"Jewelry","Accessories",0.7625,"Mississippi",2,"Blue","Summer",0.56,0,"2-Day Shipping",0,0,0.408163265306122,"Credit Card","Every 3 Months","Senior",1,0,0,0,0,0,1,0,1,0,0,0,0,0,0,0,1,0,0,0,0,0,1,0,0,0,0
3513,0.346153846153846,0,"Shirt","Clothing",0.325,"Kentucky",2,"White","Fall",0.36,0,"Free Shipping",0,0,0.612244897959184,"Debit Card","Quarterly","Middle Age",0,1,0,0,1,0,0,0,0,0,1,0,0,0,0,0,0,1,0,0,0,0,0,0,0,1,0
3514,0.230769230769231,0,"Blouse","Clothing",0.675,"Alaska",4,"Charcoal","Spring",0.68,0,"Store Pickup",0,0,0.571428571428571,"Credit Card","Fortnightly","Adult",0,1,0,0,0,1,0,0,0,0,0,0,0,1,0,0,1,0,0,0,0,0,0,1,0,0,0
3515,0.134615384615385,0,"Sneakers","Footwear",0.375,"Georgia",4,"Gray","Winter",0.88,0,"Express",0,0,0.63265306122449,"Cash","Monthly","Young Adult",0,0,1,0,0,0,0,1,0,1,0,0,0,0,0,1,0,0,0,0,0,0,0,0,1,0,0
3516,0.0192307692307692,0,"Dress","Clothing",0.75,"South Dakota",4,"Charcoal","Winter",0.6,0,"Next Day Air",0,0,0.306122448979592,"Debit Card","Bi-Weekly","Young Adult",0,1,0,0,0,0,0,1,0,0,0,1,0,0,0,0,0,1,0,0,0,1,0,0,0,0,0
3517,0.307692307692308,0,"Boots","Footwear",0.45,"South Carolina",1,"White","Summer",0.6,0,"Free Shipping",0,0,0.755102040816326,"PayPal","Bi-Weekly","Adult",0,0,1,0,0,0,1,0,0,0,1,0,0,0,0,0,0,0,1,0,0,1,0,0,0,0,0
3518,0.211538461538462,0,"Skirt","Clothing",0.6125,"Tennessee",2,"Orange","Winter",0.24,0,"Next Day Air",0,0,0.673469387755102,"Debit Card","Every 3 Months","Adult",0,1,0,0,0,0,0,1,0,0,0,1,0,0,0,0,0,1,0,0,0,0,1,0,0,0,0
3519,0.615384615384615,0,"Shirt","Clothing",0.9625,"Colorado",2,"Black","Spring",0.68,0,"Standard",0,0,0.591836734693878,"PayPal","Quarterly","Middle Age",0,1,0,0,0,1,0,0,0,0,0,0,1,0,0,0,0,0,1,0,0,0,0,0,0,1,0
3520,0.25,0,"Shorts","Clothing",0.575,"Wisconsin",2,"White","Winter",0.48,0,"Next Day Air",0,0,0.26530612244898,"Bank Transfer","Fortnightly","Adult",0,1,0,0,0,0,0,1,0,0,0,1,0,0,1,0,0,0,0,0,0,0,0,1,0,0,0
3521,0.442307692307692,0,"Hat","Accessories",0.625,"Georgia",1,"Brown","Spring",0.24,0,"Express",0,0,0.653061224489796,"Bank Transfer","Monthly","Middle Age",1,0,0,0,0,1,0,0,0,1,0,0,0,0,1,0,0,0,0,0,0,0,0,0,1,0,0
3522,0.653846153846154,0,"Shoes","Footwear",0.375,"Maryland",2,"Pink","Winter",0.48,0,"Store Pickup",0,0,0.693877551020408,"Venmo","Weekly","Senior",0,0,1,0,0,0,0,1,0,0,0,0,0,1,0,0,0,0,0,1,0,0,0,0,0,0,1
3523,0.173076923076923,0,"Pants","Clothing",0.8125,"New Jersey",2,"Yellow","Spring",0.28,0,"Store Pickup",0,0,0.244897959183673,"Cash","Quarterly","Adult",0,1,0,0,0,1,0,0,0,0,0,0,0,1,0,1,0,0,0,0,0,0,0,0,0,1,0
3524,0.596153846153846,0,"Backpack","Accessories",0.4875,"Nevada",2,"Cyan","Summer",0.12,0,"Standard",0,0,0.591836734693878,"Cash","Fortnightly","Middle Age",1,0,0,0,0,0,1,0,0,0,0,0,1,0,0,1,0,0,0,0,0,0,0,1,0,0,0
3525,0.980769230769231,0,"Pants","Clothing",0.675,"Michigan",3,"Silver","Summer",0.16,0,"Free Shipping",0,0,0.591836734693878,"Credit Card","Monthly","Senior",0,1,0,0,0,0,1,0,0,0,1,0,0,0,0,0,1,0,0,0,0,0,0,0,1,0,0
3526,0.519230769230769,0,"Sunglasses","Accessories",0.225,"Wyoming",3,"Olive","Winter",0.4,0,"Standard",0,0,0.938775510204082,"Bank Transfer","Annually","Middle Age",1,0,0,0,0,0,0,1,0,0,0,0,1,0,1,0,0,0,0,0,1,0,0,0,0,0,0
3527,0.0384615384615385,0,"Sweater","Clothing",0.9875,"Massachusetts",2,"Olive","Spring",0.52,0,"Express",0,0,0,"PayPal","Every 3 Months","Young Adult",0,1,0,0,0,1,0,0,0,1,0,0,0,0,0,0,0,0,1,0,0,0,1,0,0,0,0
3528,0.134615384615385,0,"Blouse","Clothing",0.9625,"Washington",1,"Charcoal","Spring",0.88,0,"Free Shipping",0,0,0,"Cash","Weekly","Young Adult",0,1,0,0,0,1,0,0,0,0,1,0,0,0,0,1,0,0,0,0,0,0,0,0,0,0,1
3529,0.384615384615385,0,"Scarf","Accessories",0.5875,"Maine",3,"Gray","Summer",0.8,0,"Free Shipping",0,0,0.653061224489796,"PayPal","Annually","Middle Age",1,0,0,0,0,0,1,0,0,0,1,0,0,0,0,0,0,0,1,0,1,0,0,0,0,0,0
3530,0.711538461538462,0,"T-shirt","Clothing",0,"Montana",1,"Maroon","Winter",0.56,0,"Next Day Air",0,0,0.857142857142857,"Bank Transfer","Weekly","Senior",0,1,0,0,0,0,0,1,0,0,0,1,0,0,1,0,0,0,0,0,0,0,0,0,0,0,1
3531,0.846153846153846,0,"Sunglasses","Accessories",0.3125,"Oklahoma",3,"Black","Spring",0.36,0,"Express",0,0,0.73469387755102,"PayPal","Weekly","Senior",1,0,0,0,0,1,0,0,0,1,0,0,0,0,0,0,0,0,1,0,0,0,0,0,0,0,1
3532,0.692307692307692,0,"Shoes","Footwear",0.4,"North Dakota",4,"Violet","Winter",0.84,0,"2-Day Shipping",0,0,0.448979591836735,"Cash","Quarterly","Senior",0,0,1,0,0,0,0,1,1,0,0,0,0,0,0,1,0,0,0,0,0,0,0,0,0,1,0
3533,0.826923076923077,0,"Pants","Clothing",0.6,"Connecticut",3,"Indigo","Fall",0.84,0,"Standard",0,0,0.224489795918367,"Credit Card","Annually","Senior",0,1,0,0,1,0,0,0,0,0,0,0,1,0,0,0,1,0,0,0,1,0,0,0,0,0,0
3534,0.615384615384615,0,"Sneakers","Footwear",0.975,"Texas",3,"Yellow","Fall",0.88,0,"Standard",0,0,0.591836734693878,"Venmo","Fortnightly","Middle Age",0,0,1,0,1,0,0,0,0,0,0,0,1,0,0,0,0,0,0,1,0,0,0,1,0,0,0
3535,0.903846153846154,0,"Shoes","Footwear",0.7875,"Delaware",2,"Gray","Fall",0.28,0,"Express",0,0,0.122448979591837,"Cash","Weekly","Senior",0,0,1,0,1,0,0,0,0,1,0,0,0,0,0,1,0,0,0,0,0,0,0,0,0,0,1
3536,0.961538461538462,0,"Shorts","Clothing",0.3875,"Mississippi",2,"Red","Summer",1,0,"Express",0,0,0.387755102040816,"Debit Card","Monthly","Senior",0,1,0,0,0,0,1,0,0,1,0,0,0,0,0,0,0,1,0,0,0,0,0,0,1,0,0
3537,0.711538461538462,0,"Handbag","Accessories",0.0125,"Minnesota",3,"Peach","Spring",0.8,0,"Express",0,0,0.183673469387755,"Venmo","Monthly","Senior",1,0,0,0,0,1,0,0,0,1,0,0,0,0,0,0,0,0,0,1,0,0,0,0,1,0,0
3538,0.75,0,"Handbag","Accessories",0.9,"Georgia",2,"Gray","Spring",0.4,0,"Standard",0,0,0.795918367346939,"Credit Card","Every 3 Months","Senior",1,0,0,0,0,1,0,0,0,0,0,0,1,0,0,0,1,0,0,0,0,0,1,0,0,0,0
3539,0.730769230769231,0,"Shoes","Footwear",0.5375,"Iowa",1,"White","Spring",0.8,0,"Store Pickup",0,0,0.408163265306122,"Venmo","Monthly","Senior",0,0,1,0,0,1,0,0,0,0,0,0,0,1,0,0,0,0,0,1,0,0,0,0,1,0,0
3540,0.211538461538462,0,"Jewelry","Accessories",0.45,"New York",1,"Green","Spring",0.28,0,"Express",0,0,0.326530612244898,"Credit Card","Bi-Weekly","Adult",1,0,0,0,0,1,0,0,0,1,0,0,0,0,0,0,1,0,0,0,0,1,0,0,0,0,0
3541,0.115384615384615,0,"Shorts","Clothing",0.9375,"Nevada",2,"Magenta","Spring",0.84,0,"Free Shipping",0,0,0.0816326530612245,"Bank Transfer","Weekly","Young Adult",0,1,0,0,0,1,0,0,0,0,1,0,0,0,1,0,0,0,0,0,0,0,0,0,0,0,1
3542,0.788461538461538,0,"Blouse","Clothing",0.575,"Virginia",2,"Olive","Winter",0.6,0,"Next Day Air",0,0,0.428571428571429,"PayPal","Annually","Senior",0,1,0,0,0,0,0,1,0,0,0,1,0,0,0,0,0,0,1,0,1,0,0,0,0,0,0
3543,0.846153846153846,0,"Coat","Outerwear",0.1,"Idaho",1,"Olive","Spring",0.68,0,"Express",0,0,0.0816326530612245,"Venmo","Weekly","Senior",0,0,0,1,0,1,0,0,0,1,0,0,0,0,0,0,0,0,0,1,0,0,0,0,0,0,1
3544,0.769230769230769,0,"Hat","Accessories",0.7875,"Colorado",2,"Blue","Winter",0.64,0,"Standard",0,0,0.346938775510204,"PayPal","Every 3 Months","Senior",1,0,0,0,0,0,0,1,0,0,0,0,1,0,0,0,0,0,1,0,0,0,1,0,0,0,0
3545,0.884615384615385,0,"Socks","Clothing",0.4375,"Wisconsin",4,"Charcoal","Fall",0.44,0,"2-Day Shipping",0,0,0.836734693877551,"Cash","Every 3 Months","Senior",0,1,0,0,1,0,0,0,1,0,0,0,0,0,0,1,0,0,0,0,0,0,1,0,0,0,0
3546,0.576923076923077,0,"Sandals","Footwear",0.1,"Connecticut",2,"Yellow","Spring",0.48,0,"2-Day Shipping",0,0,0.428571428571429,"Debit Card","Annually","Middle Age",0,0,1,0,0,1,0,0,1,0,0,0,0,0,0,0,0,1,0,0,1,0,0,0,0,0,0
3547,0.807692307692308,0,"Scarf","Accessories",0.7375,"Kansas",2,"Violet","Summer",0.44,0,"Free Shipping",0,0,0.73469387755102,"Bank Transfer","Bi-Weekly","Senior",1,0,0,0,0,0,1,0,0,0,1,0,0,0,1,0,0,0,0,0,0,1,0,0,0,0,0
3548,0.653846153846154,0,"Scarf","Accessories",0.1375,"Pennsylvania",3,"Magenta","Summer",0.52,0,"Standard",0,0,0.448979591836735,"Credit Card","Annually","Senior",1,0,0,0,0,0,1,0,0,0,0,0,1,0,0,0,1,0,0,0,1,0,0,0,0,0,0
3549,0.865384615384615,0,"Blouse","Clothing",0.2125,"Utah",2,"Red","Fall",0.2,0,"Standard",0,0,0.938775510204082,"Debit Card","Fortnightly","Senior",0,1,0,0,1,0,0,0,0,0,0,0,1,0,0,0,0,1,0,0,0,0,0,1,0,0,0
3550,0.5,0,"T-shirt","Clothing",0.175,"Oregon",2,"Cyan","Summer",0.36,0,"2-Day Shipping",0,0,0.204081632653061,"Bank Transfer","Fortnightly","Middle Age",0,1,0,0,0,0,1,0,1,0,0,0,0,0,1,0,0,0,0,0,0,0,0,1,0,0,0
3551,0.865384615384615,0,"Shoes","Footwear",0.675,"West Virginia",1,"Orange","Winter",0.92,0,"Standard",0,0,0.63265306122449,"Cash","Weekly","Senior",0,0,1,0,0,0,0,1,0,0,0,0,1,0,0,1,0,0,0,0,0,0,0,0,0,0,1
3552,0.923076923076923,0,"Gloves","Accessories",0.1375,"Montana",3,"Black","Spring",0.04,0,"Store Pickup",0,0,0.387755102040816,"Venmo","Weekly","Senior",1,0,0,0,0,1,0,0,0,0,0,0,0,1,0,0,0,0,0,1,0,0,0,0,0,0,1
3553,0.0769230769230769,0,"Sunglasses","Accessories",0.575,"Kentucky",2,"Blue","Winter",0.16,0,"Next Day Air",0,0,0.0408163265306122,"PayPal","Quarterly","Young Adult",1,0,0,0,0,0,0,1,0,0,0,1,0,0,0,0,0,0,1,0,0,0,0,0,0,1,0
3554,0.846153846153846,0,"Shoes","Footwear",0.9875,"Minnesota",2,"Charcoal","Spring",0.96,0,"Free Shipping",0,0,0.63265306122449,"Bank Transfer","Weekly","Senior",0,0,1,0,0,1,0,0,0,0,1,0,0,0,1,0,0,0,0,0,0,0,0,0,0,0,1
3555,0.403846153846154,0,"Dress","Clothing",0.4375,"Louisiana",2,"Indigo","Spring",1,0,"Free Shipping",0,0,0.0816326530612245,"Credit Card","Fortnightly","Middle Age",0,1,0,0,0,1,0,0,0,0,1,0,0,0,0,0,1,0,0,0,0,0,0,1,0,0,0
3556,0.134615384615385,0,"Blouse","Clothing",0.0375,"Delaware",3,"Silver","Spring",0.84,0,"Next Day Air",0,0,0.897959183673469,"Cash","Quarterly","Young Adult",0,1,0,0,0,1,0,0,0,0,0,1,0,0,0,1,0,0,0,0,0,0,0,0,0,1,0
3557,1,0,"Sweater","Clothing",0.85,"Arizona",2,"Brown","Fall",0.68,0,"Express",0,0,0.857142857142857,"Cash","Bi-Weekly","Senior",0,1,0,0,1,0,0,0,0,1,0,0,0,0,0,1,0,0,0,0,0,1,0,0,0,0,0
3558,0.653846153846154,0,"Jacket","Outerwear",0.075,"Nevada",2,"Peach","Summer",0.96,0,"Next Day Air",0,0,0,"PayPal","Every 3 Months","Senior",0,0,0,1,0,0,1,0,0,0,0,1,0,0,0,0,0,0,1,0,0,0,1,0,0,0,0
3559,0.961538461538462,0,"Backpack","Accessories",0.925,"Alaska",3,"Magenta","Summer",0.92,0,"Standard",0,0,0.163265306122449,"Venmo","Quarterly","Senior",1,0,0,0,0,0,1,0,0,0,0,0,1,0,0,0,0,0,0,1,0,0,0,0,0,1,0
3560,0,0,"Shorts","Clothing",0.0625,"Utah",2,"Beige","Fall",0.2,0,"Next Day Air",0,0,0.244897959183673,"Venmo","Every 3 Months","Young Adult",0,1,0,0,1,0,0,0,0,0,0,1,0,0,0,0,0,0,0,1,0,0,1,0,0,0,0
3561,0,0,"Socks","Clothing",0.95,"Kansas",4,"Violet","Fall",0.4,0,"Express",0,0,0.0816326530612245,"Credit Card","Annually","Young Adult",0,1,0,0,1,0,0,0,0,1,0,0,0,0,0,0,1,0,0,0,1,0,0,0,0,0,0
3562,0.865384615384615,0,"Sneakers","Footwear",0.1125,"North Carolina",3,"Black","Spring",0.36,0,"Standard",0,0,0.775510204081633,"Credit Card","Fortnightly","Senior",0,0,1,0,0,1,0,0,0,0,0,0,1,0,0,0,1,0,0,0,0,0,0,1,0,0,0
3563,0.557692307692308,0,"Sneakers","Footwear",0.2,"Maryland",2,"Cyan","Winter",0.36,0,"Free Shipping",0,0,0.122448979591837,"Bank Transfer","Weekly","Middle Age",0,0,1,0,0,0,0,1,0,0,1,0,0,0,1,0,0,0,0,0,0,0,0,0,0,0,1
3564,0.480769230769231,0,"Blouse","Clothing",0.875,"Maine",2,"Green","Summer",0.96,0,"Standard",0,0,0.142857142857143,"Credit Card","Every 3 Months","Middle Age",0,1,0,0,0,0,1,0,0,0,0,0,1,0,0,0,1,0,0,0,0,0,1,0,0,0,0
3565,0.807692307692308,0,"Gloves","Accessories",0.225,"Illinois",1,"Brown","Summer",0.76,0,"Free Shipping",0,0,0.795918367346939,"Venmo","Annually","Senior",1,0,0,0,0,0,1,0,0,0,1,0,0,0,0,0,0,0,0,1,1,0,0,0,0,0,0
3566,0.596153846153846,0,"Handbag","Accessories",0.4,"Pennsylvania",1,"Gray","Spring",0.68,0,"Store Pickup",0,0,0.693877551020408,"PayPal","Monthly","Middle Age",1,0,0,0,0,1,0,0,0,0,0,0,0,1,0,0,0,0,1,0,0,0,0,0,1,0,0
3567,0.192307692307692,0,"Jeans","Clothing",0.85,"Alaska",1,"Orange","Spring",0.24,0,"Next Day Air",0,0,0.26530612244898,"Venmo","Monthly","Adult",0,1,0,0,0,1,0,0,0,0,0,1,0,0,0,0,0,0,0,1,0,0,0,0,1,0,0
3568,0.269230769230769,0,"Scarf","Accessories",0.45,"New Mexico",1,"Silver","Summer",0.6,0,"Next Day Air",0,0,0.510204081632653,"Credit Card","Monthly","Adult",1,0,0,0,0,0,1,0,0,0,0,1,0,0,0,0,1,0,0,0,0,0,0,0,1,0,0
3569,0.211538461538462,0,"Sandals","Footwear",0.6375,"Arkansas",2,"Purple","Spring",0.92,0,"Next Day Air",0,0,0.26530612244898,"PayPal","Quarterly","Adult",0,0,1,0,0,1,0,0,0,0,0,1,0,0,0,0,0,0,1,0,0,0,0,0,0,1,0
3570,0.326923076923077,0,"Sandals","Footwear",0.925,"Alaska",2,"Olive","Fall",0.32,0,"Express",0,0,0.163265306122449,"Bank Transfer","Fortnightly","Adult",0,0,1,0,1,0,0,0,0,1,0,0,0,0,1,0,0,0,0,0,0,0,0,1,0,0,0
3571,0.0961538461538462,0,"Dress","Clothing",0.9625,"Louisiana",4,"Teal","Winter",0.88,0,"Standard",0,0,0.63265306122449,"Debit Card","Annually","Young Adult",0,1,0,0,0,0,0,1,0,0,0,0,1,0,0,0,0,1,0,0,1,0,0,0,0,0,0
3572,1,0,"Skirt","Clothing",0.0875,"North Dakota",2,"White","Summer",0.28,0,"Standard",0,0,0.285714285714286,"Bank Transfer","Every 3 Months","Senior",0,1,0,0,0,0,1,0,0,0,0,0,1,0,1,0,0,0,0,0,0,0,1,0,0,0,0
3573,0.0961538461538462,0,"Shorts","Clothing",0.1,"Rhode Island",2,"Black","Spring",1,0,"Standard",0,0,0.489795918367347,"Credit Card","Monthly","Young Adult",0,1,0,0,0,1,0,0,0,0,0,0,1,0,0,0,1,0,0,0,0,0,0,0,1,0,0
3574,0.480769230769231,0,"Jeans","Clothing",0.5875,"Connecticut",3,"Maroon","Fall",0.96,0,"Free Shipping",0,0,0.530612244897959,"PayPal","Monthly","Middle Age",0,1,0,0,1,0,0,0,0,0,1,0,0,0,0,0,0,0,1,0,0,0,0,0,1,0,0
3575,0.211538461538462,0,"Socks","Clothing",0.625,"New York",2,"Cyan","Fall",0.96,0,"Express",0,0,0.775510204081633,"Bank Transfer","Quarterly","Adult",0,1,0,0,1,0,0,0,0,1,0,0,0,0,1,0,0,0,0,0,0,0,0,0,0,1,0
3576,0.826923076923077,0,"Coat","Outerwear",0.9375,"Kentucky",2,"Violet","Fall",0.48,0,"Express",0,0,0.979591836734694,"Venmo","Bi-Weekly","Senior",0,0,0,1,1,0,0,0,0,1,0,0,0,0,0,0,0,0,0,1,0,1,0,0,0,0,0
3577,0.211538461538462,0,"Boots","Footwear",0.05,"Maine",3,"Yellow","Spring",0.2,0,"Express",0,0,0.224489795918367,"Venmo","Bi-Weekly","Adult",0,0,1,0,0,1,0,0,0,1,0,0,0,0,0,0,0,0,0,1,0,1,0,0,0,0,0
3578,0.923076923076923,0,"Belt","Accessories",0.1875,"Missouri",1,"Yellow","Winter",0.04,0,"Standard",0,0,0.244897959183673,"Bank Transfer","Weekly","Senior",1,0,0,0,0,0,0,1,0,0,0,0,1,0,1,0,0,0,0,0,0,0,0,0,0,0,1
3579,0.538461538461538,0,"Shoes","Footwear",0.025,"Georgia",3,"Olive","Winter",0.04,0,"Standard",0,0,0.428571428571429,"Bank Transfer","Quarterly","Middle Age",0,0,1,0,0,0,0,1,0,0,0,0,1,0,1,0,0,0,0,0,0,0,0,0,0,1,0
3580,0.307692307692308,0,"Scarf","Accessories",0.575,"Arizona",3,"Olive","Fall",0.92,0,"Standard",0,0,0.36734693877551,"Credit Card","Every 3 Months","Adult",1,0,0,0,1,0,0,0,0,0,0,0,1,0,0,0,1,0,0,0,0,0,1,0,0,0,0
3581,0.634615384615385,0,"Blouse","Clothing",0.7875,"New Hampshire",2,"Magenta","Summer",0.28,0,"2-Day Shipping",0,0,0.0408163265306122,"Cash","Bi-Weekly","Senior",0,1,0,0,0,0,1,0,1,0,0,0,0,0,0,1,0,0,0,0,0,1,0,0,0,0,0
3582,0.153846153846154,0,"Dress","Clothing",0.9375,"Georgia",2,"Orange","Fall",0.96,0,"Next Day Air",0,0,1,"Credit Card","Weekly","Adult",0,1,0,0,1,0,0,0,0,0,0,1,0,0,0,0,1,0,0,0,0,0,0,0,0,0,1
3583,0.0961538461538462,0,"Shorts","Clothing",0.2625,"California",1,"Beige","Summer",0.36,0,"2-Day Shipping",0,0,0.285714285714286,"PayPal","Annually","Young Adult",0,1,0,0,0,0,1,0,1,0,0,0,0,0,0,0,0,0,1,0,1,0,0,0,0,0,0
3584,0.653846153846154,0,"Blouse","Clothing",0.7125,"Arizona",3,"Brown","Summer",0.0800000000000001,0,"Store Pickup",0,0,0.877551020408163,"Credit Card","Every 3 Months","Senior",0,1,0,0,0,0,1,0,0,0,0,0,0,1,0,0,1,0,0,0,0,0,1,0,0,0,0
3585,0.403846153846154,0,"Sneakers","Footwear",0.4,"Florida",3,"Indigo","Fall",0.92,0,"Express",0,0,0.959183673469388,"Debit Card","Monthly","Middle Age",0,0,1,0,1,0,0,0,0,1,0,0,0,0,0,0,0,1,0,0,0,0,0,0,1,0,0
3586,0.403846153846154,0,"Gloves","Accessories",0.2625,"New York",4,"Gray","Winter",0.64,0,"Standard",0,0,0.0612244897959184,"Venmo","Bi-Weekly","Middle Age",1,0,0,0,0,0,0,1,0,0,0,0,1,0,0,0,0,0,0,1,0,1,0,0,0,0,0
3587,0.288461538461538,0,"Hoodie","Clothing",0.1,"Idaho",2,"Yellow","Winter",0.84,0,"Store Pickup",0,0,0.224489795918367,"PayPal","Bi-Weekly","Adult",0,1,0,0,0,0,0,1,0,0,0,0,0,1,0,0,0,0,1,0,0,1,0,0,0,0,0
3588,0.288461538461538,0,"Sweater","Clothing",0.875,"Virginia",1,"Violet","Summer",0.76,0,"Standard",0,0,0.653061224489796,"Debit Card","Annually","Adult",0,1,0,0,0,0,1,0,0,0,0,0,1,0,0,0,0,1,0,0,1,0,0,0,0,0,0
3589,0.0961538461538462,0,"Sunglasses","Accessories",0.4375,"Michigan",2,"Magenta","Spring",0.4,0,"2-Day Shipping",0,0,0.795918367346939,"Cash","Annually","Young Adult",1,0,0,0,0,1,0,0,1,0,0,0,0,0,0,1,0,0,0,0,1,0,0,0,0,0,0
3590,0.25,0,"Belt","Accessories",0.6625,"New Hampshire",2,"Blue","Spring",0.92,0,"Next Day Air",0,0,0.755102040816326,"Cash","Every 3 Months","Adult",1,0,0,0,0,1,0,0,0,0,0,1,0,0,0,1,0,0,0,0,0,0,1,0,0,0,0
3591,0.173076923076923,0,"Dress","Clothing",0.8375,"South Dakota",2,"Gray","Fall",0.16,0,"2-Day Shipping",0,0,0.36734693877551,"Venmo","Every 3 Months","Adult",0,1,0,0,1,0,0,0,1,0,0,0,0,0,0,0,0,0,0,1,0,0,1,0,0,0,0
3592,0.576923076923077,0,"Jacket","Outerwear",0.8625,"South Dakota",2,"Gold","Winter",0.28,0,"2-Day Shipping",0,0,0.755102040816326,"Bank Transfer","Quarterly","Middle Age",0,0,0,1,0,0,0,1,1,0,0,0,0,0,1,0,0,0,0,0,0,0,0,0,0,1,0
3593,0.826923076923077,0,"Boots","Footwear",0.775,"New Jersey",3,"Lavender","Spring",0.76,0,"2-Day Shipping",0,0,0.346938775510204,"Venmo","Fortnightly","Senior",0,0,1,0,0,1,0,0,1,0,0,0,0,0,0,0,0,0,0,1,0,0,0,1,0,0,0
3594,0.865384615384615,0,"Sandals","Footwear",0.75,"Wyoming",2,"Black","Spring",0.84,0,"Next Day Air",0,0,0.469387755102041,"PayPal","Monthly","Senior",0,0,1,0,0,1,0,0,0,0,0,1,0,0,0,0,0,0,1,0,0,0,0,0,1,0,0
3595,0.0192307692307692,0,"Scarf","Accessories",0.8375,"Alabama",3,"Charcoal","Summer",0.04,0,"2-Day Shipping",0,0,0.571428571428571,"Venmo","Quarterly","Young Adult",1,0,0,0,0,0,1,0,1,0,0,0,0,0,0,0,0,0,0,1,0,0,0,0,0,1,0
3596,0.0576923076923077,0,"Blouse","Clothing",0.2625,"South Dakota",2,"Violet","Spring",0.24,0,"Store Pickup",0,0,0.26530612244898,"PayPal","Annually","Young Adult",0,1,0,0,0,1,0,0,0,0,0,0,0,1,0,0,0,0,1,0,1,0,0,0,0,0,0
3597,0.192307692307692,0,"Hoodie","Clothing",0.7875,"South Carolina",2,"Charcoal","Spring",0.72,0,"Standard",0,0,0.877551020408163,"Cash","Fortnightly","Adult",0,1,0,0,0,1,0,0,0,0,0,0,1,0,0,1,0,0,0,0,0,0,0,1,0,0,0
3598,0.211538461538462,0,"Sunglasses","Accessories",0.6375,"New Mexico",2,"Maroon","Summer",0.24,0,"Standard",0,0,0.346938775510204,"Bank Transfer","Quarterly","Adult",1,0,0,0,0,0,1,0,0,0,0,0,1,0,1,0,0,0,0,0,0,0,0,0,0,1,0
3599,0.0961538461538462,0,"Hoodie","Clothing",0.7,"Connecticut",4,"Purple","Spring",0.84,0,"Store Pickup",0,0,0.36734693877551,"Bank Transfer","Bi-Weekly","Young Adult",0,1,0,0,0,1,0,0,0,0,0,0,0,1,1,0,0,0,0,0,0,1,0,0,0,0,0
3600,0.365384615384615,0,"Scarf","Accessories",0.175,"Kansas",1,"Peach","Spring",0.84,0,"Express",0,0,0.0612244897959184,"Cash","Weekly","Middle Age",1,0,0,0,0,1,0,0,0,1,0,0,0,0,0,1,0,0,0,0,0,0,0,0,0,0,1
3601,0.942307692307692,0,"Dress","Clothing",0.7625,"South Carolina",4,"Olive","Spring",0.0800000000000001,0,"Free Shipping",0,0,0.489795918367347,"Cash","Bi-Weekly","Senior",0,1,0,0,0,1,0,0,0,0,1,0,0,0,0,1,0,0,0,0,0,1,0,0,0,0,0
3602,0.307692307692308,0,"T-shirt","Clothing",0.3375,"North Carolina",2,"Indigo","Summer",0.2,0,"Next Day Air",0,0,0.0408163265306122,"PayPal","Monthly","Adult",0,1,0,0,0,0,1,0,0,0,0,1,0,0,0,0,0,0,1,0,0,0,0,0,1,0,0
3603,0.769230769230769,0,"Skirt","Clothing",0.2,"Wyoming",1,"Magenta","Summer",0.32,0,"Store Pickup",0,0,0.795918367346939,"Debit Card","Quarterly","Senior",0,1,0,0,0,0,1,0,0,0,0,0,0,1,0,0,0,1,0,0,0,0,0,0,0,1,0
3604,0.519230769230769,0,"Jeans","Clothing",0.3875,"Louisiana",2,"Gold","Spring",0.0800000000000001,0,"Free Shipping",0,0,0.0816326530612245,"Cash","Weekly","Middle Age",0,1,0,0,0,1,0,0,0,0,1,0,0,0,0,1,0,0,0,0,0,0,0,0,0,0,1
3605,0.865384615384615,0,"Hoodie","Clothing",0.825,"Louisiana",2,"Orange","Fall",0.32,0,"Standard",0,0,0.326530612244898,"Debit Card","Annually","Senior",0,1,0,0,1,0,0,0,0,0,0,0,1,0,0,0,0,1,0,0,1,0,0,0,0,0,0
3606,0.961538461538462,0,"Jeans","Clothing",0.2625,"Alabama",2,"Gold","Fall",0.72,0,"Store Pickup",0,0,0.714285714285714,"Bank Transfer","Every 3 Months","Senior",0,1,0,0,1,0,0,0,0,0,0,0,0,1,1,0,0,0,0,0,0,0,1,0,0,0,0
3607,0.442307692307692,0,"Sandals","Footwear",0.875,"Minnesota",4,"Purple","Fall",0.92,0,"Express",0,0,0.816326530612245,"Venmo","Annually","Middle Age",0,0,1,0,1,0,0,0,0,1,0,0,0,0,0,0,0,0,0,1,1,0,0,0,0,0,0
3608,0.615384615384615,0,"Hat","Accessories",0.9125,"New Mexico",3,"Charcoal","Fall",0.32,0,"Standard",0,0,0.387755102040816,"Venmo","Bi-Weekly","Middle Age",1,0,0,0,1,0,0,0,0,0,0,0,1,0,0,0,0,0,0,1,0,1,0,0,0,0,0
3609,0.115384615384615,0,"Gloves","Accessories",0.45,"Tennessee",2,"Cyan","Fall",0.72,0,"Next Day Air",0,0,0.0204081632653061,"Cash","Every 3 Months","Young Adult",1,0,0,0,1,0,0,0,0,0,0,1,0,0,0,1,0,0,0,0,0,0,1,0,0,0,0
3610,0.0576923076923077,0,"Socks","Clothing",0.2375,"New Mexico",2,"Cyan","Summer",0.2,0,"2-Day Shipping",0,0,0.612244897959184,"Debit Card","Monthly","Young Adult",0,1,0,0,0,0,1,0,1,0,0,0,0,0,0,0,0,1,0,0,0,0,0,0,1,0,0
3611,0,0,"Jacket","Outerwear",0.825,"Texas",4,"Green","Fall",0.92,0,"2-Day Shipping",0,0,0.448979591836735,"Bank Transfer","Fortnightly","Young Adult",0,0,0,1,1,0,0,0,1,0,0,0,0,0,1,0,0,0,0,0,0,0,0,1,0,0,0
3612,0.865384615384615,0,"T-shirt","Clothing",0.775,"Washington",2,"Silver","Spring",0.16,0,"Standard",0,0,0.591836734693878,"Credit Card","Annually","Senior",0,1,0,0,0,1,0,0,0,0,0,0,1,0,0,0,1,0,0,0,1,0,0,0,0,0,0
3613,0.557692307692308,0,"Sandals","Footwear",0.1125,"Michigan",2,"Teal","Summer",0.44,0,"Standard",0,0,0.510204081632653,"Cash","Every 3 Months","Middle Age",0,0,1,0,0,0,1,0,0,0,0,0,1,0,0,1,0,0,0,0,0,0,1,0,0,0,0
3614,0.769230769230769,0,"Hat","Accessories",0.0875,"Minnesota",2,"Magenta","Fall",0.4,0,"Store Pickup",0,0,0.795918367346939,"Venmo","Annually","Senior",1,0,0,0,1,0,0,0,0,0,0,0,0,1,0,0,0,0,0,1,1,0,0,0,0,0,0
3615,0.538461538461538,0,"Gloves","Accessories",0.0625,"Delaware",3,"Maroon","Spring",0.88,0,"2-Day Shipping",0,0,0.36734693877551,"Bank Transfer","Annually","Middle Age",1,0,0,0,0,1,0,0,1,0,0,0,0,0,1,0,0,0,0,0,1,0,0,0,0,0,0
3616,0.326923076923077,0,"Dress","Clothing",0.1375,"California",2,"Gold","Winter",0.76,0,"Free Shipping",0,0,0.0612244897959184,"Credit Card","Monthly","Adult",0,1,0,0,0,0,0,1,0,0,1,0,0,0,0,0,1,0,0,0,0,0,0,0,1,0,0
3617,0.461538461538462,0,"Hoodie","Clothing",0.0375,"Wisconsin",3,"Purple","Winter",0.32,0,"Store Pickup",0,0,0.653061224489796,"Debit Card","Fortnightly","Middle Age",0,1,0,0,0,0,0,1,0,0,0,0,0,1,0,0,0,1,0,0,0,0,0,1,0,0,0
3618,0.576923076923077,0,"Belt","Accessories",0.3375,"Kentucky",2,"Lavender","Fall",0.72,0,"Express",0,0,0.571428571428571,"Debit Card","Monthly","Middle Age",1,0,0,0,1,0,0,0,0,1,0,0,0,0,0,0,0,1,0,0,0,0,0,0,1,0,0
3619,0.192307692307692,0,"Gloves","Accessories",0.5875,"Nevada",2,"Maroon","Fall",0.6,0,"2-Day Shipping",0,0,0.938775510204082,"PayPal","Bi-Weekly","Adult",1,0,0,0,1,0,0,0,1,0,0,0,0,0,0,0,0,0,1,0,0,1,0,0,0,0,0
3620,0.5,0,"Scarf","Accessories",0.6875,"North Carolina",1,"Magenta","Winter",0.96,0,"2-Day Shipping",0,0,1,"Venmo","Weekly","Middle Age",1,0,0,0,0,0,0,1,1,0,0,0,0,0,0,0,0,0,0,1,0,0,0,0,0,0,1
3621,0.807692307692308,0,"Sandals","Footwear",0.775,"Louisiana",2,"Turquoise","Summer",0.16,0,"Express",0,0,0.551020408163265,"Credit Card","Fortnightly","Senior",0,0,1,0,0,0,1,0,0,1,0,0,0,0,0,0,1,0,0,0,0,0,0,1,0,0,0
3622,0.384615384615385,0,"Sneakers","Footwear",0.15,"New Jersey",4,"Silver","Summer",0.6,0,"2-Day Shipping",0,0,0.0816326530612245,"Cash","Fortnightly","Middle Age",0,0,1,0,0,0,1,0,1,0,0,0,0,0,0,1,0,0,0,0,0,0,0,1,0,0,0
3623,0.538461538461538,0,"Dress","Clothing",0.2625,"Wisconsin",2,"Purple","Fall",0.72,0,"Store Pickup",0,0,0.224489795918367,"Credit Card","Annually","Middle Age",0,1,0,0,1,0,0,0,0,0,0,0,0,1,0,0,1,0,0,0,1,0,0,0,0,0,0
3624,0.403846153846154,0,"Jewelry","Accessories",0.8625,"Arkansas",2,"Violet","Winter",0.0800000000000001,0,"2-Day Shipping",0,0,0.0612244897959184,"PayPal","Weekly","Middle Age",1,0,0,0,0,0,0,1,1,0,0,0,0,0,0,0,0,0,1,0,0,0,0,0,0,0,1
3625,0.0769230769230769,0,"Hat","Accessories",0.775,"Texas",4,"Peach","Fall",1,0,"Store Pickup",0,0,0.428571428571429,"Bank Transfer","Bi-Weekly","Young Adult",1,0,0,0,1,0,0,0,0,0,0,0,0,1,1,0,0,0,0,0,0,1,0,0,0,0,0
3626,0.5,0,"Scarf","Accessories",0.9875,"Illinois",3,"Green","Winter",0.76,0,"Express",0,0,0.63265306122449,"PayPal","Weekly","Middle Age",1,0,0,0,0,0,0,1,0,1,0,0,0,0,0,0,0,0,1,0,0,0,0,0,0,0,1
3627,0.980769230769231,0,"Blouse","Clothing",0.975,"Mississippi",3,"Teal","Fall",0.4,0,"Express",0,0,0.63265306122449,"Venmo","Quarterly","Senior",0,1,0,0,1,0,0,0,0,1,0,0,0,0,0,0,0,0,0,1,0,0,0,0,0,1,0
3628,0.403846153846154,0,"Belt","Accessories",0.425,"Delaware",2,"Silver","Winter",0.32,0,"Next Day Air",0,0,0.959183673469388,"Cash","Every 3 Months","Middle Age",1,0,0,0,0,0,0,1,0,0,0,1,0,0,0,1,0,0,0,0,0,0,1,0,0,0,0
3629,0.673076923076923,0,"Blouse","Clothing",0.85,"Georgia",3,"Purple","Summer",0.52,0,"Free Shipping",0,0,0.693877551020408,"Credit Card","Monthly","Senior",0,1,0,0,0,0,1,0,0,0,1,0,0,0,0,0,1,0,0,0,0,0,0,0,1,0,0
3630,0.653846153846154,0,"T-shirt","Clothing",0.2875,"Kansas",3,"Lavender","Summer",0.8,0,"Standard",0,0,0.877551020408163,"Debit Card","Fortnightly","Senior",0,1,0,0,0,0,1,0,0,0,0,0,1,0,0,0,0,1,0,0,0,0,0,1,0,0,0
3631,0.903846153846154,0,"Hat","Accessories",0.6625,"Oklahoma",2,"Lavender","Winter",0.92,0,"Store Pickup",0,0,0.571428571428571,"Cash","Weekly","Senior",1,0,0,0,0,0,0,1,0,0,0,0,0,1,0,1,0,0,0,0,0,0,0,0,0,0,1
3632,0.576923076923077,0,"Hat","Accessories",0.375,"New Jersey",2,"Peach","Fall",0.16,0,"Store Pickup",0,0,0.510204081632653,"Credit Card","Monthly","Middle Age",1,0,0,0,1,0,0,0,0,0,0,0,0,1,0,0,1,0,0,0,0,0,0,0,1,0,0
3633,0.173076923076923,0,"Sneakers","Footwear",0.6625,"Utah",3,"Green","Spring",0.28,0,"Express",0,0,0.0408163265306122,"Debit Card","Quarterly","Adult",0,0,1,0,0,1,0,0,0,1,0,0,0,0,0,0,0,1,0,0,0,0,0,0,0,1,0
3634,0.403846153846154,0,"Gloves","Accessories",0.3875,"Montana",2,"Orange","Spring",0.12,0,"Free Shipping",0,0,0,"Bank Transfer","Bi-Weekly","Middle Age",1,0,0,0,0,1,0,0,0,0,1,0,0,0,1,0,0,0,0,0,0,1,0,0,0,0,0
3635,0.788461538461538,0,"Socks","Clothing",0.025,"Ohio",2,"Pink","Winter",0.32,0,"Standard",0,0,0.326530612244898,"PayPal","Annually","Senior",0,1,0,0,0,0,0,1,0,0,0,0,1,0,0,0,0,0,1,0,1,0,0,0,0,0,0
3636,0.653846153846154,0,"Sandals","Footwear",0.15,"Colorado",3,"Cyan","Fall",0.32,0,"Free Shipping",0,0,0.326530612244898,"Credit Card","Fortnightly","Senior",0,0,1,0,1,0,0,0,0,0,1,0,0,0,0,0,1,0,0,0,0,0,0,1,0,0,0
3637,0.615384615384615,0,"Sandals","Footwear",0.225,"California",3,"Lavender","Summer",0.68,0,"2-Day Shipping",0,0,0.714285714285714,"Cash","Weekly","Middle Age",0,0,1,0,0,0,1,0,1,0,0,0,0,0,0,1,0,0,0,0,0,0,0,0,0,0,1
3638,0.269230769230769,0,"Boots","Footwear",0.575,"Utah",3,"Yellow","Winter",0.44,0,"Express",0,0,0.63265306122449,"Credit Card","Fortnightly","Adult",0,0,1,0,0,0,0,1,0,1,0,0,0,0,0,0,1,0,0,0,0,0,0,1,0,0,0
3639,0.423076923076923,0,"Backpack","Accessories",0,"Kansas",2,"Olive","Spring",0.84,0,"Express",0,0,1,"PayPal","Bi-Weekly","Middle Age",1,0,0,0,0,1,0,0,0,1,0,0,0,0,0,0,0,0,1,0,0,1,0,0,0,0,0
3640,0.153846153846154,0,"Coat","Outerwear",0.3,"Illinois",2,"Brown","Summer",0.44,0,"2-Day Shipping",0,0,0.775510204081633,"Venmo","Annually","Adult",0,0,0,1,0,0,1,0,1,0,0,0,0,0,0,0,0,0,0,1,1,0,0,0,0,0,0
3641,0.557692307692308,0,"Sunglasses","Accessories",0.1375,"Minnesota",3,"Pink","Spring",0.6,0,"Next Day Air",0,0,0.326530612244898,"PayPal","Monthly","Middle Age",1,0,0,0,0,1,0,0,0,0,0,1,0,0,0,0,0,0,1,0,0,0,0,0,1,0,0
3642,0.634615384615385,0,"Jacket","Outerwear",0.3125,"New York",2,"Cyan","Fall",0.0800000000000001,0,"Free Shipping",0,0,0.775510204081633,"Bank Transfer","Every 3 Months","Senior",0,0,0,1,1,0,0,0,0,0,1,0,0,0,1,0,0,0,0,0,0,0,1,0,0,0,0
3643,0.557692307692308,0,"Dress","Clothing",0.6375,"Arizona",3,"Maroon","Summer",0.76,0,"Store Pickup",0,0,0.0816326530612245,"PayPal","Annually","Middle Age",0,1,0,0,0,0,1,0,0,0,0,0,0,1,0,0,0,0,1,0,1,0,0,0,0,0,0
3644,0.673076923076923,0,"Scarf","Accessories",0.95,"Tennessee",4,"Magenta","Fall",0.28,0,"Standard",0,0,0.938775510204082,"Debit Card","Annually","Senior",1,0,0,0,1,0,0,0,0,0,0,0,1,0,0,0,0,1,0,0,1,0,0,0,0,0,0
3645,0.326923076923077,0,"Blouse","Clothing",0.15,"Arkansas",2,"Violet","Winter",0.04,0,"Next Day Air",0,0,0.346938775510204,"Venmo","Weekly","Adult",0,1,0,0,0,0,0,1,0,0,0,1,0,0,0,0,0,0,0,1,0,0,0,0,0,0,1
3646,0.384615384615385,0,"Backpack","Accessories",0.875,"Colorado",3,"Silver","Summer",0.36,0,"Free Shipping",0,0,0.612244897959184,"Credit Card","Every 3 Months","Middle Age",1,0,0,0,0,0,1,0,0,0,1,0,0,0,0,0,1,0,0,0,0,0,1,0,0,0,0
3647,0.980769230769231,0,"Jewelry","Accessories",0.6,"Nevada",2,"Maroon","Spring",1,0,"2-Day Shipping",0,0,0.775510204081633,"Debit Card","Fortnightly","Senior",1,0,0,0,0,1,0,0,1,0,0,0,0,0,0,0,0,1,0,0,0,0,0,1,0,0,0
3648,0.557692307692308,0,"Shorts","Clothing",0.3125,"Kansas",2,"Gray","Winter",0.16,0,"Store Pickup",0,0,0.224489795918367,"Bank Transfer","Weekly","Middle Age",0,1,0,0,0,0,0,1,0,0,0,0,0,1,1,0,0,0,0,0,0,0,0,0,0,0,1
3649,0.25,0,"Skirt","Clothing",0.5875,"New York",2,"White","Winter",1,0,"Free Shipping",0,0,0.897959183673469,"Cash","Bi-Weekly","Adult",0,1,0,0,0,0,0,1,0,0,1,0,0,0,0,1,0,0,0,0,0,1,0,0,0,0,0
3650,0.961538461538462,0,"Skirt","Clothing",0.4625,"Minnesota",2,"Brown","Fall",0.76,0,"Standard",0,0,0.653061224489796,"Credit Card","Fortnightly","Senior",0,1,0,0,1,0,0,0,0,0,0,0,1,0,0,0,1,0,0,0,0,0,0,1,0,0,0
3651,0.634615384615385,0,"Jeans","Clothing",0.5,"Ohio",2,"Silver","Summer",0.4,0,"2-Day Shipping",0,0,0.0408163265306122,"PayPal","Annually","Senior",0,1,0,0,0,0,1,0,1,0,0,0,0,0,0,0,0,0,1,0,1,0,0,0,0,0,0
3652,0.0384615384615385,0,"Handbag","Accessories",0.15,"Arizona",2,"Yellow","Spring",0.52,0,"Express",0,0,0.0816326530612245,"Venmo","Every 3 Months","Young Adult",1,0,0,0,0,1,0,0,0,1,0,0,0,0,0,0,0,0,0,1,0,0,1,0,0,0,0
3653,0.173076923076923,0,"Handbag","Accessories",0.1125,"Kentucky",1,"Magenta","Fall",0.52,0,"Store Pickup",0,0,0.448979591836735,"Debit Card","Monthly","Adult",1,0,0,0,1,0,0,0,0,0,0,0,0,1,0,0,0,1,0,0,0,0,0,0,1,0,0
3654,0.942307692307692,0,"Coat","Outerwear",0,"Minnesota",2,"Blue","Spring",0.56,0,"Next Day Air",0,0,0.775510204081633,"Credit Card","Fortnightly","Senior",0,0,0,1,0,1,0,0,0,0,0,1,0,0,0,0,1,0,0,0,0,0,0,1,0,0,0
3655,0.0576923076923077,0,"Jewelry","Accessories",0.975,"Arkansas",2,"Green","Winter",0.32,0,"Next Day Air",0,0,0.183673469387755,"Credit Card","Annually","Young Adult",1,0,0,0,0,0,0,1,0,0,0,1,0,0,0,0,1,0,0,0,1,0,0,0,0,0,0
3656,0.0384615384615385,0,"Sweater","Clothing",0.0875,"Wyoming",2,"Yellow","Fall",0.16,0,"Next Day Air",0,0,0.0612244897959184,"Credit Card","Bi-Weekly","Young Adult",0,1,0,0,1,0,0,0,0,0,0,1,0,0,0,0,1,0,0,0,0,1,0,0,0,0,0
3657,0.326923076923077,0,"Jacket","Outerwear",0.5875,"North Dakota",4,"Cyan","Spring",0.48,0,"2-Day Shipping",0,0,0.346938775510204,"Credit Card","Monthly","Adult",0,0,0,1,0,1,0,0,1,0,0,0,0,0,0,0,1,0,0,0,0,0,0,0,1,0,0
3658,0.769230769230769,0,"Shoes","Footwear",0.775,"Alabama",3,"Gold","Winter",0.48,0,"Express",0,0,0,"Debit Card","Every 3 Months","Senior",0,0,1,0,0,0,0,1,0,1,0,0,0,0,0,0,0,1,0,0,0,0,1,0,0,0,0
3659,0.192307692307692,0,"T-shirt","Clothing",0.65,"Mississippi",2,"Magenta","Fall",0.84,0,"Standard",0,0,0.346938775510204,"PayPal","Fortnightly","Adult",0,1,0,0,1,0,0,0,0,0,0,0,1,0,0,0,0,0,1,0,0,0,0,1,0,0,0
3660,0.173076923076923,0,"Sandals","Footwear",0.7125,"Illinois",1,"Gray","Fall",0.96,0,"Store Pickup",0,0,0.918367346938776,"Bank Transfer","Annually","Adult",0,0,1,0,1,0,0,0,0,0,0,0,0,1,1,0,0,0,0,0,1,0,0,0,0,0,0
3661,0.0192307692307692,0,"Shoes","Footwear",0.675,"Arkansas",3,"Indigo","Winter",0.24,0,"2-Day Shipping",0,0,0.244897959183673,"Bank Transfer","Fortnightly","Young Adult",0,0,1,0,0,0,0,1,1,0,0,0,0,0,1,0,0,0,0,0,0,0,0,1,0,0,0
3662,0.865384615384615,0,"Sandals","Footwear",0.2375,"Kansas",1,"White","Winter",0.4,0,"Next Day Air",0,0,0.0816326530612245,"Credit Card","Fortnightly","Senior",0,0,1,0,0,0,0,1,0,0,0,1,0,0,0,0,1,0,0,0,0,0,0,1,0,0,0
3663,0.980769230769231,0,"Shorts","Clothing",0.75,"Rhode Island",2,"Indigo","Spring",0.96,0,"Next Day Air",0,0,0.204081632653061,"Debit Card","Weekly","Senior",0,1,0,0,0,1,0,0,0,0,0,1,0,0,0,0,0,1,0,0,0,0,0,0,0,0,1
3664,0.903846153846154,0,"Backpack","Accessories",0.4875,"Florida",2,"Green","Summer",0.76,0,"Express",0,0,0.979591836734694,"Credit Card","Weekly","Senior",1,0,0,0,0,0,1,0,0,1,0,0,0,0,0,0,1,0,0,0,0,0,0,0,0,0,1
3665,0.865384615384615,0,"Jacket","Outerwear",0.6,"Missouri",2,"Turquoise","Fall",0.76,0,"Store Pickup",0,0,0,"Debit Card","Fortnightly","Senior",0,0,0,1,1,0,0,0,0,0,0,0,0,1,0,0,0,1,0,0,0,0,0,1,0,0,0
3666,0.192307692307692,0,"Socks","Clothing",0.7125,"North Carolina",2,"Peach","Fall",0.36,0,"Next Day Air",0,0,0.204081632653061,"Credit Card","Quarterly","Adult",0,1,0,0,1,0,0,0,0,0,0,1,0,0,0,0,1,0,0,0,0,0,0,0,0,1,0
3667,0.942307692307692,0,"Jewelry","Accessories",0.375,"Alabama",2,"Olive","Winter",0.2,0,"2-Day Shipping",0,0,0.938775510204082,"Cash","Every 3 Months","Senior",1,0,0,0,0,0,0,1,1,0,0,0,0,0,0,1,0,0,0,0,0,0,1,0,0,0,0
3668,0.634615384615385,0,"Pants","Clothing",0.3125,"Washington",3,"Cyan","Fall",0.04,0,"Next Day Air",0,0,0.387755102040816,"Venmo","Monthly","Senior",0,1,0,0,1,0,0,0,0,0,0,1,0,0,0,0,0,0,0,1,0,0,0,0,1,0,0
3669,0.788461538461538,0,"Blouse","Clothing",0.6375,"Michigan",4,"Magenta","Summer",0.28,0,"Store Pickup",0,0,0.346938775510204,"Venmo","Annually","Senior",0,1,0,0,0,0,1,0,0,0,0,0,0,1,0,0,0,0,0,1,1,0,0,0,0,0,0
3670,0.134615384615385,0,"Socks","Clothing",0.4,"Washington",1,"Silver","Fall",0.84,0,"Store Pickup",0,0,0.857142857142857,"PayPal","Quarterly","Young Adult",0,1,0,0,1,0,0,0,0,0,0,0,0,1,0,0,0,0,1,0,0,0,0,0,0,1,0
3671,0.25,0,"Shoes","Footwear",0.375,"Vermont",1,"White","Winter",0.52,0,"Free Shipping",0,0,0.0612244897959184,"PayPal","Every 3 Months","Adult",0,0,1,0,0,0,0,1,0,0,1,0,0,0,0,0,0,0,1,0,0,0,1,0,0,0,0
3672,0.846153846153846,0,"Handbag","Accessories",0.575,"Illinois",3,"Pink","Summer",0.92,0,"2-Day Shipping",0,0,0.387755102040816,"Venmo","Quarterly","Senior",1,0,0,0,0,0,1,0,1,0,0,0,0,0,0,0,0,0,0,1,0,0,0,0,0,1,0
3673,0.634615384615385,0,"Sandals","Footwear",0.7625,"New York",1,"Pink","Fall",0.8,0,"Free Shipping",0,0,0.122448979591837,"PayPal","Monthly","Senior",0,0,1,0,1,0,0,0,0,0,1,0,0,0,0,0,0,0,1,0,0,0,0,0,1,0,0
3674,0.269230769230769,0,"Socks","Clothing",0.1,"Rhode Island",2,"Pink","Summer",0.68,0,"2-Day Shipping",0,0,0.612244897959184,"Bank Transfer","Fortnightly","Adult",0,1,0,0,0,0,1,0,1,0,0,0,0,0,1,0,0,0,0,0,0,0,0,1,0,0,0
3675,0.326923076923077,0,"Handbag","Accessories",0.5625,"Washington",2,"Blue","Winter",0.0800000000000001,0,"2-Day Shipping",0,0,0.816326530612245,"Venmo","Fortnightly","Adult",1,0,0,0,0,0,0,1,1,0,0,0,0,0,0,0,0,0,0,1,0,0,0,1,0,0,0
3676,1,0,"Hat","Accessories",0.75,"Virginia",2,"White","Winter",0.8,0,"Express",0,0,0.0408163265306122,"Bank Transfer","Monthly","Senior",1,0,0,0,0,0,0,1,0,1,0,0,0,0,1,0,0,0,0,0,0,0,0,0,1,0,0
3677,0.0192307692307692,0,"Jewelry","Accessories",0.925,"Wisconsin",1,"Teal","Spring",0.96,0,"Free Shipping",0,0,0.306122448979592,"PayPal","Monthly","Young Adult",1,0,0,0,0,1,0,0,0,0,1,0,0,0,0,0,0,0,1,0,0,0,0,0,1,0,0
3678,0.269230769230769,0,"Backpack","Accessories",0.125,"Michigan",2,"Gray","Fall",0.12,0,"Standard",0,0,0.857142857142857,"Cash","Annually","Adult",1,0,0,0,1,0,0,0,0,0,0,0,1,0,0,1,0,0,0,0,1,0,0,0,0,0,0
3679,0.730769230769231,0,"Shirt","Clothing",0.3125,"Texas",1,"Beige","Fall",0.4,0,"Standard",0,0,0.571428571428571,"Bank Transfer","Fortnightly","Senior",0,1,0,0,1,0,0,0,0,0,0,0,1,0,1,0,0,0,0,0,0,0,0,1,0,0,0
3680,0.673076923076923,0,"Coat","Outerwear",0.8875,"Idaho",2,"Violet","Summer",0,0,"Store Pickup",0,0,0.0816326530612245,"Cash","Bi-Weekly","Senior",0,0,0,1,0,0,1,0,0,0,0,0,0,1,0,1,0,0,0,0,0,1,0,0,0,0,0
3681,0.0769230769230769,0,"Sunglasses","Accessories",0.2,"Iowa",1,"Blue","Winter",0.16,0,"Standard",0,0,0.591836734693878,"Debit Card","Quarterly","Young Adult",1,0,0,0,0,0,0,1,0,0,0,0,1,0,0,0,0,1,0,0,0,0,0,0,0,1,0
3682,0.153846153846154,0,"Gloves","Accessories",0.6625,"Connecticut",4,"Magenta","Fall",0.68,0,"Next Day Air",0,0,0.653061224489796,"Debit Card","Monthly","Adult",1,0,0,0,1,0,0,0,0,0,0,1,0,0,0,0,0,1,0,0,0,0,0,0,1,0,0
3683,0.461538461538462,0,"Shirt","Clothing",0.5,"Wyoming",2,"Maroon","Fall",0.84,0,"Store Pickup",0,0,0.918367346938776,"Venmo","Bi-Weekly","Middle Age",0,1,0,0,1,0,0,0,0,0,0,0,0,1,0,0,0,0,0,1,0,1,0,0,0,0,0
3684,0.230769230769231,0,"Socks","Clothing",0.7125,"Mississippi",2,"Purple","Winter",0.2,0,"Free Shipping",0,0,0.326530612244898,"Venmo","Fortnightly","Adult",0,1,0,0,0,0,0,1,0,0,1,0,0,0,0,0,0,0,0,1,0,0,0,1,0,0,0
3685,0.211538461538462,0,"Skirt","Clothing",0.825,"Pennsylvania",3,"Charcoal","Spring",0.76,0,"Free Shipping",0,0,0.938775510204082,"Credit Card","Bi-Weekly","Adult",0,1,0,0,0,1,0,0,0,0,1,0,0,0,0,0,1,0,0,0,0,1,0,0,0,0,0
3686,0.557692307692308,0,"Shorts","Clothing",0.275,"Tennessee",3,"Red","Summer",0.04,0,"Standard",0,0,0.326530612244898,"Cash","Bi-Weekly","Middle Age",0,1,0,0,0,0,1,0,0,0,0,0,1,0,0,1,0,0,0,0,0,1,0,0,0,0,0
3687,0.788461538461538,0,"Sandals","Footwear",0.625,"Louisiana",2,"Charcoal","Spring",0.92,0,"Free Shipping",0,0,0.326530612244898,"Cash","Bi-Weekly","Senior",0,0,1,0,0,1,0,0,0,0,1,0,0,0,0,1,0,0,0,0,0,1,0,0,0,0,0
3688,0.307692307692308,0,"Shirt","Clothing",0.3,"Arkansas",3,"Lavender","Summer",0.16,0,"Next Day Air",0,0,0.551020408163265,"Bank Transfer","Every 3 Months","Adult",0,1,0,0,0,0,1,0,0,0,0,1,0,0,1,0,0,0,0,0,0,0,1,0,0,0,0
3689,0.653846153846154,0,"Sunglasses","Accessories",0.8875,"West Virginia",3,"White","Spring",0.2,0,"Next Day Air",0,0,0.142857142857143,"Cash","Monthly","Senior",1,0,0,0,0,1,0,0,0,0,0,1,0,0,0,1,0,0,0,0,0,0,0,0,1,0,0
3690,0.557692307692308,0,"Jewelry","Accessories",0.125,"South Carolina",3,"Red","Fall",0.8,0,"Standard",0,0,0.142857142857143,"Bank Transfer","Quarterly","Middle Age",1,0,0,0,1,0,0,0,0,0,0,0,1,0,1,0,0,0,0,0,0,0,0,0,0,1,0
3691,0.115384615384615,0,"Blouse","Clothing",0.0375,"Kansas",1,"Violet","Fall",0.48,0,"Store Pickup",0,0,0.0612244897959184,"Bank Transfer","Bi-Weekly","Young Adult",0,1,0,0,1,0,0,0,0,0,0,0,0,1,1,0,0,0,0,0,0,1,0,0,0,0,0
3692,0.865384615384615,0,"Sandals","Footwear",0.0125,"Michigan",4,"Orange","Summer",0.92,0,"Next Day Air",0,0,0.469387755102041,"PayPal","Weekly","Senior",0,0,1,0,0,0,1,0,0,0,0,1,0,0,0,0,0,0,1,0,0,0,0,0,0,0,1
3693,0.788461538461538,0,"Coat","Outerwear",0.175,"Alabama",3,"Turquoise","Spring",0.92,0,"Free Shipping",0,0,0.571428571428571,"Cash","Fortnightly","Senior",0,0,0,1,0,1,0,0,0,0,1,0,0,0,0,1,0,0,0,0,0,0,0,1,0,0,0
3694,0.923076923076923,0,"Blouse","Clothing",0.325,"South Dakota",2,"Violet","Summer",0.88,0,"2-Day Shipping",0,0,0.183673469387755,"Venmo","Weekly","Senior",0,1,0,0,0,0,1,0,1,0,0,0,0,0,0,0,0,0,0,1,0,0,0,0,0,0,1
3695,0.519230769230769,0,"Sweater","Clothing",0.2625,"Rhode Island",2,"Blue","Winter",0.04,0,"Express",0,0,0.204081632653061,"PayPal","Bi-Weekly","Middle Age",0,1,0,0,0,0,0,1,0,1,0,0,0,0,0,0,0,0,1,0,0,1,0,0,0,0,0
3696,0.384615384615385,0,"Skirt","Clothing",0.1625,"Florida",2,"White","Fall",0.84,0,"Standard",0,0,0.346938775510204,"Bank Transfer","Fortnightly","Middle Age",0,1,0,0,1,0,0,0,0,0,0,0,1,0,1,0,0,0,0,0,0,0,0,1,0,0,0
3697,0.865384615384615,0,"Blouse","Clothing",0.35,"Connecticut",3,"Turquoise","Fall",0.36,0,"Next Day Air",0,0,0.510204081632653,"Bank Transfer","Annually","Senior",0,1,0,0,1,0,0,0,0,0,0,1,0,0,1,0,0,0,0,0,1,0,0,0,0,0,0
3698,0.711538461538462,0,"Hoodie","Clothing",0.575,"Pennsylvania",3,"Pink","Winter",0.2,0,"Standard",0,0,0.775510204081633,"Cash","Weekly","Senior",0,1,0,0,0,0,0,1,0,0,0,0,1,0,0,1,0,0,0,0,0,0,0,0,0,0,1
3699,0.134615384615385,0,"Skirt","Clothing",0.425,"California",4,"Maroon","Spring",0.6,0,"2-Day Shipping",0,0,0.0612244897959184,"Venmo","Annually","Young Adult",0,1,0,0,0,1,0,0,1,0,0,0,0,0,0,0,0,0,0,1,1,0,0,0,0,0,0
3700,0.634615384615385,0,"Backpack","Accessories",0.4375,"Oklahoma",2,"Olive","Fall",0.04,0,"Store Pickup",0,0,0.469387755102041,"Bank Transfer","Weekly","Senior",1,0,0,0,1,0,0,0,0,0,0,0,0,1,1,0,0,0,0,0,0,0,0,0,0,0,1
3701,0.192307692307692,0,"Handbag","Accessories",0.8,"North Dakota",4,"Charcoal","Summer",0.36,0,"Store Pickup",0,0,0.0204081632653061,"Bank Transfer","Every 3 Months","Adult",1,0,0,0,0,0,1,0,0,0,0,0,0,1,1,0,0,0,0,0,0,0,1,0,0,0,0
3702,0.538461538461538,0,"Sandals","Footwear",0.575,"New Mexico",2,"Charcoal","Spring",0.8,0,"Store Pickup",0,0,0.714285714285714,"Cash","Annually","Middle Age",0,0,1,0,0,1,0,0,0,0,0,0,0,1,0,1,0,0,0,0,1,0,0,0,0,0,0
3703,0.769230769230769,0,"Shoes","Footwear",0.5625,"South Carolina",2,"Indigo","Spring",0.0800000000000001,0,"Store Pickup",0,0,0.714285714285714,"Venmo","Weekly","Senior",0,0,1,0,0,1,0,0,0,0,0,0,0,1,0,0,0,0,0,1,0,0,0,0,0,0,1
3704,0.230769230769231,0,"Sandals","Footwear",0.7875,"Michigan",1,"Teal","Fall",0.16,0,"Standard",0,0,0.448979591836735,"PayPal","Every 3 Months","Adult",0,0,1,0,1,0,0,0,0,0,0,0,1,0,0,0,0,0,1,0,0,0,1,0,0,0,0
3705,0.961538461538462,0,"Sunglasses","Accessories",0.5125,"Missouri",3,"Black","Winter",0.6,0,"Store Pickup",0,0,0.714285714285714,"Credit Card","Quarterly","Senior",1,0,0,0,0,0,0,1,0,0,0,0,0,1,0,0,1,0,0,0,0,0,0,0,0,1,0
3706,0.192307692307692,0,"Skirt","Clothing",0.5625,"Colorado",3,"Teal","Summer",0.28,0,"Free Shipping",0,0,0.0204081632653061,"Debit Card","Annually","Adult",0,1,0,0,0,0,1,0,0,0,1,0,0,0,0,0,0,1,0,0,1,0,0,0,0,0,0
3707,0.153846153846154,0,"Sandals","Footwear",0.4375,"Kansas",2,"Green","Spring",0.6,0,"Store Pickup",0,0,0.326530612244898,"Cash","Bi-Weekly","Adult",0,0,1,0,0,1,0,0,0,0,0,0,0,1,0,1,0,0,0,0,0,1,0,0,0,0,0
3708,0.326923076923077,0,"Gloves","Accessories",0.7375,"Illinois",2,"Gold","Fall",0.36,0,"2-Day Shipping",0,0,0.36734693877551,"Venmo","Weekly","Adult",1,0,0,0,1,0,0,0,1,0,0,0,0,0,0,0,0,0,0,1,0,0,0,0,0,0,1
3709,0.423076923076923,0,"Hoodie","Clothing",0.95,"South Carolina",2,"Red","Fall",0.96,0,"Express",0,0,0.816326530612245,"PayPal","Monthly","Middle Age",0,1,0,0,1,0,0,0,0,1,0,0,0,0,0,0,0,0,1,0,0,0,0,0,1,0,0
3710,0.25,0,"Socks","Clothing",0.2875,"Utah",2,"Silver","Fall",0.44,0,"Free Shipping",0,0,0.530612244897959,"PayPal","Quarterly","Adult",0,1,0,0,1,0,0,0,0,0,1,0,0,0,0,0,0,0,1,0,0,0,0,0,0,1,0
3711,0.807692307692308,0,"Jewelry","Accessories",0.25,"Hawaii",2,"Yellow","Summer",0.44,0,"2-Day Shipping",0,0,0.63265306122449,"Bank Transfer","Fortnightly","Senior",1,0,0,0,0,0,1,0,1,0,0,0,0,0,1,0,0,0,0,0,0,0,0,1,0,0,0
3712,0.980769230769231,0,"Hat","Accessories",0.525,"Texas",4,"Peach","Fall",0.28,0,"Free Shipping",0,0,0.653061224489796,"Cash","Annually","Senior",1,0,0,0,1,0,0,0,0,0,1,0,0,0,0,1,0,0,0,0,1,0,0,0,0,0,0
3713,0.634615384615385,0,"Blouse","Clothing",0.65,"Oregon",2,"Turquoise","Spring",0.48,0,"2-Day Shipping",0,0,0.469387755102041,"PayPal","Quarterly","Senior",0,1,0,0,0,1,0,0,1,0,0,0,0,0,0,0,0,0,1,0,0,0,0,0,0,1,0
3714,0.596153846153846,0,"Shoes","Footwear",0.8375,"Arizona",2,"Peach","Spring",0.04,0,"Express",0,0,0.612244897959184,"Debit Card","Every 3 Months","Middle Age",0,0,1,0,0,1,0,0,0,1,0,0,0,0,0,0,0,1,0,0,0,0,1,0,0,0,0
3715,0,0,"Hat","Accessories",0.1375,"New York",1,"Peach","Winter",0.56,0,"Express",0,0,0.693877551020408,"Credit Card","Weekly","Young Adult",1,0,0,0,0,0,0,1,0,1,0,0,0,0,0,0,1,0,0,0,0,0,0,0,0,0,1
3716,0.865384615384615,0,"Sunglasses","Accessories",0.175,"Nebraska",1,"Orange","Fall",0.36,0,"Free Shipping",0,0,0.0204081632653061,"Bank Transfer","Monthly","Senior",1,0,0,0,1,0,0,0,0,0,1,0,0,0,1,0,0,0,0,0,0,0,0,0,1,0,0
3717,0.75,0,"Shirt","Clothing",0.4125,"Vermont",2,"Charcoal","Fall",0.36,0,"Next Day Air",0,0,0.836734693877551,"Debit Card","Every 3 Months","Senior",0,1,0,0,1,0,0,0,0,0,0,1,0,0,0,0,0,1,0,0,0,0,1,0,0,0,0
3718,0.519230769230769,0,"T-shirt","Clothing",0.8125,"Maryland",4,"White","Summer",0.68,0,"Express",0,0,0.938775510204082,"Bank Transfer","Every 3 Months","Middle Age",0,1,0,0,0,0,1,0,0,1,0,0,0,0,1,0,0,0,0,0,0,0,1,0,0,0,0
3719,0.346153846153846,0,"Pants","Clothing",0.375,"Tennessee",3,"Turquoise","Fall",0.16,0,"Standard",0,0,0.877551020408163,"Bank Transfer","Bi-Weekly","Middle Age",0,1,0,0,1,0,0,0,0,0,0,0,1,0,1,0,0,0,0,0,0,1,0,0,0,0,0
3720,0.0384615384615385,0,"Pants","Clothing",0.8875,"Pennsylvania",2,"Red","Summer",0.64,0,"Free Shipping",0,0,0.142857142857143,"Bank Transfer","Every 3 Months","Young Adult",0,1,0,0,0,0,1,0,0,0,1,0,0,0,1,0,0,0,0,0,0,0,1,0,0,0,0
3721,0.0576923076923077,0,"Hat","Accessories",0.45,"South Carolina",2,"Peach","Fall",0.44,0,"Free Shipping",0,0,0.244897959183673,"Credit Card","Quarterly","Young Adult",1,0,0,0,1,0,0,0,0,0,1,0,0,0,0,0,1,0,0,0,0,0,0,0,0,1,0
3722,0.846153846153846,0,"Coat","Outerwear",0.5,"Connecticut",3,"Pink","Fall",0.6,0,"Next Day Air",0,0,0.183673469387755,"Cash","Annually","Senior",0,0,0,1,1,0,0,0,0,0,0,1,0,0,0,1,0,0,0,0,1,0,0,0,0,0,0
3723,0.0961538461538462,0,"Jacket","Outerwear",0.175,"Kentucky",4,"Yellow","Fall",0.6,0,"Standard",0,0,0,"Credit Card","Fortnightly","Young Adult",0,0,0,1,1,0,0,0,0,0,0,0,1,0,0,0,1,0,0,0,0,0,0,1,0,0,0
3724,0.153846153846154,0,"Sandals","Footwear",0.125,"Rhode Island",2,"Beige","Spring",0.44,0,"Free Shipping",0,0,0,"Debit Card","Monthly","Adult",0,0,1,0,0,1,0,0,0,0,1,0,0,0,0,0,0,1,0,0,0,0,0,0,1,0,0
3725,0.230769230769231,0,"Gloves","Accessories",0.6375,"Colorado",3,"Green","Winter",0.24,0,"Express",0,0,0.346938775510204,"Bank Transfer","Annually","Adult",1,0,0,0,0,0,0,1,0,1,0,0,0,0,1,0,0,0,0,0,1,0,0,0,0,0,0
3726,0,0,"Dress","Clothing",1,"Oklahoma",1,"Turquoise","Winter",0.76,0,"Next Day Air",0,0,0.0204081632653061,"PayPal","Annually","Young Adult",0,1,0,0,0,0,0,1,0,0,0,1,0,0,0,0,0,0,1,0,1,0,0,0,0,0,0
3727,0.557692307692308,0,"Belt","Accessories",0.8125,"Idaho",4,"Orange","Fall",0.72,0,"Next Day Air",0,0,0.714285714285714,"Debit Card","Every 3 Months","Middle Age",1,0,0,0,1,0,0,0,0,0,0,1,0,0,0,0,0,1,0,0,0,0,1,0,0,0,0
3728,0.442307692307692,0,"Socks","Clothing",0.7875,"Maine",2,"Gold","Summer",0.4,0,"Next Day Air",0,0,0.326530612244898,"Debit Card","Bi-Weekly","Middle Age",0,1,0,0,0,0,1,0,0,0,0,1,0,0,0,0,0,1,0,0,0,1,0,0,0,0,0
3729,0.846153846153846,0,"Jacket","Outerwear",0.1375,"Vermont",3,"Red","Winter",0.2,0,"Standard",0,0,0,"Debit Card","Annually","Senior",0,0,0,1,0,0,0,1,0,0,0,0,1,0,0,0,0,1,0,0,1,0,0,0,0,0,0
3730,0.192307692307692,0,"Boots","Footwear",0.775,"Rhode Island",2,"Teal","Spring",0.88,0,"2-Day Shipping",0,0,1,"Cash","Quarterly","Adult",0,0,1,0,0,1,0,0,1,0,0,0,0,0,0,1,0,0,0,0,0,0,0,0,0,1,0
3731,0.538461538461538,0,"Shirt","Clothing",0.7375,"Florida",2,"Teal","Summer",0,0,"2-Day Shipping",0,0,0.0408163265306122,"Credit Card","Bi-Weekly","Middle Age",0,1,0,0,0,0,1,0,1,0,0,0,0,0,0,0,1,0,0,0,0,1,0,0,0,0,0
3732,0.692307692307692,0,"Hat","Accessories",0.525,"West Virginia",2,"Lavender","Spring",0.24,0,"2-Day Shipping",0,0,0.897959183673469,"PayPal","Quarterly","Senior",1,0,0,0,0,1,0,0,1,0,0,0,0,0,0,0,0,0,1,0,0,0,0,0,0,1,0
3733,0.346153846153846,0,"Shoes","Footwear",0.9,"Indiana",3,"Pink","Spring",0.32,0,"Free Shipping",0,0,0.551020408163265,"PayPal","Annually","Middle Age",0,0,1,0,0,1,0,0,0,0,1,0,0,0,0,0,0,0,1,0,1,0,0,0,0,0,0
3734,0.134615384615385,0,"Socks","Clothing",0.475,"Illinois",2,"Maroon","Fall",0.88,0,"Next Day Air",0,0,0.102040816326531,"Debit Card","Every 3 Months","Young Adult",0,1,0,0,1,0,0,0,0,0,0,1,0,0,0,0,0,1,0,0,0,0,1,0,0,0,0
3735,0.384615384615385,0,"Hoodie","Clothing",0.85,"California",2,"Beige","Spring",0.36,0,"Next Day Air",0,0,0.653061224489796,"Debit Card","Every 3 Months","Middle Age",0,1,0,0,0,1,0,0,0,0,0,1,0,0,0,0,0,1,0,0,0,0,1,0,0,0,0
3736,0.384615384615385,0,"Sandals","Footwear",0.3,"Massachusetts",3,"Orange","Spring",0.24,0,"2-Day Shipping",0,0,0.571428571428571,"PayPal","Annually","Middle Age",0,0,1,0,0,1,0,0,1,0,0,0,0,0,0,0,0,0,1,0,1,0,0,0,0,0,0
3737,0.461538461538462,0,"Jeans","Clothing",0.45,"Idaho",2,"Red","Spring",0.84,0,"Store Pickup",0,0,0.0204081632653061,"PayPal","Every 3 Months","Middle Age",0,1,0,0,0,1,0,0,0,0,0,0,0,1,0,0,0,0,1,0,0,0,1,0,0,0,0
3738,0.0192307692307692,0,"Jewelry","Accessories",0.0375,"Kentucky",1,"Maroon","Winter",0.96,0,"Free Shipping",0,0,0.857142857142857,"PayPal","Bi-Weekly","Young Adult",1,0,0,0,0,0,0,1,0,0,1,0,0,0,0,0,0,0,1,0,0,1,0,0,0,0,0
3739,0.307692307692308,0,"Shorts","Clothing",0.3125,"Delaware",2,"Brown","Spring",0.0800000000000001,0,"Free Shipping",0,0,0.959183673469388,"Cash","Fortnightly","Adult",0,1,0,0,0,1,0,0,0,0,1,0,0,0,0,1,0,0,0,0,0,0,0,1,0,0,0
3740,0.384615384615385,0,"Sunglasses","Accessories",0.1375,"Idaho",2,"Olive","Fall",0.68,0,"Free Shipping",0,0,0.857142857142857,"Credit Card","Weekly","Middle Age",1,0,0,0,1,0,0,0,0,0,1,0,0,0,0,0,1,0,0,0,0,0,0,0,0,0,1
3741,0.461538461538462,0,"Pants","Clothing",0.95,"Virginia",2,"Silver","Summer",0.04,0,"Store Pickup",0,0,0.510204081632653,"Debit Card","Bi-Weekly","Middle Age",0,1,0,0,0,0,1,0,0,0,0,0,0,1,0,0,0,1,0,0,0,1,0,0,0,0,0
3742,0.769230769230769,0,"Shirt","Clothing",0.95,"Arizona",2,"Purple","Spring",0.28,0,"2-Day Shipping",0,0,0.510204081632653,"Debit Card","Bi-Weekly","Senior",0,1,0,0,0,1,0,0,1,0,0,0,0,0,0,0,0,1,0,0,0,1,0,0,0,0,0
3743,0.730769230769231,0,"Shirt","Clothing",0.75,"Maryland",2,"Gray","Fall",0.76,0,"Standard",0,0,1,"Credit Card","Bi-Weekly","Senior",0,1,0,0,1,0,0,0,0,0,0,0,1,0,0,0,1,0,0,0,0,1,0,0,0,0,0
3744,0.846153846153846,0,"Pants","Clothing",0.1,"Idaho",3,"Cyan","Fall",0.44,0,"Free Shipping",0,0,0.714285714285714,"Debit Card","Quarterly","Senior",0,1,0,0,1,0,0,0,0,0,1,0,0,0,0,0,0,1,0,0,0,0,0,0,0,1,0
3745,0.115384615384615,0,"Hoodie","Clothing",0.3875,"New Jersey",2,"Gray","Summer",0.0800000000000001,0,"Next Day Air",0,0,0.510204081632653,"Bank Transfer","Fortnightly","Young Adult",0,1,0,0,0,0,1,0,0,0,0,1,0,0,1,0,0,0,0,0,0,0,0,1,0,0,0
3746,0.807692307692308,0,"Socks","Clothing",0.2625,"Washington",3,"Gold","Spring",0.72,0,"Express",0,0,0.0204081632653061,"Debit Card","Monthly","Senior",0,1,0,0,0,1,0,0,0,1,0,0,0,0,0,0,0,1,0,0,0,0,0,0,1,0,0
3747,0.673076923076923,0,"Coat","Outerwear",0.9875,"Idaho",4,"Cyan","Summer",0.04,0,"Next Day Air",0,0,0.979591836734694,"PayPal","Monthly","Senior",0,0,0,1,0,0,1,0,0,0,0,1,0,0,0,0,0,0,1,0,0,0,0,0,1,0,0
3748,0.153846153846154,0,"Sweater","Clothing",0.4125,"Rhode Island",3,"Olive","Spring",0.72,0,"Store Pickup",0,0,0.63265306122449,"Bank Transfer","Bi-Weekly","Adult",0,1,0,0,0,1,0,0,0,0,0,0,0,1,1,0,0,0,0,0,0,1,0,0,0,0,0
3749,0.307692307692308,0,"Backpack","Accessories",0.0625,"Delaware",2,"Violet","Fall",0.56,0,"2-Day Shipping",0,0,0.0408163265306122,"Venmo","Annually","Adult",1,0,0,0,1,0,0,0,1,0,0,0,0,0,0,0,0,0,0,1,1,0,0,0,0,0,0
3750,0.115384615384615,0,"Blouse","Clothing",0.9375,"Alaska",3,"Yellow","Winter",0.16,0,"2-Day Shipping",0,0,0.755102040816326,"Venmo","Every 3 Months","Young Adult",0,1,0,0,0,0,0,1,1,0,0,0,0,0,0,0,0,0,0,1,0,0,1,0,0,0,0
3751,0.461538461538462,0,"Hoodie","Clothing",0.85,"Arizona",2,"Gold","Fall",0.24,0,"Free Shipping",0,0,0.0816326530612245,"PayPal","Monthly","Middle Age",0,1,0,0,1,0,0,0,0,0,1,0,0,0,0,0,0,0,1,0,0,0,0,0,1,0,0
3752,0.346153846153846,0,"Jewelry","Accessories",0.9625,"Alabama",1,"Silver","Fall",0.68,0,"Free Shipping",0,0,0.142857142857143,"Credit Card","Every 3 Months","Middle Age",1,0,0,0,1,0,0,0,0,0,1,0,0,0,0,0,1,0,0,0,0,0,1,0,0,0,0
3753,0.115384615384615,0,"Coat","Outerwear",0.7625,"Washington",3,"Pink","Winter",0.64,0,"2-Day Shipping",0,0,0.857142857142857,"Venmo","Weekly","Young Adult",0,0,0,1,0,0,0,1,1,0,0,0,0,0,0,0,0,0,0,1,0,0,0,0,0,0,1
3754,0.403846153846154,0,"Sunglasses","Accessories",0.075,"Louisiana",1,"Turquoise","Winter",0.68,0,"Next Day Air",0,0,0.428571428571429,"Bank Transfer","Fortnightly","Middle Age",1,0,0,0,0,0,0,1,0,0,0,1,0,0,1,0,0,0,0,0,0,0,0,1,0,0,0
3755,0.538461538461538,0,"Shoes","Footwear",0.2625,"Nebraska",2,"Turquoise","Summer",0.76,0,"Express",0,0,0.183673469387755,"Cash","Every 3 Months","Middle Age",0,0,1,0,0,0,1,0,0,1,0,0,0,0,0,1,0,0,0,0,0,0,1,0,0,0,0
3756,0.884615384615385,0,"Skirt","Clothing",0.9125,"Pennsylvania",2,"Peach","Fall",0.36,0,"Free Shipping",0,0,0.510204081632653,"Credit Card","Monthly","Senior",0,1,0,0,1,0,0,0,0,0,1,0,0,0,0,0,1,0,0,0,0,0,0,0,1,0,0
3757,0.884615384615385,0,"Skirt","Clothing",0.6125,"South Carolina",3,"Teal","Spring",0.92,0,"Express",0,0,0.836734693877551,"Debit Card","Bi-Weekly","Senior",0,1,0,0,0,1,0,0,0,1,0,0,0,0,0,0,0,1,0,0,0,1,0,0,0,0,0
3758,0.826923076923077,0,"Skirt","Clothing",0.3,"California",3,"Red","Fall",0.8,0,"2-Day Shipping",0,0,0.653061224489796,"Cash","Weekly","Senior",0,1,0,0,1,0,0,0,1,0,0,0,0,0,0,1,0,0,0,0,0,0,0,0,0,0,1
3759,0.826923076923077,0,"Sandals","Footwear",0.425,"Indiana",1,"Black","Spring",0.0800000000000001,0,"Store Pickup",0,0,0.448979591836735,"Bank Transfer","Quarterly","Senior",0,0,1,0,0,1,0,0,0,0,0,0,0,1,1,0,0,0,0,0,0,0,0,0,0,1,0
3760,0.5,0,"Sneakers","Footwear",0.5125,"Missouri",2,"Pink","Spring",0.4,0,"Store Pickup",0,0,0.591836734693878,"Venmo","Quarterly","Middle Age",0,0,1,0,0,1,0,0,0,0,0,0,0,1,0,0,0,0,0,1,0,0,0,0,0,1,0
3761,0.903846153846154,0,"Socks","Clothing",0.75,"Connecticut",2,"Peach","Fall",0.24,0,"Next Day Air",0,0,0.714285714285714,"PayPal","Weekly","Senior",0,1,0,0,1,0,0,0,0,0,0,1,0,0,0,0,0,0,1,0,0,0,0,0,0,0,1
3762,0.807692307692308,0,"Backpack","Accessories",0.125,"Nevada",2,"Green","Summer",0.12,0,"Next Day Air",0,0,0.0408163265306122,"Venmo","Every 3 Months","Senior",1,0,0,0,0,0,1,0,0,0,0,1,0,0,0,0,0,0,0,1,0,0,1,0,0,0,0
3763,0.903846153846154,0,"Shorts","Clothing",0.925,"New York",3,"Green","Fall",0.16,0,"Store Pickup",0,0,0.244897959183673,"PayPal","Annually","Senior",0,1,0,0,1,0,0,0,0,0,0,0,0,1,0,0,0,0,1,0,1,0,0,0,0,0,0
3764,0.173076923076923,0,"Shirt","Clothing",0.05,"Oklahoma",4,"Red","Winter",0.8,0,"Standard",0,0,0.755102040816326,"Cash","Every 3 Months","Adult",0,1,0,0,0,0,0,1,0,0,0,0,1,0,0,1,0,0,0,0,0,0,1,0,0,0,0
3765,0.346153846153846,0,"Socks","Clothing",0.0125,"South Dakota",2,"Maroon","Fall",0.4,0,"Next Day Air",0,0,0.36734693877551,"Venmo","Monthly","Middle Age",0,1,0,0,1,0,0,0,0,0,0,1,0,0,0,0,0,0,0,1,0,0,0,0,1,0,0
3766,0.0769230769230769,0,"Jewelry","Accessories",0.4,"Missouri",2,"Green","Summer",0.72,0,"Standard",0,0,0.26530612244898,"Bank Transfer","Bi-Weekly","Young Adult",1,0,0,0,0,0,1,0,0,0,0,0,1,0,1,0,0,0,0,0,0,1,0,0,0,0,0
3767,0.846153846153846,0,"Handbag","Accessories",0.4875,"Texas",2,"Black","Fall",0.96,0,"Next Day Air",0,0,0.857142857142857,"Debit Card","Annually","Senior",1,0,0,0,1,0,0,0,0,0,0,1,0,0,0,0,0,1,0,0,1,0,0,0,0,0,0
3768,0.788461538461538,0,"Shorts","Clothing",0.3875,"New York",4,"Black","Summer",0.24,0,"Free Shipping",0,0,0.183673469387755,"Bank Transfer","Fortnightly","Senior",0,1,0,0,0,0,1,0,0,0,1,0,0,0,1,0,0,0,0,0,0,0,0,1,0,0,0
3769,0.615384615384615,0,"Sweater","Clothing",0.1875,"Vermont",2,"Yellow","Winter",0.6,0,"Free Shipping",0,0,0.673469387755102,"Bank Transfer","Quarterly","Middle Age",0,1,0,0,0,0,0,1,0,0,1,0,0,0,1,0,0,0,0,0,0,0,0,0,0,1,0
3770,0.634615384615385,0,"Gloves","Accessories",0.8375,"Arizona",3,"Green","Summer",0.44,0,"Standard",0,0,0.612244897959184,"Venmo","Annually","Senior",1,0,0,0,0,0,1,0,0,0,0,0,1,0,0,0,0,0,0,1,1,0,0,0,0,0,0
3771,0.0961538461538462,0,"Pants","Clothing",0.275,"Montana",3,"Black","Summer",0.6,0,"Store Pickup",0,0,0.673469387755102,"Bank Transfer","Weekly","Young Adult",0,1,0,0,0,0,1,0,0,0,0,0,0,1,1,0,0,0,0,0,0,0,0,0,0,0,1
3772,0.0576923076923077,0,"T-shirt","Clothing",0.825,"Oklahoma",2,"Red","Winter",0.04,0,"Express",0,0,0.551020408163265,"Venmo","Bi-Weekly","Young Adult",0,1,0,0,0,0,0,1,0,1,0,0,0,0,0,0,0,0,0,1,0,1,0,0,0,0,0
3773,0.5,0,"Pants","Clothing",0.075,"New Hampshire",3,"Yellow","Fall",0.24,0,"Next Day Air",0,0,0.693877551020408,"Cash","Annually","Middle Age",0,1,0,0,1,0,0,0,0,0,0,1,0,0,0,1,0,0,0,0,1,0,0,0,0,0,0
3774,0.134615384615385,0,"Sweater","Clothing",0.5,"Wisconsin",2,"Violet","Summer",0.4,0,"Store Pickup",0,0,0.816326530612245,"Cash","Quarterly","Young Adult",0,1,0,0,0,0,1,0,0,0,0,0,0,1,0,1,0,0,0,0,0,0,0,0,0,1,0
3775,0.75,0,"Gloves","Accessories",0.7875,"Alaska",1,"Cyan","Winter",0.56,0,"Standard",0,0,0.959183673469388,"PayPal","Fortnightly","Senior",1,0,0,0,0,0,0,1,0,0,0,0,1,0,0,0,0,0,1,0,0,0,0,1,0,0,0
3776,0.442307692307692,0,"Belt","Accessories",0.5375,"South Dakota",1,"Pink","Spring",0.0800000000000001,0,"2-Day Shipping",0,0,0.897959183673469,"Cash","Quarterly","Middle Age",1,0,0,0,0,1,0,0,1,0,0,0,0,0,0,1,0,0,0,0,0,0,0,0,0,1,0
3777,0.0192307692307692,0,"Sneakers","Footwear",0.0625,"Alaska",3,"Olive","Spring",0.64,0,"Standard",0,0,0.183673469387755,"Credit Card","Fortnightly","Young Adult",0,0,1,0,0,1,0,0,0,0,0,0,1,0,0,0,1,0,0,0,0,0,0,1,0,0,0
3778,0.480769230769231,0,"Shorts","Clothing",0.5625,"Utah",2,"Maroon","Fall",0.72,0,"Express",0,0,0.163265306122449,"Cash","Weekly","Middle Age",0,1,0,0,1,0,0,0,0,1,0,0,0,0,0,1,0,0,0,0,0,0,0,0,0,0,1
3779,0.134615384615385,0,"Sneakers","Footwear",0.5,"South Dakota",2,"Cyan","Fall",0.16,0,"Free Shipping",0,0,0.591836734693878,"Debit Card","Annually","Young Adult",0,0,1,0,1,0,0,0,0,0,1,0,0,0,0,0,0,1,0,0,1,0,0,0,0,0,0
3780,0.807692307692308,0,"Jeans","Clothing",0.6875,"California",4,"Lavender","Spring",0.6,0,"Express",0,0,0.897959183673469,"PayPal","Annually","Senior",0,1,0,0,0,1,0,0,0,1,0,0,0,0,0,0,0,0,1,0,1,0,0,0,0,0,0
3781,0.692307692307692,0,"Sneakers","Footwear",0.4625,"Mississippi",3,"Yellow","Fall",0.64,0,"Free Shipping",0,0,0.816326530612245,"Venmo","Quarterly","Senior",0,0,1,0,1,0,0,0,0,0,1,0,0,0,0,0,0,0,0,1,0,0,0,0,0,1,0
3782,0.653846153846154,0,"Boots","Footwear",0.9875,"Tennessee",2,"Pink","Winter",0.48,0,"Standard",0,0,0.795918367346939,"PayPal","Fortnightly","Senior",0,0,1,0,0,0,0,1,0,0,0,0,1,0,0,0,0,0,1,0,0,0,0,1,0,0,0
3783,0.423076923076923,0,"Jacket","Outerwear",0.3125,"Alabama",3,"Orange","Spring",0.12,0,"Free Shipping",0,0,0.836734693877551,"PayPal","Fortnightly","Middle Age",0,0,0,1,0,1,0,0,0,0,1,0,0,0,0,0,0,0,1,0,0,0,0,1,0,0,0
3784,0.403846153846154,0,"Gloves","Accessories",0.575,"Maine",4,"Orange","Summer",0.28,0,"Free Shipping",0,0,0.326530612244898,"Debit Card","Fortnightly","Middle Age",1,0,0,0,0,0,1,0,0,0,1,0,0,0,0,0,0,1,0,0,0,0,0,1,0,0,0
3785,0.692307692307692,0,"Socks","Clothing",0.4125,"Virginia",2,"Violet","Winter",0.8,0,"Next Day Air",0,0,0.0612244897959184,"Venmo","Annually","Senior",0,1,0,0,0,0,0,1,0,0,0,1,0,0,0,0,0,0,0,1,1,0,0,0,0,0,0
3786,0.884615384615385,0,"Jeans","Clothing",0.925,"New Hampshire",3,"Lavender","Winter",0.52,0,"Standard",0,0,0.102040816326531,"Cash","Monthly","Senior",0,1,0,0,0,0,0,1,0,0,0,0,1,0,0,1,0,0,0,0,0,0,0,0,1,0,0
3787,0.25,0,"Boots","Footwear",0.3375,"Tennessee",3,"Yellow","Fall",0.44,0,"2-Day Shipping",0,0,0.428571428571429,"Venmo","Weekly","Adult",0,0,1,0,1,0,0,0,1,0,0,0,0,0,0,0,0,0,0,1,0,0,0,0,0,0,1
3788,0.365384615384615,0,"Blouse","Clothing",0.75,"New York",2,"Pink","Fall",0.44,0,"2-Day Shipping",0,0,0.918367346938776,"PayPal","Every 3 Months","Middle Age",0,1,0,0,1,0,0,0,1,0,0,0,0,0,0,0,0,0,1,0,0,0,1,0,0,0,0
3789,0.480769230769231,0,"Hat","Accessories",0.5625,"Kansas",4,"Teal","Spring",0.28,0,"Next Day Air",0,0,0.530612244897959,"Debit Card","Monthly","Middle Age",1,0,0,0,0,1,0,0,0,0,0,1,0,0,0,0,0,1,0,0,0,0,0,0,1,0,0
3790,0.730769230769231,0,"Shirt","Clothing",0.6875,"North Dakota",2,"Magenta","Summer",0.52,0,"Express",0,0,0.346938775510204,"Bank Transfer","Every 3 Months","Senior",0,1,0,0,0,0,1,0,0,1,0,0,0,0,1,0,0,0,0,0,0,0,1,0,0,0,0
3791,0.173076923076923,0,"Handbag","Accessories",0.3125,"Alaska",4,"Beige","Summer",0.76,0,"Standard",0,0,0.612244897959184,"Credit Card","Weekly","Adult",1,0,0,0,0,0,1,0,0,0,0,0,1,0,0,0,1,0,0,0,0,0,0,0,0,0,1
3792,0.423076923076923,0,"Sunglasses","Accessories",0.3875,"Texas",2,"Gray","Spring",0.48,0,"Store Pickup",0,0,0,"Venmo","Weekly","Middle Age",1,0,0,0,0,1,0,0,0,0,0,0,0,1,0,0,0,0,0,1,0,0,0,0,0,0,1
3793,0.480769230769231,0,"Scarf","Accessories",0.475,"Massachusetts",1,"Turquoise","Summer",0.04,0,"Express",0,0,0.0204081632653061,"PayPal","Fortnightly","Middle Age",1,0,0,0,0,0,1,0,0,1,0,0,0,0,0,0,0,0,1,0,0,0,0,1,0,0,0
3794,0.846153846153846,0,"Sunglasses","Accessories",0,"Delaware",2,"Pink","Fall",0.6,0,"Standard",0,0,0.918367346938776,"Bank Transfer","Annually","Senior",1,0,0,0,1,0,0,0,0,0,0,0,1,0,1,0,0,0,0,0,1,0,0,0,0,0,0
3795,0.5,0,"Scarf","Accessories",0.775,"South Dakota",2,"Violet","Summer",0.44,0,"2-Day Shipping",0,0,0.530612244897959,"Venmo","Weekly","Middle Age",1,0,0,0,0,0,1,0,1,0,0,0,0,0,0,0,0,0,0,1,0,0,0,0,0,0,1
3796,0.519230769230769,0,"Gloves","Accessories",0.9,"Arkansas",2,"Charcoal","Spring",0,0,"Express",0,0,0.0408163265306122,"Cash","Weekly","Middle Age",1,0,0,0,0,1,0,0,0,1,0,0,0,0,0,1,0,0,0,0,0,0,0,0,0,0,1
3797,0.423076923076923,0,"Shorts","Clothing",0.7625,"Utah",2,"Lavender","Fall",0.28,0,"Free Shipping",0,0,0.938775510204082,"Bank Transfer","Quarterly","Middle Age",0,1,0,0,1,0,0,0,0,0,1,0,0,0,1,0,0,0,0,0,0,0,0,0,0,1,0
3798,0.961538461538462,0,"Sunglasses","Accessories",0.3,"California",2,"Gray","Summer",0,0,"Next Day Air",0,0,0.387755102040816,"Cash","Quarterly","Senior",1,0,0,0,0,0,1,0,0,0,0,1,0,0,0,1,0,0,0,0,0,0,0,0,0,1,0
3799,0.865384615384615,0,"Jewelry","Accessories",0.65,"Rhode Island",1,"Brown","Winter",0.28,0,"Next Day Air",0,0,0.448979591836735,"Credit Card","Annually","Senior",1,0,0,0,0,0,0,1,0,0,0,1,0,0,0,0,1,0,0,0,1,0,0,0,0,0,0
3800,0.807692307692308,0,"Jacket","Outerwear",0.075,"Oklahoma",3,"Violet","Winter",0.04,0,"Store Pickup",0,0,0.244897959183673,"Credit Card","Monthly","Senior",0,0,0,1,0,0,0,1,0,0,0,0,0,1,0,0,1,0,0,0,0,0,0,0,1,0,0
3801,0.0192307692307692,0,"Sweater","Clothing",0.075,"Vermont",2,"Turquoise","Fall",0.92,0,"Next Day Air",0,0,0.224489795918367,"Venmo","Bi-Weekly","Young Adult",0,1,0,0,1,0,0,0,0,0,0,1,0,0,0,0,0,0,0,1,0,1,0,0,0,0,0
3802,0.153846153846154,0,"Blouse","Clothing",0.8,"Kentucky",2,"Peach","Spring",1,0,"Store Pickup",0,0,0.714285714285714,"PayPal","Fortnightly","Adult",0,1,0,0,0,1,0,0,0,0,0,0,0,1,0,0,0,0,1,0,0,0,0,1,0,0,0
3803,1,0,"Scarf","Accessories",0.65,"Illinois",1,"Turquoise","Spring",0.28,0,"2-Day Shipping",0,0,0,"Bank Transfer","Monthly","Senior",1,0,0,0,0,1,0,0,1,0,0,0,0,0,1,0,0,0,0,0,0,0,0,0,1,0,0
3804,0.576923076923077,0,"Handbag","Accessories",0.4375,"Connecticut",2,"Violet","Spring",0.44,0,"Standard",0,0,0.26530612244898,"Debit Card","Weekly","Middle Age",1,0,0,0,0,1,0,0,0,0,0,0,1,0,0,0,0,1,0,0,0,0,0,0,0,0,1
3805,0.365384615384615,0,"Hat","Accessories",0.7125,"Florida",2,"Olive","Fall",0.0800000000000001,0,"2-Day Shipping",0,0,0.897959183673469,"Cash","Annually","Middle Age",1,0,0,0,1,0,0,0,1,0,0,0,0,0,0,1,0,0,0,0,1,0,0,0,0,0,0
3806,0.576923076923077,0,"Scarf","Accessories",0.4625,"New Jersey",2,"Green","Fall",0.24,0,"Standard",0,0,0.612244897959184,"Credit Card","Quarterly","Middle Age",1,0,0,0,1,0,0,0,0,0,0,0,1,0,0,0,1,0,0,0,0,0,0,0,0,1,0
3807,0,0,"Boots","Footwear",0.6375,"Missouri",2,"Teal","Spring",0.2,0,"Standard",0,0,0.816326530612245,"PayPal","Weekly","Young Adult",0,0,1,0,0,1,0,0,0,0,0,0,1,0,0,0,0,0,1,0,0,0,0,0,0,0,1
3808,0.384615384615385,0,"Blouse","Clothing",0.2375,"Michigan",3,"Peach","Spring",0.16,0,"Next Day Air",0,0,0.714285714285714,"PayPal","Annually","Middle Age",0,1,0,0,0,1,0,0,0,0,0,1,0,0,0,0,0,0,1,0,1,0,0,0,0,0,0
3809,0.288461538461538,0,"Socks","Clothing",0.1,"Washington",2,"Pink","Winter",0.88,0,"Express",0,0,0.102040816326531,"Debit Card","Bi-Weekly","Adult",0,1,0,0,0,0,0,1,0,1,0,0,0,0,0,0,0,1,0,0,0,1,0,0,0,0,0
3810,0.75,0,"Shoes","Footwear",0.1625,"New York",1,"Maroon","Winter",0.48,0,"Standard",0,0,0.551020408163265,"Credit Card","Annually","Senior",0,0,1,0,0,0,0,1,0,0,0,0,1,0,0,0,1,0,0,0,1,0,0,0,0,0,0
3811,0.538461538461538,0,"Skirt","Clothing",0.7375,"Wisconsin",3,"Peach","Fall",0.56,0,"Free Shipping",0,0,0.571428571428571,"Venmo","Monthly","Middle Age",0,1,0,0,1,0,0,0,0,0,1,0,0,0,0,0,0,0,0,1,0,0,0,0,1,0,0
3812,0.538461538461538,0,"Belt","Accessories",0.125,"Idaho",2,"Maroon","Winter",0.6,0,"Standard",0,0,0.26530612244898,"Cash","Monthly","Middle Age",1,0,0,0,0,0,0,1,0,0,0,0,1,0,0,1,0,0,0,0,0,0,0,0,1,0,0
3813,0.615384615384615,0,"Skirt","Clothing",0.6875,"Michigan",2,"Pink","Spring",0.12,0,"Next Day Air",0,0,0.122448979591837,"Bank Transfer","Every 3 Months","Middle Age",0,1,0,0,0,1,0,0,0,0,0,1,0,0,1,0,0,0,0,0,0,0,1,0,0,0,0
3814,0.826923076923077,0,"Pants","Clothing",0.8625,"Georgia",2,"Orange","Summer",0.64,0,"Express",0,0,0.612244897959184,"Venmo","Bi-Weekly","Senior",0,1,0,0,0,0,1,0,0,1,0,0,0,0,0,0,0,0,0,1,0,1,0,0,0,0,0
3815,0.519230769230769,0,"Dress","Clothing",0.9375,"Michigan",2,"Orange","Winter",0.68,0,"Free Shipping",0,0,0.510204081632653,"Bank Transfer","Every 3 Months","Middle Age",0,1,0,0,0,0,0,1,0,0,1,0,0,0,1,0,0,0,0,0,0,0,1,0,0,0,0
3816,0.269230769230769,0,"Hat","Accessories",0.3,"Maine",2,"Brown","Fall",0.72,0,"Express",0,0,0.224489795918367,"Venmo","Fortnightly","Adult",1,0,0,0,1,0,0,0,0,1,0,0,0,0,0,0,0,0,0,1,0,0,0,1,0,0,0
3817,0.211538461538462,0,"Coat","Outerwear",0.825,"Maryland",1,"Silver","Summer",0.72,0,"Store Pickup",0,0,0.897959183673469,"Credit Card","Fortnightly","Adult",0,0,0,1,0,0,1,0,0,0,0,0,0,1,0,0,1,0,0,0,0,0,0,1,0,0,0
3818,0.923076923076923,0,"Scarf","Accessories",0.8875,"Missouri",2,"Magenta","Fall",0.04,0,"Express",0,0,0.795918367346939,"PayPal","Annually","Senior",1,0,0,0,1,0,0,0,0,1,0,0,0,0,0,0,0,0,1,0,1,0,0,0,0,0,0
3819,1,0,"Sneakers","Footwear",0.2625,"Oregon",4,"Indigo","Winter",0.52,0,"Free Shipping",0,0,0.836734693877551,"Cash","Monthly","Senior",0,0,1,0,0,0,0,1,0,0,1,0,0,0,0,1,0,0,0,0,0,0,0,0,1,0,0
3820,0.346153846153846,0,"Pants","Clothing",0.9875,"Arkansas",1,"Gold","Spring",0.16,0,"Express",0,0,0.897959183673469,"Cash","Quarterly","Middle Age",0,1,0,0,0,1,0,0,0,1,0,0,0,0,0,1,0,0,0,0,0,0,0,0,0,1,0
3821,0.307692307692308,0,"Belt","Accessories",0.5625,"New Hampshire",2,"Purple","Winter",1,0,"Standard",0,0,0.673469387755102,"Debit Card","Quarterly","Adult",1,0,0,0,0,0,0,1,0,0,0,0,1,0,0,0,0,1,0,0,0,0,0,0,0,1,0
3822,0.0384615384615385,0,"Sneakers","Footwear",0.35,"Oregon",2,"Gold","Summer",0.84,0,"Free Shipping",0,0,0.673469387755102,"Credit Card","Every 3 Months","Young Adult",0,0,1,0,0,0,1,0,0,0,1,0,0,0,0,0,1,0,0,0,0,0,1,0,0,0,0
3823,1,0,"Hat","Accessories",0.2625,"Kansas",1,"Gold","Spring",0.28,0,"Free Shipping",0,0,0.326530612244898,"PayPal","Every 3 Months","Senior",1,0,0,0,0,1,0,0,0,0,1,0,0,0,0,0,0,0,1,0,0,0,1,0,0,0,0
3824,0.615384615384615,0,"Shirt","Clothing",0.275,"California",2,"Gold","Summer",0.2,0,"Standard",0,0,0.530612244897959,"Bank Transfer","Weekly","Middle Age",0,1,0,0,0,0,1,0,0,0,0,0,1,0,1,0,0,0,0,0,0,0,0,0,0,0,1
3825,0.692307692307692,0,"Shorts","Clothing",0.075,"Georgia",2,"Olive","Summer",0.6,0,"Free Shipping",0,0,0.612244897959184,"Credit Card","Quarterly","Senior",0,1,0,0,0,0,1,0,0,0,1,0,0,0,0,0,1,0,0,0,0,0,0,0,0,1,0
3826,0.596153846153846,0,"Shorts","Clothing",0.1875,"Hawaii",3,"Green","Fall",0.64,0,"Express",0,0,0.938775510204082,"Debit Card","Fortnightly","Middle Age",0,1,0,0,1,0,0,0,0,1,0,0,0,0,0,0,0,1,0,0,0,0,0,1,0,0,0
3827,0.615384615384615,0,"Jacket","Outerwear",0.1375,"Montana",2,"Gray","Summer",0.6,0,"Express",0,0,0.489795918367347,"Bank Transfer","Annually","Middle Age",0,0,0,1,0,0,1,0,0,1,0,0,0,0,1,0,0,0,0,0,1,0,0,0,0,0,0
3828,0.846153846153846,0,"Jewelry","Accessories",0.6625,"Montana",2,"Red","Summer",0.64,0,"Standard",0,0,0.938775510204082,"Cash","Fortnightly","Senior",1,0,0,0,0,0,1,0,0,0,0,0,1,0,0,1,0,0,0,0,0,0,0,1,0,0,0
3829,0.461538461538462,0,"Blouse","Clothing",0.775,"Mississippi",2,"Charcoal","Spring",0.36,0,"Free Shipping",0,0,0.142857142857143,"Cash","Weekly","Middle Age",0,1,0,0,0,1,0,0,0,0,1,0,0,0,0,1,0,0,0,0,0,0,0,0,0,0,1
3830,0.980769230769231,0,"Pants","Clothing",0.15,"Washington",2,"Indigo","Spring",0.16,0,"Free Shipping",0,0,0.63265306122449,"Debit Card","Fortnightly","Senior",0,1,0,0,0,1,0,0,0,0,1,0,0,0,0,0,0,1,0,0,0,0,0,1,0,0,0
3831,0.0769230769230769,0,"Hat","Accessories",0.0875,"Pennsylvania",2,"Indigo","Summer",0.2,0,"2-Day Shipping",0,0,0.653061224489796,"Bank Transfer","Every 3 Months","Young Adult",1,0,0,0,0,0,1,0,1,0,0,0,0,0,1,0,0,0,0,0,0,0,1,0,0,0,0
3832,0.346153846153846,0,"Backpack","Accessories",0.825,"Nevada",3,"Silver","Spring",0.6,0,"Next Day Air",0,0,0.306122448979592,"Debit Card","Every 3 Months","Middle Age",1,0,0,0,0,1,0,0,0,0,0,1,0,0,0,0,0,1,0,0,0,0,1,0,0,0,0
3833,0.884615384615385,0,"Boots","Footwear",0.225,"Kansas",4,"Purple","Winter",0.92,0,"2-Day Shipping",0,0,0.530612244897959,"Cash","Weekly","Senior",0,0,1,0,0,0,0,1,1,0,0,0,0,0,0,1,0,0,0,0,0,0,0,0,0,0,1
3834,0.5,0,"Jacket","Outerwear",0.9125,"Arizona",3,"Gray","Summer",0.84,0,"Free Shipping",0,0,0.326530612244898,"PayPal","Every 3 Months","Middle Age",0,0,0,1,0,0,1,0,0,0,1,0,0,0,0,0,0,0,1,0,0,0,1,0,0,0,0
3835,0.480769230769231,0,"Hoodie","Clothing",0.4875,"Tennessee",2,"Magenta","Winter",0.64,0,"2-Day Shipping",0,0,0.326530612244898,"Cash","Quarterly","Middle Age",0,1,0,0,0,0,0,1,1,0,0,0,0,0,0,1,0,0,0,0,0,0,0,0,0,1,0
3836,0.769230769230769,0,"Sandals","Footwear",0.475,"Pennsylvania",3,"Silver","Winter",0.04,0,"Express",0,0,0.551020408163265,"PayPal","Bi-Weekly","Senior",0,0,1,0,0,0,0,1,0,1,0,0,0,0,0,0,0,0,1,0,0,1,0,0,0,0,0
3837,0.846153846153846,0,"Skirt","Clothing",0.8,"Alaska",2,"Violet","Spring",0,0,"Free Shipping",0,0,0.755102040816326,"PayPal","Fortnightly","Senior",0,1,0,0,0,1,0,0,0,0,1,0,0,0,0,0,0,0,1,0,0,0,0,1,0,0,0
3838,0.519230769230769,0,"Hoodie","Clothing",1,"New Mexico",2,"Green","Spring",0.92,0,"Free Shipping",0,0,0.653061224489796,"Bank Transfer","Fortnightly","Middle Age",0,1,0,0,0,1,0,0,0,0,1,0,0,0,1,0,0,0,0,0,0,0,0,1,0,0,0
3839,0.557692307692308,0,"Dress","Clothing",0.0625,"Rhode Island",3,"Green","Summer",0.68,0,"Express",0,0,0.469387755102041,"Venmo","Every 3 Months","Middle Age",0,1,0,0,0,0,1,0,0,1,0,0,0,0,0,0,0,0,0,1,0,0,1,0,0,0,0
3840,0.923076923076923,0,"Sandals","Footwear",0.1125,"Connecticut",2,"Peach","Spring",0.56,0,"Free Shipping",0,0,0.26530612244898,"Venmo","Quarterly","Senior",0,0,1,0,0,1,0,0,0,0,1,0,0,0,0,0,0,0,0,1,0,0,0,0,0,1,0
3841,0.230769230769231,0,"Jeans","Clothing",0.275,"Idaho",2,"Turquoise","Spring",0.48,0,"Express",0,0,0.0816326530612245,"Venmo","Fortnightly","Adult",0,1,0,0,0,1,0,0,0,1,0,0,0,0,0,0,0,0,0,1,0,0,0,1,0,0,0
3842,0.961538461538462,0,"Jeans","Clothing",0.4625,"Mississippi",3,"Pink","Fall",0.68,0,"2-Day Shipping",0,0,0.142857142857143,"Bank Transfer","Monthly","Senior",0,1,0,0,1,0,0,0,1,0,0,0,0,0,1,0,0,0,0,0,0,0,0,0,1,0,0
3843,0.326923076923077,0,"Jacket","Outerwear",0.8,"Colorado",3,"Lavender","Winter",0.68,0,"Next Day Air",0,0,0.836734693877551,"Debit Card","Monthly","Adult",0,0,0,1,0,0,0,1,0,0,0,1,0,0,0,0,0,1,0,0,0,0,0,0,1,0,0
3844,0.884615384615385,0,"Hat","Accessories",0.6375,"Georgia",3,"Silver","Winter",0.6,0,"Free Shipping",0,0,0.959183673469388,"Venmo","Every 3 Months","Senior",1,0,0,0,0,0,0,1,0,0,1,0,0,0,0,0,0,0,0,1,0,0,1,0,0,0,0
3845,0.230769230769231,0,"Shorts","Clothing",0.8375,"Montana",1,"Cyan","Fall",1,0,"Next Day Air",0,0,0.795918367346939,"Venmo","Quarterly","Adult",0,1,0,0,1,0,0,0,0,0,0,1,0,0,0,0,0,0,0,1,0,0,0,0,0,1,0
3846,0.769230769230769,0,"Sweater","Clothing",0.4,"California",2,"Green","Winter",0.96,0,"Standard",0,0,0.918367346938776,"Venmo","Annually","Senior",0,1,0,0,0,0,0,1,0,0,0,0,1,0,0,0,0,0,0,1,1,0,0,0,0,0,0
3847,0.75,0,"Blouse","Clothing",0.475,"Pennsylvania",3,"Orange","Summer",0.6,0,"Express",0,0,0.795918367346939,"PayPal","Every 3 Months","Senior",0,1,0,0,0,0,1,0,0,1,0,0,0,0,0,0,0,0,1,0,0,0,1,0,0,0,0
3848,0.807692307692308,0,"Sweater","Clothing",0.175,"Delaware",1,"Blue","Fall",0.28,0,"2-Day Shipping",0,0,0.612244897959184,"PayPal","Fortnightly","Senior",0,1,0,0,1,0,0,0,1,0,0,0,0,0,0,0,0,0,1,0,0,0,0,1,0,0,0
3849,0.0769230769230769,0,"Jewelry","Accessories",0.5,"New Hampshire",2,"Magenta","Winter",0.2,0,"Next Day Air",0,0,0.775510204081633,"Cash","Every 3 Months","Young Adult",1,0,0,0,0,0,0,1,0,0,0,1,0,0,0,1,0,0,0,0,0,0,1,0,0,0,0
3850,0.538461538461538,0,"Hoodie","Clothing",0.6,"Florida",1,"Cyan","Winter",0.04,0,"Express",0,0,0.714285714285714,"PayPal","Fortnightly","Middle Age",0,1,0,0,0,0,0,1,0,1,0,0,0,0,0,0,0,0,1,0,0,0,0,1,0,0,0
3851,0.173076923076923,0,"Jewelry","Accessories",0.675,"Mississippi",3,"Indigo","Summer",0.76,0,"2-Day Shipping",0,0,0.489795918367347,"Debit Card","Every 3 Months","Adult",1,0,0,0,0,0,1,0,1,0,0,0,0,0,0,0,0,1,0,0,0,0,1,0,0,0,0
3852,0.615384615384615,0,"Scarf","Accessories",0.7875,"Montana",2,"Pink","Summer",0.56,0,"Free Shipping",0,0,0.469387755102041,"Debit Card","Annually","Middle Age",1,0,0,0,0,0,1,0,0,0,1,0,0,0,0,0,0,1,0,0,1,0,0,0,0,0,0
3853,0.903846153846154,0,"Hat","Accessories",0.7375,"Mississippi",2,"Peach","Fall",0.6,0,"2-Day Shipping",0,0,0.36734693877551,"PayPal","Weekly","Senior",1,0,0,0,1,0,0,0,1,0,0,0,0,0,0,0,0,0,1,0,0,0,0,0,0,0,1
3854,0.826923076923077,0,"Sunglasses","Accessories",0.7,"Tennessee",2,"Lavender","Fall",0.6,0,"Store Pickup",0,0,0.979591836734694,"Debit Card","Bi-Weekly","Senior",1,0,0,0,1,0,0,0,0,0,0,0,0,1,0,0,0,1,0,0,0,1,0,0,0,0,0
3855,0.75,0,"T-shirt","Clothing",0,"Florida",2,"Black","Spring",0.68,0,"Free Shipping",0,0,0.0612244897959184,"Venmo","Annually","Senior",0,1,0,0,0,1,0,0,0,0,1,0,0,0,0,0,0,0,0,1,1,0,0,0,0,0,0
3856,0.423076923076923,0,"Shirt","Clothing",0.5125,"Illinois",4,"Lavender","Summer",0.76,0,"Next Day Air",0,0,0.714285714285714,"Cash","Quarterly","Middle Age",0,1,0,0,0,0,1,0,0,0,0,1,0,0,0,1,0,0,0,0,0,0,0,0,0,1,0
3857,0.403846153846154,0,"Sandals","Footwear",0.725,"Virginia",1,"Brown","Summer",0,0,"Free Shipping",0,0,0.142857142857143,"Debit Card","Quarterly","Middle Age",0,0,1,0,0,0,1,0,0,0,1,0,0,0,0,0,0,1,0,0,0,0,0,0,0,1,0
3858,0.461538461538462,0,"Hat","Accessories",0.0125,"Texas",1,"Yellow","Summer",0.24,0,"Store Pickup",0,0,0.571428571428571,"Credit Card","Every 3 Months","Middle Age",1,0,0,0,0,0,1,0,0,0,0,0,0,1,0,0,1,0,0,0,0,0,1,0,0,0,0
3859,0.230769230769231,0,"T-shirt","Clothing",0.7125,"Missouri",2,"Olive","Winter",0.4,0,"Store Pickup",0,0,0.510204081632653,"Credit Card","Quarterly","Adult",0,1,0,0,0,0,0,1,0,0,0,0,0,1,0,0,1,0,0,0,0,0,0,0,0,1,0
3860,0.903846153846154,0,"Shorts","Clothing",0.85,"Mississippi",1,"Blue","Fall",0.2,0,"2-Day Shipping",0,0,0.938775510204082,"Bank Transfer","Bi-Weekly","Senior",0,1,0,0,1,0,0,0,1,0,0,0,0,0,1,0,0,0,0,0,0,1,0,0,0,0,0
3861,0.75,0,"Sunglasses","Accessories",0.55,"Pennsylvania",2,"Turquoise","Summer",0.76,0,"Next Day Air",0,0,0.877551020408163,"Cash","Annually","Senior",1,0,0,0,0,0,1,0,0,0,0,1,0,0,0,1,0,0,0,0,1,0,0,0,0,0,0
3862,0.884615384615385,0,"Jacket","Outerwear",0.4625,"Wyoming",2,"Yellow","Spring",0.96,0,"Standard",0,0,0.979591836734694,"Credit Card","Monthly","Senior",0,0,0,1,0,1,0,0,0,0,0,0,1,0,0,0,1,0,0,0,0,0,0,0,1,0,0
3863,0.730769230769231,0,"Shirt","Clothing",0.3625,"Idaho",3,"Turquoise","Winter",0.12,0,"Next Day Air",0,0,0.163265306122449,"Venmo","Monthly","Senior",0,1,0,0,0,0,0,1,0,0,0,1,0,0,0,0,0,0,0,1,0,0,0,0,1,0,0
3864,0.423076923076923,0,"Scarf","Accessories",0.1875,"New Hampshire",2,"Orange","Summer",0.32,0,"Free Shipping",0,0,0.551020408163265,"Cash","Fortnightly","Middle Age",1,0,0,0,0,0,1,0,0,0,1,0,0,0,0,1,0,0,0,0,0,0,0,1,0,0,0
3865,0.711538461538462,0,"T-shirt","Clothing",0.9875,"Wyoming",1,"Blue","Winter",0.96,0,"Express",0,0,0,"Debit Card","Fortnightly","Senior",0,1,0,0,0,0,0,1,0,1,0,0,0,0,0,0,0,1,0,0,0,0,0,1,0,0,0
3866,0.134615384615385,0,"Shorts","Clothing",0.275,"Nebraska",2,"Olive","Spring",0.68,0,"Store Pickup",0,0,0.551020408163265,"Cash","Every 3 Months","Young Adult",0,1,0,0,0,1,0,0,0,0,0,0,0,1,0,1,0,0,0,0,0,0,1,0,0,0,0
3867,0.769230769230769,0,"Hat","Accessories",0.15,"Alaska",2,"Beige","Winter",0.32,0,"2-Day Shipping",0,0,0.653061224489796,"Credit Card","Fortnightly","Senior",1,0,0,0,0,0,0,1,1,0,0,0,0,0,0,0,1,0,0,0,0,0,0,1,0,0,0
3868,0.538461538461538,0,"Jacket","Outerwear",0.0125,"Maryland",3,"Lavender","Summer",0.0800000000000001,0,"Standard",0,0,0.551020408163265,"Credit Card","Monthly","Middle Age",0,0,0,1,0,0,1,0,0,0,0,0,1,0,0,0,1,0,0,0,0,0,0,0,1,0,0
3869,0,0,"Dress","Clothing",0.1125,"Maryland",4,"Magenta","Winter",0.32,0,"2-Day Shipping",0,0,0.163265306122449,"Cash","Annually","Young Adult",0,1,0,0,0,0,0,1,1,0,0,0,0,0,0,1,0,0,0,0,1,0,0,0,0,0,0
3870,0.153846153846154,0,"Coat","Outerwear",0.55,"Arizona",3,"Cyan","Spring",0.52,0,"Free Shipping",0,0,0.551020408163265,"Bank Transfer","Annually","Adult",0,0,0,1,0,1,0,0,0,0,1,0,0,0,1,0,0,0,0,0,1,0,0,0,0,0,0
3871,0.826923076923077,0,"Sandals","Footwear",0.325,"Ohio",3,"Lavender","Fall",0.28,0,"Next Day Air",0,0,0.36734693877551,"Cash","Every 3 Months","Senior",0,0,1,0,1,0,0,0,0,0,0,1,0,0,0,1,0,0,0,0,0,0,1,0,0,0,0
3872,0.711538461538462,0,"T-shirt","Clothing",0.9625,"Minnesota",2,"Black","Fall",0.64,0,"2-Day Shipping",0,0,0.387755102040816,"Bank Transfer","Every 3 Months","Senior",0,1,0,0,1,0,0,0,1,0,0,0,0,0,1,0,0,0,0,0,0,0,1,0,0,0,0
3873,0.442307692307692,0,"Jacket","Outerwear",0.925,"New Hampshire",2,"Green","Spring",0.72,0,"Standard",0,0,0.0408163265306122,"Cash","Monthly","Middle Age",0,0,0,1,0,1,0,0,0,0,0,0,1,0,0,1,0,0,0,0,0,0,0,0,1,0,0
3874,0.461538461538462,0,"Sandals","Footwear",0.2875,"Louisiana",3,"Silver","Summer",0.6,0,"Standard",0,0,0.428571428571429,"Credit Card","Weekly","Middle Age",0,0,1,0,0,0,1,0,0,0,0,0,1,0,0,0,1,0,0,0,0,0,0,0,0,0,1
3875,1,0,"Sweater","Clothing",0.425,"Nevada",4,"Beige","Summer",0.56,0,"2-Day Shipping",0,0,0.653061224489796,"Credit Card","Bi-Weekly","Senior",0,1,0,0,0,0,1,0,1,0,0,0,0,0,0,0,1,0,0,0,0,1,0,0,0,0,0
3876,0.865384615384615,0,"Hat","Accessories",0.3875,"New Hampshire",2,"Pink","Winter",0.32,0,"2-Day Shipping",0,0,0.408163265306122,"Credit Card","Annually","Senior",1,0,0,0,0,0,0,1,1,0,0,0,0,0,0,0,1,0,0,0,1,0,0,0,0,0,0
3877,0.807692307692308,0,"Shoes","Footwear",0.8125,"Wisconsin",1,"Cyan","Fall",0.04,0,"2-Day Shipping",0,0,0.122448979591837,"Cash","Annually","Senior",0,0,1,0,1,0,0,0,1,0,0,0,0,0,0,1,0,0,0,0,1,0,0,0,0,0,0
3878,0.192307692307692,0,"Hoodie","Clothing",0.95,"Nevada",2,"Olive","Spring",0.68,0,"Next Day Air",0,0,0.918367346938776,"Debit Card","Monthly","Adult",0,1,0,0,0,1,0,0,0,0,0,1,0,0,0,0,0,1,0,0,0,0,0,0,1,0,0
3879,0.807692307692308,0,"Hat","Accessories",0.275,"South Carolina",2,"Pink","Summer",0.36,0,"2-Day Shipping",0,0,0.469387755102041,"Credit Card","Annually","Senior",1,0,0,0,0,0,1,0,1,0,0,0,0,0,0,0,1,0,0,0,1,0,0,0,0,0,0
3880,0.153846153846154,0,"Skirt","Clothing",0.5375,"Florida",3,"Maroon","Winter",0.64,0,"Free Shipping",0,0,0.102040816326531,"Debit Card","Quarterly","Adult",0,1,0,0,0,0,0,1,0,0,1,0,0,0,0,0,0,1,0,0,0,0,0,0,0,1,0
3881,0.461538461538462,0,"Shirt","Clothing",0,"Massachusetts",2,"Red","Winter",0.56,0,"Free Shipping",0,0,0.795918367346939,"PayPal","Monthly","Middle Age",0,1,0,0,0,0,0,1,0,0,1,0,0,0,0,0,0,0,1,0,0,0,0,0,1,0,0
3882,0.730769230769231,0,"Scarf","Accessories",0.0625,"Georgia",3,"Silver","Spring",0.12,0,"2-Day Shipping",0,0,0.326530612244898,"Debit Card","Weekly","Senior",1,0,0,0,0,1,0,0,1,0,0,0,0,0,0,0,0,1,0,0,0,0,0,0,0,0,1
3883,0.326923076923077,0,"Pants","Clothing",0.9375,"North Dakota",3,"Blue","Fall",0.04,0,"Free Shipping",0,0,0.469387755102041,"Cash","Fortnightly","Adult",0,1,0,0,1,0,0,0,0,0,1,0,0,0,0,1,0,0,0,0,0,0,0,1,0,0,0
3884,0.307692307692308,0,"Hat","Accessories",0.225,"North Dakota",4,"Purple","Fall",0.6,0,"Next Day Air",0,0,0.428571428571429,"Cash","Fortnightly","Adult",1,0,0,0,1,0,0,0,0,0,0,1,0,0,0,1,0,0,0,0,0,0,0,1,0,0,0
3885,0.557692307692308,0,"Sandals","Footwear",0.1125,"Maryland",2,"Brown","Fall",0.96,0,"Express",0,0,0.0408163265306122,"PayPal","Weekly","Middle Age",0,0,1,0,1,0,0,0,0,1,0,0,0,0,0,0,0,0,1,0,0,0,0,0,0,0,1
3886,0.596153846153846,0,"Socks","Clothing",0.55,"New Mexico",3,"Purple","Winter",0.28,0,"Free Shipping",0,0,0.775510204081633,"Cash","Quarterly","Middle Age",0,1,0,0,0,0,0,1,0,0,1,0,0,0,0,1,0,0,0,0,0,0,0,0,0,1,0
3887,0.365384615384615,0,"Jewelry","Accessories",0.9,"Iowa",1,"Brown","Summer",0.56,0,"Express",0,0,0.795918367346939,"Debit Card","Quarterly","Middle Age",1,0,0,0,0,0,1,0,0,1,0,0,0,0,0,0,0,1,0,0,0,0,0,0,0,1,0
3888,0.423076923076923,0,"Shirt","Clothing",0.175,"Kansas",2,"Charcoal","Spring",0.0800000000000001,0,"Express",0,0,0,"Credit Card","Quarterly","Middle Age",0,1,0,0,0,1,0,0,0,1,0,0,0,0,0,0,1,0,0,0,0,0,0,0,0,1,0
3889,0.519230769230769,0,"Sneakers","Footwear",0.6125,"Virginia",2,"Violet","Spring",0.36,0,"Standard",0,0,0.26530612244898,"Venmo","Bi-Weekly","Middle Age",0,0,1,0,0,1,0,0,0,0,0,0,1,0,0,0,0,0,0,1,0,1,0,0,0,0,0
3890,0.75,0,"Dress","Clothing",0.5625,"Alaska",1,"Yellow","Spring",0.4,0,"Express",0,0,0.979591836734694,"Bank Transfer","Annually","Senior",0,1,0,0,0,1,0,0,0,1,0,0,0,0,1,0,0,0,0,0,1,0,0,0,0,0,0
3891,0.326923076923077,0,"Shirt","Clothing",0.7625,"Nebraska",4,"Green","Winter",0.04,0,"Standard",0,0,0.653061224489796,"Debit Card","Annually","Adult",0,1,0,0,0,0,0,1,0,0,0,0,1,0,0,0,0,1,0,0,1,0,0,0,0,0,0
3892,0.346153846153846,0,"Dress","Clothing",0.125,"Colorado",3,"Peach","Winter",0.88,0,"Free Shipping",0,0,0.102040816326531,"Bank Transfer","Quarterly","Middle Age",0,1,0,0,0,0,0,1,0,0,1,0,0,0,1,0,0,0,0,0,0,0,0,0,0,1,0
3893,0.326923076923077,0,"Jewelry","Accessories",0.825,"Michigan",3,"Indigo","Summer",0.4,0,"Standard",0,0,0.0816326530612245,"PayPal","Fortnightly","Adult",1,0,0,0,0,0,1,0,0,0,0,0,1,0,0,0,0,0,1,0,0,0,0,1,0,0,0
3894,0.0576923076923077,0,"Hat","Accessories",0.55,"Massachusetts",3,"White","Fall",0.32,0,"Store Pickup",0,0,0.571428571428571,"Bank Transfer","Bi-Weekly","Young Adult",1,0,0,0,1,0,0,0,0,0,0,0,0,1,1,0,0,0,0,0,0,1,0,0,0,0,0
3895,0.923076923076923,0,"Skirt","Clothing",0.725,"Connecticut",3,"White","Spring",0.56,0,"2-Day Shipping",0,0,0.877551020408163,"Credit Card","Every 3 Months","Senior",0,1,0,0,0,1,0,0,1,0,0,0,0,0,0,0,1,0,0,0,0,0,1,0,0,0,0
3896,0.423076923076923,0,"Hoodie","Clothing",0.1,"Virginia",3,"Turquoise","Summer",0.68,0,"2-Day Shipping",0,0,0.63265306122449,"Venmo","Weekly","Middle Age",0,1,0,0,0,0,1,0,1,0,0,0,0,0,0,0,0,0,0,1,0,0,0,0,0,0,1
3897,0.653846153846154,0,"Backpack","Accessories",0.3625,"Iowa",3,"White","Spring",0.8,0,"Store Pickup",0,0,0.816326530612245,"Bank Transfer","Bi-Weekly","Senior",1,0,0,0,0,1,0,0,0,0,0,0,0,1,1,0,0,0,0,0,0,1,0,0,0,0,0
3898,0.538461538461538,0,"Belt","Accessories",0.1625,"New Jersey",3,"Green","Spring",0.16,0,"Standard",0,0,0.469387755102041,"Venmo","Quarterly","Middle Age",1,0,0,0,0,1,0,0,0,0,0,0,1,0,0,0,0,0,0,1,0,0,0,0,0,1,0
3899,0.5,0,"Shoes","Footwear",0.7125,"Minnesota",1,"Brown","Summer",0.52,0,"Express",0,0,0.469387755102041,"Venmo","Weekly","Middle Age",0,0,1,0,0,0,1,0,0,1,0,0,0,0,0,0,0,0,0,1,0,0,0,0,0,0,1
3900,0.653846153846154,0,"Handbag","Accessories",0.7625,"California",2,"Beige","Spring",0.24,0,"Store Pickup",0,0,0.653061224489796,"Venmo","Quarterly","Senior",1,0,0,0,0,1,0,0,0,0,0,0,0,1,0,0,0,0,0,1,0,0,0,0,0,1,0
